Fitter report for aes_iterativo
Sat Aug 15 20:55:08 2026
Quartus Prime Version 23.1std.1 Build 993 05/14/2024 SC Lite Edition


---------------------
; Table of Contents ;
---------------------
  1. Legal Notice
  2. Fitter Summary
  3. Fitter Settings
  4. Parallel Compilation
  5. Incremental Compilation Preservation Summary
  6. Incremental Compilation Partition Settings
  7. Fitter Resource Usage Summary
  8. Input Pins
  9. Output Pins
 10. I/O Bank Usage
 11. All Package Pins
 12. I/O Assignment Warnings
 13. Fitter Resource Utilization by Entity
 14. Delay Chain Summary
 15. Pad To Core Delay Chain Fanout
 16. I/O Rules Summary
 17. I/O Rules Details
 18. I/O Rules Matrix
 19. Fitter Device Options
 20. Operating Settings and Conditions
 21. Fitter Messages



----------------
; Legal Notice ;
----------------
Copyright (C) 2024  Intel Corporation. All rights reserved.
Your use of Intel Corporation's design tools, logic functions 
and other software and tools, and any partner logic 
functions, and any output files from any of the foregoing 
(including device programming or simulation files), and any 
associated documentation or information are expressly subject 
to the terms and conditions of the Intel Program License 
Subscription Agreement, the Intel Quartus Prime License Agreement,
the Intel FPGA IP License Agreement, or other applicable license
agreement, including, without limitation, that your use is for
the sole purpose of programming logic devices manufactured by
Intel and sold by Intel or its authorized distributors.  Please
refer to the applicable agreement for further details, at
https://fpgasoftware.intel.com/eula.



+-------------------------------------------------------------------------------------+
; Fitter Summary                                                                      ;
+------------------------------------+------------------------------------------------+
; Fitter Status                      ; Failed - Sat Aug 15 20:55:08 2026              ;
; Quartus Prime Version              ; 23.1std.1 Build 993 05/14/2024 SC Lite Edition ;
; Revision Name                      ; aes_iterativo                                  ;
; Top-level Entity Name              ; aes_iterativo                                  ;
; Family                             ; MAX 10                                         ;
; Device                             ; 10M08DAF484C8G                                 ;
; Timing Models                      ; Final                                          ;
; Total logic elements               ; 1 / 8,064 ( < 1 % )                            ;
;     Total combinational functions  ; 1 / 8,064 ( < 1 % )                            ;
;     Dedicated logic registers      ; 0 / 8,064 ( 0 % )                              ;
; Total registers                    ; 0                                              ;
; Total pins                         ; 388 / 250 ( 155 % )                            ;
; Total virtual pins                 ; 0                                              ;
; Total memory bits                  ; 0 / 387,072 ( 0 % )                            ;
; Embedded Multiplier 9-bit elements ; 0 / 48 ( 0 % )                                 ;
; Total PLLs                         ; 0 / 2 ( 0 % )                                  ;
; UFM blocks                         ; 0 / 1 ( 0 % )                                  ;
; ADC blocks                         ; 0 / 1 ( 0 % )                                  ;
+------------------------------------+------------------------------------------------+


+----------------------------------------------------------------------------------------------------------------------------------------------------+
; Fitter Settings                                                                                                                                    ;
+--------------------------------------------------------------------+---------------------------------------+---------------------------------------+
; Option                                                             ; Setting                               ; Default Value                         ;
+--------------------------------------------------------------------+---------------------------------------+---------------------------------------+
; Device                                                             ; 10M08DAF484C8G                        ;                                       ;
; Minimum Core Junction Temperature                                  ; 0                                     ;                                       ;
; Maximum Core Junction Temperature                                  ; 85                                    ;                                       ;
; Fit Attempts to Skip                                               ; 0                                     ; 0.0                                   ;
; Use smart compilation                                              ; Off                                   ; Off                                   ;
; Enable parallel Assembler and Timing Analyzer during compilation   ; On                                    ; On                                    ;
; Enable compact report table                                        ; Off                                   ; Off                                   ;
; Auto Merge PLLs                                                    ; On                                    ; On                                    ;
; Router Timing Optimization Level                                   ; Normal                                ; Normal                                ;
; Perform Clocking Topology Analysis During Routing                  ; Off                                   ; Off                                   ;
; Placement Effort Multiplier                                        ; 1.0                                   ; 1.0                                   ;
; Router Effort Multiplier                                           ; 1.0                                   ; 1.0                                   ;
; Optimize Hold Timing                                               ; All Paths                             ; All Paths                             ;
; Optimize Multi-Corner Timing                                       ; On                                    ; On                                    ;
; Power Optimization During Fitting                                  ; Normal compilation                    ; Normal compilation                    ;
; SSN Optimization                                                   ; Off                                   ; Off                                   ;
; Optimize Timing                                                    ; Normal compilation                    ; Normal compilation                    ;
; Optimize Timing for ECOs                                           ; Off                                   ; Off                                   ;
; Regenerate Full Fit Report During ECO Compiles                     ; Off                                   ; Off                                   ;
; Optimize IOC Register Placement for Timing                         ; Normal                                ; Normal                                ;
; Final Placement Optimizations                                      ; Automatically                         ; Automatically                         ;
; Fitter Initial Placement Seed                                      ; 1                                     ; 1                                     ;
; Periphery to Core Placement and Routing Optimization               ; Off                                   ; Off                                   ;
; PCI I/O                                                            ; Off                                   ; Off                                   ;
; Weak Pull-Up Resistor                                              ; Off                                   ; Off                                   ;
; Enable Bus-Hold Circuitry                                          ; Off                                   ; Off                                   ;
; Auto Packed Registers                                              ; Auto                                  ; Auto                                  ;
; Auto Delay Chains                                                  ; On                                    ; On                                    ;
; Auto Delay Chains for High Fanout Input Pins                       ; Off                                   ; Off                                   ;
; Allow Single-ended Buffer for Differential-XSTL Input              ; Off                                   ; Off                                   ;
; Treat Bidirectional Pin as Output Pin                              ; Off                                   ; Off                                   ;
; Perform Physical Synthesis for Combinational Logic for Fitting     ; Off                                   ; Off                                   ;
; Perform Physical Synthesis for Combinational Logic for Performance ; Off                                   ; Off                                   ;
; Perform Register Duplication for Performance                       ; Off                                   ; Off                                   ;
; Perform Logic to Memory Mapping for Fitting                        ; Off                                   ; Off                                   ;
; Perform Register Retiming for Performance                          ; Off                                   ; Off                                   ;
; Perform Asynchronous Signal Pipelining                             ; Off                                   ; Off                                   ;
; Fitter Effort                                                      ; Auto Fit                              ; Auto Fit                              ;
; Physical Synthesis Effort Level                                    ; Normal                                ; Normal                                ;
; Logic Cell Insertion - Logic Duplication                           ; Auto                                  ; Auto                                  ;
; Auto Register Duplication                                          ; Auto                                  ; Auto                                  ;
; Auto Global Clock                                                  ; On                                    ; On                                    ;
; Auto Global Register Control Signals                               ; On                                    ; On                                    ;
; Reserve all unused pins                                            ; As input tri-stated with weak pull-up ; As input tri-stated with weak pull-up ;
; Synchronizer Identification                                        ; Auto                                  ; Auto                                  ;
; Enable Beneficial Skew Optimization                                ; On                                    ; On                                    ;
; Optimize Design for Metastability                                  ; On                                    ; On                                    ;
; Force Fitter to Avoid Periphery Placement Warnings                 ; Off                                   ; Off                                   ;
; Enable input tri-state on active configuration pins in user mode   ; Off                                   ; Off                                   ;
+--------------------------------------------------------------------+---------------------------------------+---------------------------------------+


+------------------------------------------+
; Parallel Compilation                     ;
+----------------------------+-------------+
; Processors                 ; Number      ;
+----------------------------+-------------+
; Number detected on machine ; 12          ;
; Maximum allowed            ; 12          ;
;                            ;             ;
; Average used               ; 1.00        ;
; Maximum used               ; 1           ;
;                            ;             ;
; Usage by Processor         ; % Time Used ;
;     Processor 1            ; 100.0%      ;
+----------------------------+-------------+


+------------------------------------------------------------------------------------------------+
; Incremental Compilation Preservation Summary                                                   ;
+---------------------+------------------+----------------------------+--------------------------+
; Type                ; Total [A + B]    ; From Design Partitions [A] ; From Rapid Recompile [B] ;
+---------------------+------------------+----------------------------+--------------------------+
; Placement (by node) ;                  ;                            ;                          ;
;     -- Requested    ; 0.00 % ( 0 / 0 ) ; 0.00 % ( 0 / 0 )           ; 0.00 % ( 0 / 0 )         ;
;     -- Achieved     ; 0.00 % ( 0 / 0 ) ; 0.00 % ( 0 / 0 )           ; 0.00 % ( 0 / 0 )         ;
;                     ;                  ;                            ;                          ;
; Routing (by net)    ;                  ;                            ;                          ;
;     -- Requested    ; 0.00 % ( 0 / 0 ) ; 0.00 % ( 0 / 0 )           ; 0.00 % ( 0 / 0 )         ;
;     -- Achieved     ; 0.00 % ( 0 / 0 ) ; 0.00 % ( 0 / 0 )           ; 0.00 % ( 0 / 0 )         ;
+---------------------+------------------+----------------------------+--------------------------+


+----------------------------------------------------------------------------------------------------------------------------------------------------------------------------------------+
; Incremental Compilation Partition Settings                                                                                                                                             ;
+--------------------------------+----------------+-------------------+-------------------------+------------------------+------------------------------+--------------------------------+
; Partition Name                 ; Partition Type ; Netlist Type Used ; Preservation Level Used ; Netlist Type Requested ; Preservation Level Requested ; Contents                       ;
+--------------------------------+----------------+-------------------+-------------------------+------------------------+------------------------------+--------------------------------+
; Top                            ; User-created   ; Source File       ; N/A                     ; Source File            ; N/A                          ;                                ;
; hard_block:auto_generated_inst ; Auto-generated ; Source File       ; N/A                     ; Source File            ; N/A                          ; hard_block:auto_generated_inst ;
+--------------------------------+----------------+-------------------+-------------------------+------------------------+------------------------------+--------------------------------+


+-------------------------------------------------------------------+
; Fitter Resource Usage Summary                                     ;
+---------------------------------------------+---------------------+
; Resource                                    ; Usage               ;
+---------------------------------------------+---------------------+
; Total logic elements                        ; 1 / 8,064 ( < 1 % ) ;
;     -- Combinational with no register       ; 1                   ;
;     -- Register only                        ; 0                   ;
;     -- Combinational with a register        ; 0                   ;
;                                             ;                     ;
; Logic element usage by number of LUT inputs ;                     ;
;     -- 4 input functions                    ; 0                   ;
;     -- 3 input functions                    ; 0                   ;
;     -- <=2 input functions                  ; 1                   ;
;     -- Register only                        ; 0                   ;
;                                             ;                     ;
; Logic elements by mode                      ;                     ;
;     -- normal mode                          ; 1                   ;
;     -- arithmetic mode                      ; 0                   ;
;                                             ;                     ;
; Total registers*                            ; 0 / 9,287 ( 0 % )   ;
;     -- Dedicated logic registers            ; 0 / 8,064 ( 0 % )   ;
;     -- I/O registers                        ; 0 / 1,223 ( 0 % )   ;
;                                             ;                     ;
; Total LABs                                  ; Not available       ;
; Virtual pins                                ; 0                   ;
; I/O pins                                    ; 388 / 250 ( 155 % ) ;
;     -- Clock pins                           ; 0 / 4 ( 0 % )       ;
;     -- Dedicated input pins                 ; 0 / 1 ( 0 % )       ;
;                                             ;                     ;
; M9Ks                                        ; 0 / 42 ( 0 % )      ;
; UFM blocks                                  ; 0 / 1 ( 0 % )       ;
; ADC blocks                                  ; 0 / 1 ( 0 % )       ;
; Total block memory bits                     ; 0 / 387,072 ( 0 % ) ;
; Total block memory implementation bits      ; 0 / 387,072 ( 0 % ) ;
; Embedded Multiplier 9-bit elements          ; 0 / 48 ( 0 % )      ;
; PLLs                                        ; 0 / 2 ( 0 % )       ;
; Global signals                              ; 0                   ;
;     -- Global clocks                        ; 0 / 10 ( 0 % )      ;
; JTAGs                                       ; 0 / 1 ( 0 % )       ;
; CRC blocks                                  ; 0 / 1 ( 0 % )       ;
; Remote update blocks                        ; 0 / 1 ( 0 % )       ;
; Oscillator blocks                           ; 0 / 1 ( 0 % )       ;
; Maximum fan-out                             ; 3                   ;
; Highest non-global fan-out                  ; 3                   ;
; Total fan-out                               ; 397                 ;
; Average fan-out                             ; 0.50                ;
+---------------------------------------------+---------------------+
*  Register count does not include registers inside RAM blocks or DSP blocks.



+---------------------------------------------------------------------------------------------------------------------------------------------------------------------------------------------------------------------------------------------------------+
; Input Pins                                                                                                                                                                                                                                              ;
+----------------+------------+----------+-----------------------+--------------------+--------+----------------+---------------+-----------------+----------+--------------+--------------+---------------------------+----------------------+-----------+
; Name           ; Pin #      ; I/O Bank ; Combinational Fan-Out ; Registered Fan-Out ; Global ; Input Register ; Power Up High ; PCI I/O Enabled ; Bus Hold ; Weak Pull Up ; I/O Standard ; Termination Control Block ; Location assigned by ; Slew Rate ;
+----------------+------------+----------+-----------------------+--------------------+--------+----------------+---------------+-----------------+----------+--------------+--------------+---------------------------+----------------------+-----------+
; clk            ; Unassigned ; --       ; 0                     ; 0                  ; no     ; no             ; no            ; yes             ; no       ; Off          ; 2.5 V        ; --                        ; Fitter               ; 0         ;
; key[0]         ; Unassigned ; --       ; 0                     ; 0                  ; no     ; no             ; no            ; yes             ; no       ; Off          ; 2.5 V        ; --                        ; Fitter               ; 0         ;
; key[100]       ; Unassigned ; --       ; 0                     ; 0                  ; no     ; no             ; no            ; yes             ; no       ; Off          ; 2.5 V        ; --                        ; Fitter               ; 0         ;
; key[101]       ; Unassigned ; --       ; 0                     ; 0                  ; no     ; no             ; no            ; yes             ; no       ; Off          ; 2.5 V        ; --                        ; Fitter               ; 0         ;
; key[102]       ; Unassigned ; --       ; 0                     ; 0                  ; no     ; no             ; no            ; yes             ; no       ; Off          ; 2.5 V        ; --                        ; Fitter               ; 0         ;
; key[103]       ; Unassigned ; --       ; 0                     ; 0                  ; no     ; no             ; no            ; yes             ; no       ; Off          ; 2.5 V        ; --                        ; Fitter               ; 0         ;
; key[104]       ; Unassigned ; --       ; 0                     ; 0                  ; no     ; no             ; no            ; yes             ; no       ; Off          ; 2.5 V        ; --                        ; Fitter               ; 0         ;
; key[105]       ; Unassigned ; --       ; 0                     ; 0                  ; no     ; no             ; no            ; yes             ; no       ; Off          ; 2.5 V        ; --                        ; Fitter               ; 0         ;
; key[106]       ; Unassigned ; --       ; 0                     ; 0                  ; no     ; no             ; no            ; yes             ; no       ; Off          ; 2.5 V        ; --                        ; Fitter               ; 0         ;
; key[107]       ; Unassigned ; --       ; 0                     ; 0                  ; no     ; no             ; no            ; yes             ; no       ; Off          ; 2.5 V        ; --                        ; Fitter               ; 0         ;
; key[108]       ; Unassigned ; --       ; 0                     ; 0                  ; no     ; no             ; no            ; yes             ; no       ; Off          ; 2.5 V        ; --                        ; Fitter               ; 0         ;
; key[109]       ; Unassigned ; --       ; 0                     ; 0                  ; no     ; no             ; no            ; yes             ; no       ; Off          ; 2.5 V        ; --                        ; Fitter               ; 0         ;
; key[10]        ; Unassigned ; --       ; 0                     ; 0                  ; no     ; no             ; no            ; yes             ; no       ; Off          ; 2.5 V        ; --                        ; Fitter               ; 0         ;
; key[110]       ; Unassigned ; --       ; 0                     ; 0                  ; no     ; no             ; no            ; yes             ; no       ; Off          ; 2.5 V        ; --                        ; Fitter               ; 0         ;
; key[111]       ; Unassigned ; --       ; 0                     ; 0                  ; no     ; no             ; no            ; yes             ; no       ; Off          ; 2.5 V        ; --                        ; Fitter               ; 0         ;
; key[112]       ; Unassigned ; --       ; 0                     ; 0                  ; no     ; no             ; no            ; yes             ; no       ; Off          ; 2.5 V        ; --                        ; Fitter               ; 0         ;
; key[113]       ; Unassigned ; --       ; 0                     ; 0                  ; no     ; no             ; no            ; yes             ; no       ; Off          ; 2.5 V        ; --                        ; Fitter               ; 0         ;
; key[114]       ; Unassigned ; --       ; 0                     ; 0                  ; no     ; no             ; no            ; yes             ; no       ; Off          ; 2.5 V        ; --                        ; Fitter               ; 0         ;
; key[115]       ; Unassigned ; --       ; 0                     ; 0                  ; no     ; no             ; no            ; yes             ; no       ; Off          ; 2.5 V        ; --                        ; Fitter               ; 0         ;
; key[116]       ; Unassigned ; --       ; 0                     ; 0                  ; no     ; no             ; no            ; yes             ; no       ; Off          ; 2.5 V        ; --                        ; Fitter               ; 0         ;
; key[117]       ; Unassigned ; --       ; 0                     ; 0                  ; no     ; no             ; no            ; yes             ; no       ; Off          ; 2.5 V        ; --                        ; Fitter               ; 0         ;
; key[118]       ; Unassigned ; --       ; 0                     ; 0                  ; no     ; no             ; no            ; yes             ; no       ; Off          ; 2.5 V        ; --                        ; Fitter               ; 0         ;
; key[119]       ; Unassigned ; --       ; 0                     ; 0                  ; no     ; no             ; no            ; yes             ; no       ; Off          ; 2.5 V        ; --                        ; Fitter               ; 0         ;
; key[11]        ; Unassigned ; --       ; 0                     ; 0                  ; no     ; no             ; no            ; yes             ; no       ; Off          ; 2.5 V        ; --                        ; Fitter               ; 0         ;
; key[120]       ; Unassigned ; --       ; 0                     ; 0                  ; no     ; no             ; no            ; yes             ; no       ; Off          ; 2.5 V        ; --                        ; Fitter               ; 0         ;
; key[121]       ; Unassigned ; --       ; 0                     ; 0                  ; no     ; no             ; no            ; yes             ; no       ; Off          ; 2.5 V        ; --                        ; Fitter               ; 0         ;
; key[122]       ; Unassigned ; --       ; 0                     ; 0                  ; no     ; no             ; no            ; yes             ; no       ; Off          ; 2.5 V        ; --                        ; Fitter               ; 0         ;
; key[123]       ; Unassigned ; --       ; 0                     ; 0                  ; no     ; no             ; no            ; yes             ; no       ; Off          ; 2.5 V        ; --                        ; Fitter               ; 0         ;
; key[124]       ; Unassigned ; --       ; 0                     ; 0                  ; no     ; no             ; no            ; yes             ; no       ; Off          ; 2.5 V        ; --                        ; Fitter               ; 0         ;
; key[125]       ; Unassigned ; --       ; 0                     ; 0                  ; no     ; no             ; no            ; yes             ; no       ; Off          ; 2.5 V        ; --                        ; Fitter               ; 0         ;
; key[126]       ; Unassigned ; --       ; 0                     ; 0                  ; no     ; no             ; no            ; yes             ; no       ; Off          ; 2.5 V        ; --                        ; Fitter               ; 0         ;
; key[127]       ; Unassigned ; --       ; 0                     ; 0                  ; no     ; no             ; no            ; yes             ; no       ; Off          ; 2.5 V        ; --                        ; Fitter               ; 0         ;
; key[12]        ; Unassigned ; --       ; 0                     ; 0                  ; no     ; no             ; no            ; yes             ; no       ; Off          ; 2.5 V        ; --                        ; Fitter               ; 0         ;
; key[13]        ; Unassigned ; --       ; 0                     ; 0                  ; no     ; no             ; no            ; yes             ; no       ; Off          ; 2.5 V        ; --                        ; Fitter               ; 0         ;
; key[14]        ; Unassigned ; --       ; 0                     ; 0                  ; no     ; no             ; no            ; yes             ; no       ; Off          ; 2.5 V        ; --                        ; Fitter               ; 0         ;
; key[15]        ; Unassigned ; --       ; 0                     ; 0                  ; no     ; no             ; no            ; yes             ; no       ; Off          ; 2.5 V        ; --                        ; Fitter               ; 0         ;
; key[16]        ; Unassigned ; --       ; 0                     ; 0                  ; no     ; no             ; no            ; yes             ; no       ; Off          ; 2.5 V        ; --                        ; Fitter               ; 0         ;
; key[17]        ; Unassigned ; --       ; 0                     ; 0                  ; no     ; no             ; no            ; yes             ; no       ; Off          ; 2.5 V        ; --                        ; Fitter               ; 0         ;
; key[18]        ; Unassigned ; --       ; 0                     ; 0                  ; no     ; no             ; no            ; yes             ; no       ; Off          ; 2.5 V        ; --                        ; Fitter               ; 0         ;
; key[19]        ; Unassigned ; --       ; 0                     ; 0                  ; no     ; no             ; no            ; yes             ; no       ; Off          ; 2.5 V        ; --                        ; Fitter               ; 0         ;
; key[1]         ; Unassigned ; --       ; 0                     ; 0                  ; no     ; no             ; no            ; yes             ; no       ; Off          ; 2.5 V        ; --                        ; Fitter               ; 0         ;
; key[20]        ; Unassigned ; --       ; 0                     ; 0                  ; no     ; no             ; no            ; yes             ; no       ; Off          ; 2.5 V        ; --                        ; Fitter               ; 0         ;
; key[21]        ; Unassigned ; --       ; 0                     ; 0                  ; no     ; no             ; no            ; yes             ; no       ; Off          ; 2.5 V        ; --                        ; Fitter               ; 0         ;
; key[22]        ; Unassigned ; --       ; 0                     ; 0                  ; no     ; no             ; no            ; yes             ; no       ; Off          ; 2.5 V        ; --                        ; Fitter               ; 0         ;
; key[23]        ; Unassigned ; --       ; 0                     ; 0                  ; no     ; no             ; no            ; yes             ; no       ; Off          ; 2.5 V        ; --                        ; Fitter               ; 0         ;
; key[24]        ; Unassigned ; --       ; 0                     ; 0                  ; no     ; no             ; no            ; yes             ; no       ; Off          ; 2.5 V        ; --                        ; Fitter               ; 0         ;
; key[25]        ; Unassigned ; --       ; 0                     ; 0                  ; no     ; no             ; no            ; yes             ; no       ; Off          ; 2.5 V        ; --                        ; Fitter               ; 0         ;
; key[26]        ; Unassigned ; --       ; 0                     ; 0                  ; no     ; no             ; no            ; yes             ; no       ; Off          ; 2.5 V        ; --                        ; Fitter               ; 0         ;
; key[27]        ; Unassigned ; --       ; 0                     ; 0                  ; no     ; no             ; no            ; yes             ; no       ; Off          ; 2.5 V        ; --                        ; Fitter               ; 0         ;
; key[28]        ; Unassigned ; --       ; 0                     ; 0                  ; no     ; no             ; no            ; yes             ; no       ; Off          ; 2.5 V        ; --                        ; Fitter               ; 0         ;
; key[29]        ; Unassigned ; --       ; 0                     ; 0                  ; no     ; no             ; no            ; yes             ; no       ; Off          ; 2.5 V        ; --                        ; Fitter               ; 0         ;
; key[2]         ; Unassigned ; --       ; 0                     ; 0                  ; no     ; no             ; no            ; yes             ; no       ; Off          ; 2.5 V        ; --                        ; Fitter               ; 0         ;
; key[30]        ; Unassigned ; --       ; 0                     ; 0                  ; no     ; no             ; no            ; yes             ; no       ; Off          ; 2.5 V        ; --                        ; Fitter               ; 0         ;
; key[31]        ; Unassigned ; --       ; 0                     ; 0                  ; no     ; no             ; no            ; yes             ; no       ; Off          ; 2.5 V        ; --                        ; Fitter               ; 0         ;
; key[32]        ; Unassigned ; --       ; 0                     ; 0                  ; no     ; no             ; no            ; yes             ; no       ; Off          ; 2.5 V        ; --                        ; Fitter               ; 0         ;
; key[33]        ; Unassigned ; --       ; 0                     ; 0                  ; no     ; no             ; no            ; yes             ; no       ; Off          ; 2.5 V        ; --                        ; Fitter               ; 0         ;
; key[34]        ; Unassigned ; --       ; 0                     ; 0                  ; no     ; no             ; no            ; yes             ; no       ; Off          ; 2.5 V        ; --                        ; Fitter               ; 0         ;
; key[35]        ; Unassigned ; --       ; 0                     ; 0                  ; no     ; no             ; no            ; yes             ; no       ; Off          ; 2.5 V        ; --                        ; Fitter               ; 0         ;
; key[36]        ; Unassigned ; --       ; 0                     ; 0                  ; no     ; no             ; no            ; yes             ; no       ; Off          ; 2.5 V        ; --                        ; Fitter               ; 0         ;
; key[37]        ; Unassigned ; --       ; 0                     ; 0                  ; no     ; no             ; no            ; yes             ; no       ; Off          ; 2.5 V        ; --                        ; Fitter               ; 0         ;
; key[38]        ; Unassigned ; --       ; 0                     ; 0                  ; no     ; no             ; no            ; yes             ; no       ; Off          ; 2.5 V        ; --                        ; Fitter               ; 0         ;
; key[39]        ; Unassigned ; --       ; 0                     ; 0                  ; no     ; no             ; no            ; yes             ; no       ; Off          ; 2.5 V        ; --                        ; Fitter               ; 0         ;
; key[3]         ; Unassigned ; --       ; 0                     ; 0                  ; no     ; no             ; no            ; yes             ; no       ; Off          ; 2.5 V        ; --                        ; Fitter               ; 0         ;
; key[40]        ; Unassigned ; --       ; 0                     ; 0                  ; no     ; no             ; no            ; yes             ; no       ; Off          ; 2.5 V        ; --                        ; Fitter               ; 0         ;
; key[41]        ; Unassigned ; --       ; 0                     ; 0                  ; no     ; no             ; no            ; yes             ; no       ; Off          ; 2.5 V        ; --                        ; Fitter               ; 0         ;
; key[42]        ; Unassigned ; --       ; 0                     ; 0                  ; no     ; no             ; no            ; yes             ; no       ; Off          ; 2.5 V        ; --                        ; Fitter               ; 0         ;
; key[43]        ; Unassigned ; --       ; 0                     ; 0                  ; no     ; no             ; no            ; yes             ; no       ; Off          ; 2.5 V        ; --                        ; Fitter               ; 0         ;
; key[44]        ; Unassigned ; --       ; 0                     ; 0                  ; no     ; no             ; no            ; yes             ; no       ; Off          ; 2.5 V        ; --                        ; Fitter               ; 0         ;
; key[45]        ; Unassigned ; --       ; 0                     ; 0                  ; no     ; no             ; no            ; yes             ; no       ; Off          ; 2.5 V        ; --                        ; Fitter               ; 0         ;
; key[46]        ; Unassigned ; --       ; 0                     ; 0                  ; no     ; no             ; no            ; yes             ; no       ; Off          ; 2.5 V        ; --                        ; Fitter               ; 0         ;
; key[47]        ; Unassigned ; --       ; 0                     ; 0                  ; no     ; no             ; no            ; yes             ; no       ; Off          ; 2.5 V        ; --                        ; Fitter               ; 0         ;
; key[48]        ; Unassigned ; --       ; 0                     ; 0                  ; no     ; no             ; no            ; yes             ; no       ; Off          ; 2.5 V        ; --                        ; Fitter               ; 0         ;
; key[49]        ; Unassigned ; --       ; 0                     ; 0                  ; no     ; no             ; no            ; yes             ; no       ; Off          ; 2.5 V        ; --                        ; Fitter               ; 0         ;
; key[4]         ; Unassigned ; --       ; 0                     ; 0                  ; no     ; no             ; no            ; yes             ; no       ; Off          ; 2.5 V        ; --                        ; Fitter               ; 0         ;
; key[50]        ; Unassigned ; --       ; 0                     ; 0                  ; no     ; no             ; no            ; yes             ; no       ; Off          ; 2.5 V        ; --                        ; Fitter               ; 0         ;
; key[51]        ; Unassigned ; --       ; 0                     ; 0                  ; no     ; no             ; no            ; yes             ; no       ; Off          ; 2.5 V        ; --                        ; Fitter               ; 0         ;
; key[52]        ; Unassigned ; --       ; 0                     ; 0                  ; no     ; no             ; no            ; yes             ; no       ; Off          ; 2.5 V        ; --                        ; Fitter               ; 0         ;
; key[53]        ; Unassigned ; --       ; 0                     ; 0                  ; no     ; no             ; no            ; yes             ; no       ; Off          ; 2.5 V        ; --                        ; Fitter               ; 0         ;
; key[54]        ; Unassigned ; --       ; 0                     ; 0                  ; no     ; no             ; no            ; yes             ; no       ; Off          ; 2.5 V        ; --                        ; Fitter               ; 0         ;
; key[55]        ; Unassigned ; --       ; 0                     ; 0                  ; no     ; no             ; no            ; yes             ; no       ; Off          ; 2.5 V        ; --                        ; Fitter               ; 0         ;
; key[56]        ; Unassigned ; --       ; 0                     ; 0                  ; no     ; no             ; no            ; yes             ; no       ; Off          ; 2.5 V        ; --                        ; Fitter               ; 0         ;
; key[57]        ; Unassigned ; --       ; 0                     ; 0                  ; no     ; no             ; no            ; yes             ; no       ; Off          ; 2.5 V        ; --                        ; Fitter               ; 0         ;
; key[58]        ; Unassigned ; --       ; 0                     ; 0                  ; no     ; no             ; no            ; yes             ; no       ; Off          ; 2.5 V        ; --                        ; Fitter               ; 0         ;
; key[59]        ; Unassigned ; --       ; 0                     ; 0                  ; no     ; no             ; no            ; yes             ; no       ; Off          ; 2.5 V        ; --                        ; Fitter               ; 0         ;
; key[5]         ; Unassigned ; --       ; 0                     ; 0                  ; no     ; no             ; no            ; yes             ; no       ; Off          ; 2.5 V        ; --                        ; Fitter               ; 0         ;
; key[60]        ; Unassigned ; --       ; 0                     ; 0                  ; no     ; no             ; no            ; yes             ; no       ; Off          ; 2.5 V        ; --                        ; Fitter               ; 0         ;
; key[61]        ; Unassigned ; --       ; 0                     ; 0                  ; no     ; no             ; no            ; yes             ; no       ; Off          ; 2.5 V        ; --                        ; Fitter               ; 0         ;
; key[62]        ; Unassigned ; --       ; 0                     ; 0                  ; no     ; no             ; no            ; yes             ; no       ; Off          ; 2.5 V        ; --                        ; Fitter               ; 0         ;
; key[63]        ; Unassigned ; --       ; 0                     ; 0                  ; no     ; no             ; no            ; yes             ; no       ; Off          ; 2.5 V        ; --                        ; Fitter               ; 0         ;
; key[64]        ; Unassigned ; --       ; 0                     ; 0                  ; no     ; no             ; no            ; yes             ; no       ; Off          ; 2.5 V        ; --                        ; Fitter               ; 0         ;
; key[65]        ; Unassigned ; --       ; 0                     ; 0                  ; no     ; no             ; no            ; yes             ; no       ; Off          ; 2.5 V        ; --                        ; Fitter               ; 0         ;
; key[66]        ; Unassigned ; --       ; 0                     ; 0                  ; no     ; no             ; no            ; yes             ; no       ; Off          ; 2.5 V        ; --                        ; Fitter               ; 0         ;
; key[67]        ; Unassigned ; --       ; 0                     ; 0                  ; no     ; no             ; no            ; yes             ; no       ; Off          ; 2.5 V        ; --                        ; Fitter               ; 0         ;
; key[68]        ; Unassigned ; --       ; 0                     ; 0                  ; no     ; no             ; no            ; yes             ; no       ; Off          ; 2.5 V        ; --                        ; Fitter               ; 0         ;
; key[69]        ; Unassigned ; --       ; 0                     ; 0                  ; no     ; no             ; no            ; yes             ; no       ; Off          ; 2.5 V        ; --                        ; Fitter               ; 0         ;
; key[6]         ; Unassigned ; --       ; 0                     ; 0                  ; no     ; no             ; no            ; yes             ; no       ; Off          ; 2.5 V        ; --                        ; Fitter               ; 0         ;
; key[70]        ; Unassigned ; --       ; 0                     ; 0                  ; no     ; no             ; no            ; yes             ; no       ; Off          ; 2.5 V        ; --                        ; Fitter               ; 0         ;
; key[71]        ; Unassigned ; --       ; 0                     ; 0                  ; no     ; no             ; no            ; yes             ; no       ; Off          ; 2.5 V        ; --                        ; Fitter               ; 0         ;
; key[72]        ; Unassigned ; --       ; 0                     ; 0                  ; no     ; no             ; no            ; yes             ; no       ; Off          ; 2.5 V        ; --                        ; Fitter               ; 0         ;
; key[73]        ; Unassigned ; --       ; 0                     ; 0                  ; no     ; no             ; no            ; yes             ; no       ; Off          ; 2.5 V        ; --                        ; Fitter               ; 0         ;
; key[74]        ; Unassigned ; --       ; 0                     ; 0                  ; no     ; no             ; no            ; yes             ; no       ; Off          ; 2.5 V        ; --                        ; Fitter               ; 0         ;
; key[75]        ; Unassigned ; --       ; 0                     ; 0                  ; no     ; no             ; no            ; yes             ; no       ; Off          ; 2.5 V        ; --                        ; Fitter               ; 0         ;
; key[76]        ; Unassigned ; --       ; 0                     ; 0                  ; no     ; no             ; no            ; yes             ; no       ; Off          ; 2.5 V        ; --                        ; Fitter               ; 0         ;
; key[77]        ; Unassigned ; --       ; 0                     ; 0                  ; no     ; no             ; no            ; yes             ; no       ; Off          ; 2.5 V        ; --                        ; Fitter               ; 0         ;
; key[78]        ; Unassigned ; --       ; 0                     ; 0                  ; no     ; no             ; no            ; yes             ; no       ; Off          ; 2.5 V        ; --                        ; Fitter               ; 0         ;
; key[79]        ; Unassigned ; --       ; 0                     ; 0                  ; no     ; no             ; no            ; yes             ; no       ; Off          ; 2.5 V        ; --                        ; Fitter               ; 0         ;
; key[7]         ; Unassigned ; --       ; 0                     ; 0                  ; no     ; no             ; no            ; yes             ; no       ; Off          ; 2.5 V        ; --                        ; Fitter               ; 0         ;
; key[80]        ; Unassigned ; --       ; 0                     ; 0                  ; no     ; no             ; no            ; yes             ; no       ; Off          ; 2.5 V        ; --                        ; Fitter               ; 0         ;
; key[81]        ; Unassigned ; --       ; 0                     ; 0                  ; no     ; no             ; no            ; yes             ; no       ; Off          ; 2.5 V        ; --                        ; Fitter               ; 0         ;
; key[82]        ; Unassigned ; --       ; 0                     ; 0                  ; no     ; no             ; no            ; yes             ; no       ; Off          ; 2.5 V        ; --                        ; Fitter               ; 0         ;
; key[83]        ; Unassigned ; --       ; 0                     ; 0                  ; no     ; no             ; no            ; yes             ; no       ; Off          ; 2.5 V        ; --                        ; Fitter               ; 0         ;
; key[84]        ; Unassigned ; --       ; 0                     ; 0                  ; no     ; no             ; no            ; yes             ; no       ; Off          ; 2.5 V        ; --                        ; Fitter               ; 0         ;
; key[85]        ; Unassigned ; --       ; 0                     ; 0                  ; no     ; no             ; no            ; yes             ; no       ; Off          ; 2.5 V        ; --                        ; Fitter               ; 0         ;
; key[86]        ; Unassigned ; --       ; 0                     ; 0                  ; no     ; no             ; no            ; yes             ; no       ; Off          ; 2.5 V        ; --                        ; Fitter               ; 0         ;
; key[87]        ; Unassigned ; --       ; 0                     ; 0                  ; no     ; no             ; no            ; yes             ; no       ; Off          ; 2.5 V        ; --                        ; Fitter               ; 0         ;
; key[88]        ; Unassigned ; --       ; 0                     ; 0                  ; no     ; no             ; no            ; yes             ; no       ; Off          ; 2.5 V        ; --                        ; Fitter               ; 0         ;
; key[89]        ; Unassigned ; --       ; 0                     ; 0                  ; no     ; no             ; no            ; yes             ; no       ; Off          ; 2.5 V        ; --                        ; Fitter               ; 0         ;
; key[8]         ; Unassigned ; --       ; 0                     ; 0                  ; no     ; no             ; no            ; yes             ; no       ; Off          ; 2.5 V        ; --                        ; Fitter               ; 0         ;
; key[90]        ; Unassigned ; --       ; 0                     ; 0                  ; no     ; no             ; no            ; yes             ; no       ; Off          ; 2.5 V        ; --                        ; Fitter               ; 0         ;
; key[91]        ; Unassigned ; --       ; 0                     ; 0                  ; no     ; no             ; no            ; yes             ; no       ; Off          ; 2.5 V        ; --                        ; Fitter               ; 0         ;
; key[92]        ; Unassigned ; --       ; 0                     ; 0                  ; no     ; no             ; no            ; yes             ; no       ; Off          ; 2.5 V        ; --                        ; Fitter               ; 0         ;
; key[93]        ; Unassigned ; --       ; 0                     ; 0                  ; no     ; no             ; no            ; yes             ; no       ; Off          ; 2.5 V        ; --                        ; Fitter               ; 0         ;
; key[94]        ; Unassigned ; --       ; 0                     ; 0                  ; no     ; no             ; no            ; yes             ; no       ; Off          ; 2.5 V        ; --                        ; Fitter               ; 0         ;
; key[95]        ; Unassigned ; --       ; 0                     ; 0                  ; no     ; no             ; no            ; yes             ; no       ; Off          ; 2.5 V        ; --                        ; Fitter               ; 0         ;
; key[96]        ; Unassigned ; --       ; 0                     ; 0                  ; no     ; no             ; no            ; yes             ; no       ; Off          ; 2.5 V        ; --                        ; Fitter               ; 0         ;
; key[97]        ; Unassigned ; --       ; 0                     ; 0                  ; no     ; no             ; no            ; yes             ; no       ; Off          ; 2.5 V        ; --                        ; Fitter               ; 0         ;
; key[98]        ; Unassigned ; --       ; 0                     ; 0                  ; no     ; no             ; no            ; yes             ; no       ; Off          ; 2.5 V        ; --                        ; Fitter               ; 0         ;
; key[99]        ; Unassigned ; --       ; 0                     ; 0                  ; no     ; no             ; no            ; yes             ; no       ; Off          ; 2.5 V        ; --                        ; Fitter               ; 0         ;
; key[9]         ; Unassigned ; --       ; 0                     ; 0                  ; no     ; no             ; no            ; yes             ; no       ; Off          ; 2.5 V        ; --                        ; Fitter               ; 0         ;
; plaintext[0]   ; Unassigned ; --       ; 0                     ; 0                  ; no     ; no             ; no            ; yes             ; no       ; Off          ; 2.5 V        ; --                        ; Fitter               ; 0         ;
; plaintext[100] ; Unassigned ; --       ; 0                     ; 0                  ; no     ; no             ; no            ; yes             ; no       ; Off          ; 2.5 V        ; --                        ; Fitter               ; 0         ;
; plaintext[101] ; Unassigned ; --       ; 0                     ; 0                  ; no     ; no             ; no            ; yes             ; no       ; Off          ; 2.5 V        ; --                        ; Fitter               ; 0         ;
; plaintext[102] ; Unassigned ; --       ; 0                     ; 0                  ; no     ; no             ; no            ; yes             ; no       ; Off          ; 2.5 V        ; --                        ; Fitter               ; 0         ;
; plaintext[103] ; Unassigned ; --       ; 0                     ; 0                  ; no     ; no             ; no            ; yes             ; no       ; Off          ; 2.5 V        ; --                        ; Fitter               ; 0         ;
; plaintext[104] ; Unassigned ; --       ; 0                     ; 0                  ; no     ; no             ; no            ; yes             ; no       ; Off          ; 2.5 V        ; --                        ; Fitter               ; 0         ;
; plaintext[105] ; Unassigned ; --       ; 0                     ; 0                  ; no     ; no             ; no            ; yes             ; no       ; Off          ; 2.5 V        ; --                        ; Fitter               ; 0         ;
; plaintext[106] ; Unassigned ; --       ; 0                     ; 0                  ; no     ; no             ; no            ; yes             ; no       ; Off          ; 2.5 V        ; --                        ; Fitter               ; 0         ;
; plaintext[107] ; Unassigned ; --       ; 0                     ; 0                  ; no     ; no             ; no            ; yes             ; no       ; Off          ; 2.5 V        ; --                        ; Fitter               ; 0         ;
; plaintext[108] ; Unassigned ; --       ; 0                     ; 0                  ; no     ; no             ; no            ; yes             ; no       ; Off          ; 2.5 V        ; --                        ; Fitter               ; 0         ;
; plaintext[109] ; Unassigned ; --       ; 0                     ; 0                  ; no     ; no             ; no            ; yes             ; no       ; Off          ; 2.5 V        ; --                        ; Fitter               ; 0         ;
; plaintext[10]  ; Unassigned ; --       ; 0                     ; 0                  ; no     ; no             ; no            ; yes             ; no       ; Off          ; 2.5 V        ; --                        ; Fitter               ; 0         ;
; plaintext[110] ; Unassigned ; --       ; 0                     ; 0                  ; no     ; no             ; no            ; yes             ; no       ; Off          ; 2.5 V        ; --                        ; Fitter               ; 0         ;
; plaintext[111] ; Unassigned ; --       ; 0                     ; 0                  ; no     ; no             ; no            ; yes             ; no       ; Off          ; 2.5 V        ; --                        ; Fitter               ; 0         ;
; plaintext[112] ; Unassigned ; --       ; 0                     ; 0                  ; no     ; no             ; no            ; yes             ; no       ; Off          ; 2.5 V        ; --                        ; Fitter               ; 0         ;
; plaintext[113] ; Unassigned ; --       ; 0                     ; 0                  ; no     ; no             ; no            ; yes             ; no       ; Off          ; 2.5 V        ; --                        ; Fitter               ; 0         ;
; plaintext[114] ; Unassigned ; --       ; 0                     ; 0                  ; no     ; no             ; no            ; yes             ; no       ; Off          ; 2.5 V        ; --                        ; Fitter               ; 0         ;
; plaintext[115] ; Unassigned ; --       ; 0                     ; 0                  ; no     ; no             ; no            ; yes             ; no       ; Off          ; 2.5 V        ; --                        ; Fitter               ; 0         ;
; plaintext[116] ; Unassigned ; --       ; 0                     ; 0                  ; no     ; no             ; no            ; yes             ; no       ; Off          ; 2.5 V        ; --                        ; Fitter               ; 0         ;
; plaintext[117] ; Unassigned ; --       ; 0                     ; 0                  ; no     ; no             ; no            ; yes             ; no       ; Off          ; 2.5 V        ; --                        ; Fitter               ; 0         ;
; plaintext[118] ; Unassigned ; --       ; 0                     ; 0                  ; no     ; no             ; no            ; yes             ; no       ; Off          ; 2.5 V        ; --                        ; Fitter               ; 0         ;
; plaintext[119] ; Unassigned ; --       ; 0                     ; 0                  ; no     ; no             ; no            ; yes             ; no       ; Off          ; 2.5 V        ; --                        ; Fitter               ; 0         ;
; plaintext[11]  ; Unassigned ; --       ; 0                     ; 0                  ; no     ; no             ; no            ; yes             ; no       ; Off          ; 2.5 V        ; --                        ; Fitter               ; 0         ;
; plaintext[120] ; Unassigned ; --       ; 0                     ; 0                  ; no     ; no             ; no            ; yes             ; no       ; Off          ; 2.5 V        ; --                        ; Fitter               ; 0         ;
; plaintext[121] ; Unassigned ; --       ; 0                     ; 0                  ; no     ; no             ; no            ; yes             ; no       ; Off          ; 2.5 V        ; --                        ; Fitter               ; 0         ;
; plaintext[122] ; Unassigned ; --       ; 0                     ; 0                  ; no     ; no             ; no            ; yes             ; no       ; Off          ; 2.5 V        ; --                        ; Fitter               ; 0         ;
; plaintext[123] ; Unassigned ; --       ; 0                     ; 0                  ; no     ; no             ; no            ; yes             ; no       ; Off          ; 2.5 V        ; --                        ; Fitter               ; 0         ;
; plaintext[124] ; Unassigned ; --       ; 0                     ; 0                  ; no     ; no             ; no            ; yes             ; no       ; Off          ; 2.5 V        ; --                        ; Fitter               ; 0         ;
; plaintext[125] ; Unassigned ; --       ; 0                     ; 0                  ; no     ; no             ; no            ; yes             ; no       ; Off          ; 2.5 V        ; --                        ; Fitter               ; 0         ;
; plaintext[126] ; Unassigned ; --       ; 0                     ; 0                  ; no     ; no             ; no            ; yes             ; no       ; Off          ; 2.5 V        ; --                        ; Fitter               ; 0         ;
; plaintext[127] ; Unassigned ; --       ; 0                     ; 0                  ; no     ; no             ; no            ; yes             ; no       ; Off          ; 2.5 V        ; --                        ; Fitter               ; 0         ;
; plaintext[12]  ; Unassigned ; --       ; 0                     ; 0                  ; no     ; no             ; no            ; yes             ; no       ; Off          ; 2.5 V        ; --                        ; Fitter               ; 0         ;
; plaintext[13]  ; Unassigned ; --       ; 0                     ; 0                  ; no     ; no             ; no            ; yes             ; no       ; Off          ; 2.5 V        ; --                        ; Fitter               ; 0         ;
; plaintext[14]  ; Unassigned ; --       ; 0                     ; 0                  ; no     ; no             ; no            ; yes             ; no       ; Off          ; 2.5 V        ; --                        ; Fitter               ; 0         ;
; plaintext[15]  ; Unassigned ; --       ; 0                     ; 0                  ; no     ; no             ; no            ; yes             ; no       ; Off          ; 2.5 V        ; --                        ; Fitter               ; 0         ;
; plaintext[16]  ; Unassigned ; --       ; 0                     ; 0                  ; no     ; no             ; no            ; yes             ; no       ; Off          ; 2.5 V        ; --                        ; Fitter               ; 0         ;
; plaintext[17]  ; Unassigned ; --       ; 0                     ; 0                  ; no     ; no             ; no            ; yes             ; no       ; Off          ; 2.5 V        ; --                        ; Fitter               ; 0         ;
; plaintext[18]  ; Unassigned ; --       ; 0                     ; 0                  ; no     ; no             ; no            ; yes             ; no       ; Off          ; 2.5 V        ; --                        ; Fitter               ; 0         ;
; plaintext[19]  ; Unassigned ; --       ; 0                     ; 0                  ; no     ; no             ; no            ; yes             ; no       ; Off          ; 2.5 V        ; --                        ; Fitter               ; 0         ;
; plaintext[1]   ; Unassigned ; --       ; 0                     ; 0                  ; no     ; no             ; no            ; yes             ; no       ; Off          ; 2.5 V        ; --                        ; Fitter               ; 0         ;
; plaintext[20]  ; Unassigned ; --       ; 0                     ; 0                  ; no     ; no             ; no            ; yes             ; no       ; Off          ; 2.5 V        ; --                        ; Fitter               ; 0         ;
; plaintext[21]  ; Unassigned ; --       ; 0                     ; 0                  ; no     ; no             ; no            ; yes             ; no       ; Off          ; 2.5 V        ; --                        ; Fitter               ; 0         ;
; plaintext[22]  ; Unassigned ; --       ; 0                     ; 0                  ; no     ; no             ; no            ; yes             ; no       ; Off          ; 2.5 V        ; --                        ; Fitter               ; 0         ;
; plaintext[23]  ; Unassigned ; --       ; 0                     ; 0                  ; no     ; no             ; no            ; yes             ; no       ; Off          ; 2.5 V        ; --                        ; Fitter               ; 0         ;
; plaintext[24]  ; Unassigned ; --       ; 0                     ; 0                  ; no     ; no             ; no            ; yes             ; no       ; Off          ; 2.5 V        ; --                        ; Fitter               ; 0         ;
; plaintext[25]  ; Unassigned ; --       ; 0                     ; 0                  ; no     ; no             ; no            ; yes             ; no       ; Off          ; 2.5 V        ; --                        ; Fitter               ; 0         ;
; plaintext[26]  ; Unassigned ; --       ; 0                     ; 0                  ; no     ; no             ; no            ; yes             ; no       ; Off          ; 2.5 V        ; --                        ; Fitter               ; 0         ;
; plaintext[27]  ; Unassigned ; --       ; 0                     ; 0                  ; no     ; no             ; no            ; yes             ; no       ; Off          ; 2.5 V        ; --                        ; Fitter               ; 0         ;
; plaintext[28]  ; Unassigned ; --       ; 0                     ; 0                  ; no     ; no             ; no            ; yes             ; no       ; Off          ; 2.5 V        ; --                        ; Fitter               ; 0         ;
; plaintext[29]  ; Unassigned ; --       ; 0                     ; 0                  ; no     ; no             ; no            ; yes             ; no       ; Off          ; 2.5 V        ; --                        ; Fitter               ; 0         ;
; plaintext[2]   ; Unassigned ; --       ; 0                     ; 0                  ; no     ; no             ; no            ; yes             ; no       ; Off          ; 2.5 V        ; --                        ; Fitter               ; 0         ;
; plaintext[30]  ; Unassigned ; --       ; 0                     ; 0                  ; no     ; no             ; no            ; yes             ; no       ; Off          ; 2.5 V        ; --                        ; Fitter               ; 0         ;
; plaintext[31]  ; Unassigned ; --       ; 0                     ; 0                  ; no     ; no             ; no            ; yes             ; no       ; Off          ; 2.5 V        ; --                        ; Fitter               ; 0         ;
; plaintext[32]  ; Unassigned ; --       ; 0                     ; 0                  ; no     ; no             ; no            ; yes             ; no       ; Off          ; 2.5 V        ; --                        ; Fitter               ; 0         ;
; plaintext[33]  ; Unassigned ; --       ; 0                     ; 0                  ; no     ; no             ; no            ; yes             ; no       ; Off          ; 2.5 V        ; --                        ; Fitter               ; 0         ;
; plaintext[34]  ; Unassigned ; --       ; 0                     ; 0                  ; no     ; no             ; no            ; yes             ; no       ; Off          ; 2.5 V        ; --                        ; Fitter               ; 0         ;
; plaintext[35]  ; Unassigned ; --       ; 0                     ; 0                  ; no     ; no             ; no            ; yes             ; no       ; Off          ; 2.5 V        ; --                        ; Fitter               ; 0         ;
; plaintext[36]  ; Unassigned ; --       ; 0                     ; 0                  ; no     ; no             ; no            ; yes             ; no       ; Off          ; 2.5 V        ; --                        ; Fitter               ; 0         ;
; plaintext[37]  ; Unassigned ; --       ; 0                     ; 0                  ; no     ; no             ; no            ; yes             ; no       ; Off          ; 2.5 V        ; --                        ; Fitter               ; 0         ;
; plaintext[38]  ; Unassigned ; --       ; 0                     ; 0                  ; no     ; no             ; no            ; yes             ; no       ; Off          ; 2.5 V        ; --                        ; Fitter               ; 0         ;
; plaintext[39]  ; Unassigned ; --       ; 0                     ; 0                  ; no     ; no             ; no            ; yes             ; no       ; Off          ; 2.5 V        ; --                        ; Fitter               ; 0         ;
; plaintext[3]   ; Unassigned ; --       ; 0                     ; 0                  ; no     ; no             ; no            ; yes             ; no       ; Off          ; 2.5 V        ; --                        ; Fitter               ; 0         ;
; plaintext[40]  ; Unassigned ; --       ; 0                     ; 0                  ; no     ; no             ; no            ; yes             ; no       ; Off          ; 2.5 V        ; --                        ; Fitter               ; 0         ;
; plaintext[41]  ; Unassigned ; --       ; 0                     ; 0                  ; no     ; no             ; no            ; yes             ; no       ; Off          ; 2.5 V        ; --                        ; Fitter               ; 0         ;
; plaintext[42]  ; Unassigned ; --       ; 0                     ; 0                  ; no     ; no             ; no            ; yes             ; no       ; Off          ; 2.5 V        ; --                        ; Fitter               ; 0         ;
; plaintext[43]  ; Unassigned ; --       ; 0                     ; 0                  ; no     ; no             ; no            ; yes             ; no       ; Off          ; 2.5 V        ; --                        ; Fitter               ; 0         ;
; plaintext[44]  ; Unassigned ; --       ; 0                     ; 0                  ; no     ; no             ; no            ; yes             ; no       ; Off          ; 2.5 V        ; --                        ; Fitter               ; 0         ;
; plaintext[45]  ; Unassigned ; --       ; 0                     ; 0                  ; no     ; no             ; no            ; yes             ; no       ; Off          ; 2.5 V        ; --                        ; Fitter               ; 0         ;
; plaintext[46]  ; Unassigned ; --       ; 0                     ; 0                  ; no     ; no             ; no            ; yes             ; no       ; Off          ; 2.5 V        ; --                        ; Fitter               ; 0         ;
; plaintext[47]  ; Unassigned ; --       ; 0                     ; 0                  ; no     ; no             ; no            ; yes             ; no       ; Off          ; 2.5 V        ; --                        ; Fitter               ; 0         ;
; plaintext[48]  ; Unassigned ; --       ; 0                     ; 0                  ; no     ; no             ; no            ; yes             ; no       ; Off          ; 2.5 V        ; --                        ; Fitter               ; 0         ;
; plaintext[49]  ; Unassigned ; --       ; 0                     ; 0                  ; no     ; no             ; no            ; yes             ; no       ; Off          ; 2.5 V        ; --                        ; Fitter               ; 0         ;
; plaintext[4]   ; Unassigned ; --       ; 0                     ; 0                  ; no     ; no             ; no            ; yes             ; no       ; Off          ; 2.5 V        ; --                        ; Fitter               ; 0         ;
; plaintext[50]  ; Unassigned ; --       ; 0                     ; 0                  ; no     ; no             ; no            ; yes             ; no       ; Off          ; 2.5 V        ; --                        ; Fitter               ; 0         ;
; plaintext[51]  ; Unassigned ; --       ; 0                     ; 0                  ; no     ; no             ; no            ; yes             ; no       ; Off          ; 2.5 V        ; --                        ; Fitter               ; 0         ;
; plaintext[52]  ; Unassigned ; --       ; 0                     ; 0                  ; no     ; no             ; no            ; yes             ; no       ; Off          ; 2.5 V        ; --                        ; Fitter               ; 0         ;
; plaintext[53]  ; Unassigned ; --       ; 0                     ; 0                  ; no     ; no             ; no            ; yes             ; no       ; Off          ; 2.5 V        ; --                        ; Fitter               ; 0         ;
; plaintext[54]  ; Unassigned ; --       ; 0                     ; 0                  ; no     ; no             ; no            ; yes             ; no       ; Off          ; 2.5 V        ; --                        ; Fitter               ; 0         ;
; plaintext[55]  ; Unassigned ; --       ; 0                     ; 0                  ; no     ; no             ; no            ; yes             ; no       ; Off          ; 2.5 V        ; --                        ; Fitter               ; 0         ;
; plaintext[56]  ; Unassigned ; --       ; 0                     ; 0                  ; no     ; no             ; no            ; yes             ; no       ; Off          ; 2.5 V        ; --                        ; Fitter               ; 0         ;
; plaintext[57]  ; Unassigned ; --       ; 0                     ; 0                  ; no     ; no             ; no            ; yes             ; no       ; Off          ; 2.5 V        ; --                        ; Fitter               ; 0         ;
; plaintext[58]  ; Unassigned ; --       ; 0                     ; 0                  ; no     ; no             ; no            ; yes             ; no       ; Off          ; 2.5 V        ; --                        ; Fitter               ; 0         ;
; plaintext[59]  ; Unassigned ; --       ; 0                     ; 0                  ; no     ; no             ; no            ; yes             ; no       ; Off          ; 2.5 V        ; --                        ; Fitter               ; 0         ;
; plaintext[5]   ; Unassigned ; --       ; 0                     ; 0                  ; no     ; no             ; no            ; yes             ; no       ; Off          ; 2.5 V        ; --                        ; Fitter               ; 0         ;
; plaintext[60]  ; Unassigned ; --       ; 0                     ; 0                  ; no     ; no             ; no            ; yes             ; no       ; Off          ; 2.5 V        ; --                        ; Fitter               ; 0         ;
; plaintext[61]  ; Unassigned ; --       ; 0                     ; 0                  ; no     ; no             ; no            ; yes             ; no       ; Off          ; 2.5 V        ; --                        ; Fitter               ; 0         ;
; plaintext[62]  ; Unassigned ; --       ; 0                     ; 0                  ; no     ; no             ; no            ; yes             ; no       ; Off          ; 2.5 V        ; --                        ; Fitter               ; 0         ;
; plaintext[63]  ; Unassigned ; --       ; 0                     ; 0                  ; no     ; no             ; no            ; yes             ; no       ; Off          ; 2.5 V        ; --                        ; Fitter               ; 0         ;
; plaintext[64]  ; Unassigned ; --       ; 0                     ; 0                  ; no     ; no             ; no            ; yes             ; no       ; Off          ; 2.5 V        ; --                        ; Fitter               ; 0         ;
; plaintext[65]  ; Unassigned ; --       ; 0                     ; 0                  ; no     ; no             ; no            ; yes             ; no       ; Off          ; 2.5 V        ; --                        ; Fitter               ; 0         ;
; plaintext[66]  ; Unassigned ; --       ; 0                     ; 0                  ; no     ; no             ; no            ; yes             ; no       ; Off          ; 2.5 V        ; --                        ; Fitter               ; 0         ;
; plaintext[67]  ; Unassigned ; --       ; 0                     ; 0                  ; no     ; no             ; no            ; yes             ; no       ; Off          ; 2.5 V        ; --                        ; Fitter               ; 0         ;
; plaintext[68]  ; Unassigned ; --       ; 0                     ; 0                  ; no     ; no             ; no            ; yes             ; no       ; Off          ; 2.5 V        ; --                        ; Fitter               ; 0         ;
; plaintext[69]  ; Unassigned ; --       ; 0                     ; 0                  ; no     ; no             ; no            ; yes             ; no       ; Off          ; 2.5 V        ; --                        ; Fitter               ; 0         ;
; plaintext[6]   ; Unassigned ; --       ; 0                     ; 0                  ; no     ; no             ; no            ; yes             ; no       ; Off          ; 2.5 V        ; --                        ; Fitter               ; 0         ;
; plaintext[70]  ; Unassigned ; --       ; 0                     ; 0                  ; no     ; no             ; no            ; yes             ; no       ; Off          ; 2.5 V        ; --                        ; Fitter               ; 0         ;
; plaintext[71]  ; Unassigned ; --       ; 0                     ; 0                  ; no     ; no             ; no            ; yes             ; no       ; Off          ; 2.5 V        ; --                        ; Fitter               ; 0         ;
; plaintext[72]  ; Unassigned ; --       ; 0                     ; 0                  ; no     ; no             ; no            ; yes             ; no       ; Off          ; 2.5 V        ; --                        ; Fitter               ; 0         ;
; plaintext[73]  ; Unassigned ; --       ; 0                     ; 0                  ; no     ; no             ; no            ; yes             ; no       ; Off          ; 2.5 V        ; --                        ; Fitter               ; 0         ;
; plaintext[74]  ; Unassigned ; --       ; 0                     ; 0                  ; no     ; no             ; no            ; yes             ; no       ; Off          ; 2.5 V        ; --                        ; Fitter               ; 0         ;
; plaintext[75]  ; Unassigned ; --       ; 0                     ; 0                  ; no     ; no             ; no            ; yes             ; no       ; Off          ; 2.5 V        ; --                        ; Fitter               ; 0         ;
; plaintext[76]  ; Unassigned ; --       ; 0                     ; 0                  ; no     ; no             ; no            ; yes             ; no       ; Off          ; 2.5 V        ; --                        ; Fitter               ; 0         ;
; plaintext[77]  ; Unassigned ; --       ; 0                     ; 0                  ; no     ; no             ; no            ; yes             ; no       ; Off          ; 2.5 V        ; --                        ; Fitter               ; 0         ;
; plaintext[78]  ; Unassigned ; --       ; 0                     ; 0                  ; no     ; no             ; no            ; yes             ; no       ; Off          ; 2.5 V        ; --                        ; Fitter               ; 0         ;
; plaintext[79]  ; Unassigned ; --       ; 0                     ; 0                  ; no     ; no             ; no            ; yes             ; no       ; Off          ; 2.5 V        ; --                        ; Fitter               ; 0         ;
; plaintext[7]   ; Unassigned ; --       ; 0                     ; 0                  ; no     ; no             ; no            ; yes             ; no       ; Off          ; 2.5 V        ; --                        ; Fitter               ; 0         ;
; plaintext[80]  ; Unassigned ; --       ; 0                     ; 0                  ; no     ; no             ; no            ; yes             ; no       ; Off          ; 2.5 V        ; --                        ; Fitter               ; 0         ;
; plaintext[81]  ; Unassigned ; --       ; 0                     ; 0                  ; no     ; no             ; no            ; yes             ; no       ; Off          ; 2.5 V        ; --                        ; Fitter               ; 0         ;
; plaintext[82]  ; Unassigned ; --       ; 0                     ; 0                  ; no     ; no             ; no            ; yes             ; no       ; Off          ; 2.5 V        ; --                        ; Fitter               ; 0         ;
; plaintext[83]  ; Unassigned ; --       ; 0                     ; 0                  ; no     ; no             ; no            ; yes             ; no       ; Off          ; 2.5 V        ; --                        ; Fitter               ; 0         ;
; plaintext[84]  ; Unassigned ; --       ; 0                     ; 0                  ; no     ; no             ; no            ; yes             ; no       ; Off          ; 2.5 V        ; --                        ; Fitter               ; 0         ;
; plaintext[85]  ; Unassigned ; --       ; 0                     ; 0                  ; no     ; no             ; no            ; yes             ; no       ; Off          ; 2.5 V        ; --                        ; Fitter               ; 0         ;
; plaintext[86]  ; Unassigned ; --       ; 0                     ; 0                  ; no     ; no             ; no            ; yes             ; no       ; Off          ; 2.5 V        ; --                        ; Fitter               ; 0         ;
; plaintext[87]  ; Unassigned ; --       ; 0                     ; 0                  ; no     ; no             ; no            ; yes             ; no       ; Off          ; 2.5 V        ; --                        ; Fitter               ; 0         ;
; plaintext[88]  ; Unassigned ; --       ; 0                     ; 0                  ; no     ; no             ; no            ; yes             ; no       ; Off          ; 2.5 V        ; --                        ; Fitter               ; 0         ;
; plaintext[89]  ; Unassigned ; --       ; 0                     ; 0                  ; no     ; no             ; no            ; yes             ; no       ; Off          ; 2.5 V        ; --                        ; Fitter               ; 0         ;
; plaintext[8]   ; Unassigned ; --       ; 0                     ; 0                  ; no     ; no             ; no            ; yes             ; no       ; Off          ; 2.5 V        ; --                        ; Fitter               ; 0         ;
; plaintext[90]  ; Unassigned ; --       ; 0                     ; 0                  ; no     ; no             ; no            ; yes             ; no       ; Off          ; 2.5 V        ; --                        ; Fitter               ; 0         ;
; plaintext[91]  ; Unassigned ; --       ; 0                     ; 0                  ; no     ; no             ; no            ; yes             ; no       ; Off          ; 2.5 V        ; --                        ; Fitter               ; 0         ;
; plaintext[92]  ; Unassigned ; --       ; 0                     ; 0                  ; no     ; no             ; no            ; yes             ; no       ; Off          ; 2.5 V        ; --                        ; Fitter               ; 0         ;
; plaintext[93]  ; Unassigned ; --       ; 0                     ; 0                  ; no     ; no             ; no            ; yes             ; no       ; Off          ; 2.5 V        ; --                        ; Fitter               ; 0         ;
; plaintext[94]  ; Unassigned ; --       ; 0                     ; 0                  ; no     ; no             ; no            ; yes             ; no       ; Off          ; 2.5 V        ; --                        ; Fitter               ; 0         ;
; plaintext[95]  ; Unassigned ; --       ; 0                     ; 0                  ; no     ; no             ; no            ; yes             ; no       ; Off          ; 2.5 V        ; --                        ; Fitter               ; 0         ;
; plaintext[96]  ; Unassigned ; --       ; 0                     ; 0                  ; no     ; no             ; no            ; yes             ; no       ; Off          ; 2.5 V        ; --                        ; Fitter               ; 0         ;
; plaintext[97]  ; Unassigned ; --       ; 0                     ; 0                  ; no     ; no             ; no            ; yes             ; no       ; Off          ; 2.5 V        ; --                        ; Fitter               ; 0         ;
; plaintext[98]  ; Unassigned ; --       ; 0                     ; 0                  ; no     ; no             ; no            ; yes             ; no       ; Off          ; 2.5 V        ; --                        ; Fitter               ; 0         ;
; plaintext[99]  ; Unassigned ; --       ; 0                     ; 0                  ; no     ; no             ; no            ; yes             ; no       ; Off          ; 2.5 V        ; --                        ; Fitter               ; 0         ;
; plaintext[9]   ; Unassigned ; --       ; 0                     ; 0                  ; no     ; no             ; no            ; yes             ; no       ; Off          ; 2.5 V        ; --                        ; Fitter               ; 0         ;
; reset          ; Unassigned ; --       ; 0                     ; 0                  ; no     ; no             ; no            ; yes             ; no       ; Off          ; 2.5 V        ; --                        ; Fitter               ; 0         ;
; start          ; Unassigned ; --       ; 0                     ; 0                  ; no     ; no             ; no            ; yes             ; no       ; Off          ; 2.5 V        ; --                        ; Fitter               ; 0         ;
+----------------+------------+----------+-----------------------+--------------------+--------+----------------+---------------+-----------------+----------+--------------+--------------+---------------------------+----------------------+-----------+


+--------------------------------------------------------------------------------------------------------------------------------------------------------------------------------------------------------------------------------------------------------------------------------------------------------------------------------------------------------------------------------------------------------------------------+
; Output Pins                                                                                                                                                                                                                                                                                                                                                                                                              ;
+-----------------+------------+----------+-----------------+------------------------+---------------+-----------+-----------------+------------+---------------+----------+--------------+--------------+------------------+-----------------------------------+---------------------------+----------------------------+-----------------------------+----------------------+----------------------+---------------------+
; Name            ; Pin #      ; I/O Bank ; Output Register ; Output Enable Register ; Power Up High ; Slew Rate ; PCI I/O Enabled ; Open Drain ; TRI Primitive ; Bus Hold ; Weak Pull Up ; I/O Standard ; Current Strength ; Termination                       ; Termination Control Block ; Output Buffer Pre-emphasis ; Voltage Output Differential ; Location assigned by ; Output Enable Source ; Output Enable Group ;
+-----------------+------------+----------+-----------------+------------------------+---------------+-----------+-----------------+------------+---------------+----------+--------------+--------------+------------------+-----------------------------------+---------------------------+----------------------------+-----------------------------+----------------------+----------------------+---------------------+
; ciphertext[0]   ; Unassigned ; --       ; no              ; no                     ; no            ; 2         ; no              ; no         ; no            ; no       ; Off          ; 2.5 V        ; Default          ; Series 50 Ohm without Calibration ; --                        ; no                         ; no                          ; Fitter               ; -                    ; -                   ;
; ciphertext[100] ; Unassigned ; --       ; no              ; no                     ; no            ; 2         ; no              ; no         ; no            ; no       ; Off          ; 2.5 V        ; Default          ; Series 50 Ohm without Calibration ; --                        ; no                         ; no                          ; Fitter               ; -                    ; -                   ;
; ciphertext[101] ; Unassigned ; --       ; no              ; no                     ; no            ; 2         ; no              ; no         ; no            ; no       ; Off          ; 2.5 V        ; Default          ; Series 50 Ohm without Calibration ; --                        ; no                         ; no                          ; Fitter               ; -                    ; -                   ;
; ciphertext[102] ; Unassigned ; --       ; no              ; no                     ; no            ; 2         ; no              ; no         ; no            ; no       ; Off          ; 2.5 V        ; Default          ; Series 50 Ohm without Calibration ; --                        ; no                         ; no                          ; Fitter               ; -                    ; -                   ;
; ciphertext[103] ; Unassigned ; --       ; no              ; no                     ; no            ; 2         ; no              ; no         ; no            ; no       ; Off          ; 2.5 V        ; Default          ; Series 50 Ohm without Calibration ; --                        ; no                         ; no                          ; Fitter               ; -                    ; -                   ;
; ciphertext[104] ; Unassigned ; --       ; no              ; no                     ; no            ; 2         ; no              ; no         ; no            ; no       ; Off          ; 2.5 V        ; Default          ; Series 50 Ohm without Calibration ; --                        ; no                         ; no                          ; Fitter               ; -                    ; -                   ;
; ciphertext[105] ; Unassigned ; --       ; no              ; no                     ; no            ; 2         ; no              ; no         ; no            ; no       ; Off          ; 2.5 V        ; Default          ; Series 50 Ohm without Calibration ; --                        ; no                         ; no                          ; Fitter               ; -                    ; -                   ;
; ciphertext[106] ; Unassigned ; --       ; no              ; no                     ; no            ; 2         ; no              ; no         ; no            ; no       ; Off          ; 2.5 V        ; Default          ; Series 50 Ohm without Calibration ; --                        ; no                         ; no                          ; Fitter               ; -                    ; -                   ;
; ciphertext[107] ; Unassigned ; --       ; no              ; no                     ; no            ; 2         ; no              ; no         ; no            ; no       ; Off          ; 2.5 V        ; Default          ; Series 50 Ohm without Calibration ; --                        ; no                         ; no                          ; Fitter               ; -                    ; -                   ;
; ciphertext[108] ; Unassigned ; --       ; no              ; no                     ; no            ; 2         ; no              ; no         ; no            ; no       ; Off          ; 2.5 V        ; Default          ; Series 50 Ohm without Calibration ; --                        ; no                         ; no                          ; Fitter               ; -                    ; -                   ;
; ciphertext[109] ; Unassigned ; --       ; no              ; no                     ; no            ; 2         ; no              ; no         ; no            ; no       ; Off          ; 2.5 V        ; Default          ; Series 50 Ohm without Calibration ; --                        ; no                         ; no                          ; Fitter               ; -                    ; -                   ;
; ciphertext[10]  ; Unassigned ; --       ; no              ; no                     ; no            ; 2         ; no              ; no         ; no            ; no       ; Off          ; 2.5 V        ; Default          ; Series 50 Ohm without Calibration ; --                        ; no                         ; no                          ; Fitter               ; -                    ; -                   ;
; ciphertext[110] ; Unassigned ; --       ; no              ; no                     ; no            ; 2         ; no              ; no         ; no            ; no       ; Off          ; 2.5 V        ; Default          ; Series 50 Ohm without Calibration ; --                        ; no                         ; no                          ; Fitter               ; -                    ; -                   ;
; ciphertext[111] ; Unassigned ; --       ; no              ; no                     ; no            ; 2         ; no              ; no         ; no            ; no       ; Off          ; 2.5 V        ; Default          ; Series 50 Ohm without Calibration ; --                        ; no                         ; no                          ; Fitter               ; -                    ; -                   ;
; ciphertext[112] ; Unassigned ; --       ; no              ; no                     ; no            ; 2         ; no              ; no         ; no            ; no       ; Off          ; 2.5 V        ; Default          ; Series 50 Ohm without Calibration ; --                        ; no                         ; no                          ; Fitter               ; -                    ; -                   ;
; ciphertext[113] ; Unassigned ; --       ; no              ; no                     ; no            ; 2         ; no              ; no         ; no            ; no       ; Off          ; 2.5 V        ; Default          ; Series 50 Ohm without Calibration ; --                        ; no                         ; no                          ; Fitter               ; -                    ; -                   ;
; ciphertext[114] ; Unassigned ; --       ; no              ; no                     ; no            ; 2         ; no              ; no         ; no            ; no       ; Off          ; 2.5 V        ; Default          ; Series 50 Ohm without Calibration ; --                        ; no                         ; no                          ; Fitter               ; -                    ; -                   ;
; ciphertext[115] ; Unassigned ; --       ; no              ; no                     ; no            ; 2         ; no              ; no         ; no            ; no       ; Off          ; 2.5 V        ; Default          ; Series 50 Ohm without Calibration ; --                        ; no                         ; no                          ; Fitter               ; -                    ; -                   ;
; ciphertext[116] ; Unassigned ; --       ; no              ; no                     ; no            ; 2         ; no              ; no         ; no            ; no       ; Off          ; 2.5 V        ; Default          ; Series 50 Ohm without Calibration ; --                        ; no                         ; no                          ; Fitter               ; -                    ; -                   ;
; ciphertext[117] ; Unassigned ; --       ; no              ; no                     ; no            ; 2         ; no              ; no         ; no            ; no       ; Off          ; 2.5 V        ; Default          ; Series 50 Ohm without Calibration ; --                        ; no                         ; no                          ; Fitter               ; -                    ; -                   ;
; ciphertext[118] ; Unassigned ; --       ; no              ; no                     ; no            ; 2         ; no              ; no         ; no            ; no       ; Off          ; 2.5 V        ; Default          ; Series 50 Ohm without Calibration ; --                        ; no                         ; no                          ; Fitter               ; -                    ; -                   ;
; ciphertext[119] ; Unassigned ; --       ; no              ; no                     ; no            ; 2         ; no              ; no         ; no            ; no       ; Off          ; 2.5 V        ; Default          ; Series 50 Ohm without Calibration ; --                        ; no                         ; no                          ; Fitter               ; -                    ; -                   ;
; ciphertext[11]  ; Unassigned ; --       ; no              ; no                     ; no            ; 2         ; no              ; no         ; no            ; no       ; Off          ; 2.5 V        ; Default          ; Series 50 Ohm without Calibration ; --                        ; no                         ; no                          ; Fitter               ; -                    ; -                   ;
; ciphertext[120] ; Unassigned ; --       ; no              ; no                     ; no            ; 2         ; no              ; no         ; no            ; no       ; Off          ; 2.5 V        ; Default          ; Series 50 Ohm without Calibration ; --                        ; no                         ; no                          ; Fitter               ; -                    ; -                   ;
; ciphertext[121] ; Unassigned ; --       ; no              ; no                     ; no            ; 2         ; no              ; no         ; no            ; no       ; Off          ; 2.5 V        ; Default          ; Series 50 Ohm without Calibration ; --                        ; no                         ; no                          ; Fitter               ; -                    ; -                   ;
; ciphertext[122] ; Unassigned ; --       ; no              ; no                     ; no            ; 2         ; no              ; no         ; no            ; no       ; Off          ; 2.5 V        ; Default          ; Series 50 Ohm without Calibration ; --                        ; no                         ; no                          ; Fitter               ; -                    ; -                   ;
; ciphertext[123] ; Unassigned ; --       ; no              ; no                     ; no            ; 2         ; no              ; no         ; no            ; no       ; Off          ; 2.5 V        ; Default          ; Series 50 Ohm without Calibration ; --                        ; no                         ; no                          ; Fitter               ; -                    ; -                   ;
; ciphertext[124] ; Unassigned ; --       ; no              ; no                     ; no            ; 2         ; no              ; no         ; no            ; no       ; Off          ; 2.5 V        ; Default          ; Series 50 Ohm without Calibration ; --                        ; no                         ; no                          ; Fitter               ; -                    ; -                   ;
; ciphertext[125] ; Unassigned ; --       ; no              ; no                     ; no            ; 2         ; no              ; no         ; no            ; no       ; Off          ; 2.5 V        ; Default          ; Series 50 Ohm without Calibration ; --                        ; no                         ; no                          ; Fitter               ; -                    ; -                   ;
; ciphertext[126] ; Unassigned ; --       ; no              ; no                     ; no            ; 2         ; no              ; no         ; no            ; no       ; Off          ; 2.5 V        ; Default          ; Series 50 Ohm without Calibration ; --                        ; no                         ; no                          ; Fitter               ; -                    ; -                   ;
; ciphertext[127] ; Unassigned ; --       ; no              ; no                     ; no            ; 2         ; no              ; no         ; no            ; no       ; Off          ; 2.5 V        ; Default          ; Series 50 Ohm without Calibration ; --                        ; no                         ; no                          ; Fitter               ; -                    ; -                   ;
; ciphertext[12]  ; Unassigned ; --       ; no              ; no                     ; no            ; 2         ; no              ; no         ; no            ; no       ; Off          ; 2.5 V        ; Default          ; Series 50 Ohm without Calibration ; --                        ; no                         ; no                          ; Fitter               ; -                    ; -                   ;
; ciphertext[13]  ; Unassigned ; --       ; no              ; no                     ; no            ; 2         ; no              ; no         ; no            ; no       ; Off          ; 2.5 V        ; Default          ; Series 50 Ohm without Calibration ; --                        ; no                         ; no                          ; Fitter               ; -                    ; -                   ;
; ciphertext[14]  ; Unassigned ; --       ; no              ; no                     ; no            ; 2         ; no              ; no         ; no            ; no       ; Off          ; 2.5 V        ; Default          ; Series 50 Ohm without Calibration ; --                        ; no                         ; no                          ; Fitter               ; -                    ; -                   ;
; ciphertext[15]  ; Unassigned ; --       ; no              ; no                     ; no            ; 2         ; no              ; no         ; no            ; no       ; Off          ; 2.5 V        ; Default          ; Series 50 Ohm without Calibration ; --                        ; no                         ; no                          ; Fitter               ; -                    ; -                   ;
; ciphertext[16]  ; Unassigned ; --       ; no              ; no                     ; no            ; 2         ; no              ; no         ; no            ; no       ; Off          ; 2.5 V        ; Default          ; Series 50 Ohm without Calibration ; --                        ; no                         ; no                          ; Fitter               ; -                    ; -                   ;
; ciphertext[17]  ; Unassigned ; --       ; no              ; no                     ; no            ; 2         ; no              ; no         ; no            ; no       ; Off          ; 2.5 V        ; Default          ; Series 50 Ohm without Calibration ; --                        ; no                         ; no                          ; Fitter               ; -                    ; -                   ;
; ciphertext[18]  ; Unassigned ; --       ; no              ; no                     ; no            ; 2         ; no              ; no         ; no            ; no       ; Off          ; 2.5 V        ; Default          ; Series 50 Ohm without Calibration ; --                        ; no                         ; no                          ; Fitter               ; -                    ; -                   ;
; ciphertext[19]  ; Unassigned ; --       ; no              ; no                     ; no            ; 2         ; no              ; no         ; no            ; no       ; Off          ; 2.5 V        ; Default          ; Series 50 Ohm without Calibration ; --                        ; no                         ; no                          ; Fitter               ; -                    ; -                   ;
; ciphertext[1]   ; Unassigned ; --       ; no              ; no                     ; no            ; 2         ; no              ; no         ; no            ; no       ; Off          ; 2.5 V        ; Default          ; Series 50 Ohm without Calibration ; --                        ; no                         ; no                          ; Fitter               ; -                    ; -                   ;
; ciphertext[20]  ; Unassigned ; --       ; no              ; no                     ; no            ; 2         ; no              ; no         ; no            ; no       ; Off          ; 2.5 V        ; Default          ; Series 50 Ohm without Calibration ; --                        ; no                         ; no                          ; Fitter               ; -                    ; -                   ;
; ciphertext[21]  ; Unassigned ; --       ; no              ; no                     ; no            ; 2         ; no              ; no         ; no            ; no       ; Off          ; 2.5 V        ; Default          ; Series 50 Ohm without Calibration ; --                        ; no                         ; no                          ; Fitter               ; -                    ; -                   ;
; ciphertext[22]  ; Unassigned ; --       ; no              ; no                     ; no            ; 2         ; no              ; no         ; no            ; no       ; Off          ; 2.5 V        ; Default          ; Series 50 Ohm without Calibration ; --                        ; no                         ; no                          ; Fitter               ; -                    ; -                   ;
; ciphertext[23]  ; Unassigned ; --       ; no              ; no                     ; no            ; 2         ; no              ; no         ; no            ; no       ; Off          ; 2.5 V        ; Default          ; Series 50 Ohm without Calibration ; --                        ; no                         ; no                          ; Fitter               ; -                    ; -                   ;
; ciphertext[24]  ; Unassigned ; --       ; no              ; no                     ; no            ; 2         ; no              ; no         ; no            ; no       ; Off          ; 2.5 V        ; Default          ; Series 50 Ohm without Calibration ; --                        ; no                         ; no                          ; Fitter               ; -                    ; -                   ;
; ciphertext[25]  ; Unassigned ; --       ; no              ; no                     ; no            ; 2         ; no              ; no         ; no            ; no       ; Off          ; 2.5 V        ; Default          ; Series 50 Ohm without Calibration ; --                        ; no                         ; no                          ; Fitter               ; -                    ; -                   ;
; ciphertext[26]  ; Unassigned ; --       ; no              ; no                     ; no            ; 2         ; no              ; no         ; no            ; no       ; Off          ; 2.5 V        ; Default          ; Series 50 Ohm without Calibration ; --                        ; no                         ; no                          ; Fitter               ; -                    ; -                   ;
; ciphertext[27]  ; Unassigned ; --       ; no              ; no                     ; no            ; 2         ; no              ; no         ; no            ; no       ; Off          ; 2.5 V        ; Default          ; Series 50 Ohm without Calibration ; --                        ; no                         ; no                          ; Fitter               ; -                    ; -                   ;
; ciphertext[28]  ; Unassigned ; --       ; no              ; no                     ; no            ; 2         ; no              ; no         ; no            ; no       ; Off          ; 2.5 V        ; Default          ; Series 50 Ohm without Calibration ; --                        ; no                         ; no                          ; Fitter               ; -                    ; -                   ;
; ciphertext[29]  ; Unassigned ; --       ; no              ; no                     ; no            ; 2         ; no              ; no         ; no            ; no       ; Off          ; 2.5 V        ; Default          ; Series 50 Ohm without Calibration ; --                        ; no                         ; no                          ; Fitter               ; -                    ; -                   ;
; ciphertext[2]   ; Unassigned ; --       ; no              ; no                     ; no            ; 2         ; no              ; no         ; no            ; no       ; Off          ; 2.5 V        ; Default          ; Series 50 Ohm without Calibration ; --                        ; no                         ; no                          ; Fitter               ; -                    ; -                   ;
; ciphertext[30]  ; Unassigned ; --       ; no              ; no                     ; no            ; 2         ; no              ; no         ; no            ; no       ; Off          ; 2.5 V        ; Default          ; Series 50 Ohm without Calibration ; --                        ; no                         ; no                          ; Fitter               ; -                    ; -                   ;
; ciphertext[31]  ; Unassigned ; --       ; no              ; no                     ; no            ; 2         ; no              ; no         ; no            ; no       ; Off          ; 2.5 V        ; Default          ; Series 50 Ohm without Calibration ; --                        ; no                         ; no                          ; Fitter               ; -                    ; -                   ;
; ciphertext[32]  ; Unassigned ; --       ; no              ; no                     ; no            ; 2         ; no              ; no         ; no            ; no       ; Off          ; 2.5 V        ; Default          ; Series 50 Ohm without Calibration ; --                        ; no                         ; no                          ; Fitter               ; -                    ; -                   ;
; ciphertext[33]  ; Unassigned ; --       ; no              ; no                     ; no            ; 2         ; no              ; no         ; no            ; no       ; Off          ; 2.5 V        ; Default          ; Series 50 Ohm without Calibration ; --                        ; no                         ; no                          ; Fitter               ; -                    ; -                   ;
; ciphertext[34]  ; Unassigned ; --       ; no              ; no                     ; no            ; 2         ; no              ; no         ; no            ; no       ; Off          ; 2.5 V        ; Default          ; Series 50 Ohm without Calibration ; --                        ; no                         ; no                          ; Fitter               ; -                    ; -                   ;
; ciphertext[35]  ; Unassigned ; --       ; no              ; no                     ; no            ; 2         ; no              ; no         ; no            ; no       ; Off          ; 2.5 V        ; Default          ; Series 50 Ohm without Calibration ; --                        ; no                         ; no                          ; Fitter               ; -                    ; -                   ;
; ciphertext[36]  ; Unassigned ; --       ; no              ; no                     ; no            ; 2         ; no              ; no         ; no            ; no       ; Off          ; 2.5 V        ; Default          ; Series 50 Ohm without Calibration ; --                        ; no                         ; no                          ; Fitter               ; -                    ; -                   ;
; ciphertext[37]  ; Unassigned ; --       ; no              ; no                     ; no            ; 2         ; no              ; no         ; no            ; no       ; Off          ; 2.5 V        ; Default          ; Series 50 Ohm without Calibration ; --                        ; no                         ; no                          ; Fitter               ; -                    ; -                   ;
; ciphertext[38]  ; Unassigned ; --       ; no              ; no                     ; no            ; 2         ; no              ; no         ; no            ; no       ; Off          ; 2.5 V        ; Default          ; Series 50 Ohm without Calibration ; --                        ; no                         ; no                          ; Fitter               ; -                    ; -                   ;
; ciphertext[39]  ; Unassigned ; --       ; no              ; no                     ; no            ; 2         ; no              ; no         ; no            ; no       ; Off          ; 2.5 V        ; Default          ; Series 50 Ohm without Calibration ; --                        ; no                         ; no                          ; Fitter               ; -                    ; -                   ;
; ciphertext[3]   ; Unassigned ; --       ; no              ; no                     ; no            ; 2         ; no              ; no         ; no            ; no       ; Off          ; 2.5 V        ; Default          ; Series 50 Ohm without Calibration ; --                        ; no                         ; no                          ; Fitter               ; -                    ; -                   ;
; ciphertext[40]  ; Unassigned ; --       ; no              ; no                     ; no            ; 2         ; no              ; no         ; no            ; no       ; Off          ; 2.5 V        ; Default          ; Series 50 Ohm without Calibration ; --                        ; no                         ; no                          ; Fitter               ; -                    ; -                   ;
; ciphertext[41]  ; Unassigned ; --       ; no              ; no                     ; no            ; 2         ; no              ; no         ; no            ; no       ; Off          ; 2.5 V        ; Default          ; Series 50 Ohm without Calibration ; --                        ; no                         ; no                          ; Fitter               ; -                    ; -                   ;
; ciphertext[42]  ; Unassigned ; --       ; no              ; no                     ; no            ; 2         ; no              ; no         ; no            ; no       ; Off          ; 2.5 V        ; Default          ; Series 50 Ohm without Calibration ; --                        ; no                         ; no                          ; Fitter               ; -                    ; -                   ;
; ciphertext[43]  ; Unassigned ; --       ; no              ; no                     ; no            ; 2         ; no              ; no         ; no            ; no       ; Off          ; 2.5 V        ; Default          ; Series 50 Ohm without Calibration ; --                        ; no                         ; no                          ; Fitter               ; -                    ; -                   ;
; ciphertext[44]  ; Unassigned ; --       ; no              ; no                     ; no            ; 2         ; no              ; no         ; no            ; no       ; Off          ; 2.5 V        ; Default          ; Series 50 Ohm without Calibration ; --                        ; no                         ; no                          ; Fitter               ; -                    ; -                   ;
; ciphertext[45]  ; Unassigned ; --       ; no              ; no                     ; no            ; 2         ; no              ; no         ; no            ; no       ; Off          ; 2.5 V        ; Default          ; Series 50 Ohm without Calibration ; --                        ; no                         ; no                          ; Fitter               ; -                    ; -                   ;
; ciphertext[46]  ; Unassigned ; --       ; no              ; no                     ; no            ; 2         ; no              ; no         ; no            ; no       ; Off          ; 2.5 V        ; Default          ; Series 50 Ohm without Calibration ; --                        ; no                         ; no                          ; Fitter               ; -                    ; -                   ;
; ciphertext[47]  ; Unassigned ; --       ; no              ; no                     ; no            ; 2         ; no              ; no         ; no            ; no       ; Off          ; 2.5 V        ; Default          ; Series 50 Ohm without Calibration ; --                        ; no                         ; no                          ; Fitter               ; -                    ; -                   ;
; ciphertext[48]  ; Unassigned ; --       ; no              ; no                     ; no            ; 2         ; no              ; no         ; no            ; no       ; Off          ; 2.5 V        ; Default          ; Series 50 Ohm without Calibration ; --                        ; no                         ; no                          ; Fitter               ; -                    ; -                   ;
; ciphertext[49]  ; Unassigned ; --       ; no              ; no                     ; no            ; 2         ; no              ; no         ; no            ; no       ; Off          ; 2.5 V        ; Default          ; Series 50 Ohm without Calibration ; --                        ; no                         ; no                          ; Fitter               ; -                    ; -                   ;
; ciphertext[4]   ; Unassigned ; --       ; no              ; no                     ; no            ; 2         ; no              ; no         ; no            ; no       ; Off          ; 2.5 V        ; Default          ; Series 50 Ohm without Calibration ; --                        ; no                         ; no                          ; Fitter               ; -                    ; -                   ;
; ciphertext[50]  ; Unassigned ; --       ; no              ; no                     ; no            ; 2         ; no              ; no         ; no            ; no       ; Off          ; 2.5 V        ; Default          ; Series 50 Ohm without Calibration ; --                        ; no                         ; no                          ; Fitter               ; -                    ; -                   ;
; ciphertext[51]  ; Unassigned ; --       ; no              ; no                     ; no            ; 2         ; no              ; no         ; no            ; no       ; Off          ; 2.5 V        ; Default          ; Series 50 Ohm without Calibration ; --                        ; no                         ; no                          ; Fitter               ; -                    ; -                   ;
; ciphertext[52]  ; Unassigned ; --       ; no              ; no                     ; no            ; 2         ; no              ; no         ; no            ; no       ; Off          ; 2.5 V        ; Default          ; Series 50 Ohm without Calibration ; --                        ; no                         ; no                          ; Fitter               ; -                    ; -                   ;
; ciphertext[53]  ; Unassigned ; --       ; no              ; no                     ; no            ; 2         ; no              ; no         ; no            ; no       ; Off          ; 2.5 V        ; Default          ; Series 50 Ohm without Calibration ; --                        ; no                         ; no                          ; Fitter               ; -                    ; -                   ;
; ciphertext[54]  ; Unassigned ; --       ; no              ; no                     ; no            ; 2         ; no              ; no         ; no            ; no       ; Off          ; 2.5 V        ; Default          ; Series 50 Ohm without Calibration ; --                        ; no                         ; no                          ; Fitter               ; -                    ; -                   ;
; ciphertext[55]  ; Unassigned ; --       ; no              ; no                     ; no            ; 2         ; no              ; no         ; no            ; no       ; Off          ; 2.5 V        ; Default          ; Series 50 Ohm without Calibration ; --                        ; no                         ; no                          ; Fitter               ; -                    ; -                   ;
; ciphertext[56]  ; Unassigned ; --       ; no              ; no                     ; no            ; 2         ; no              ; no         ; no            ; no       ; Off          ; 2.5 V        ; Default          ; Series 50 Ohm without Calibration ; --                        ; no                         ; no                          ; Fitter               ; -                    ; -                   ;
; ciphertext[57]  ; Unassigned ; --       ; no              ; no                     ; no            ; 2         ; no              ; no         ; no            ; no       ; Off          ; 2.5 V        ; Default          ; Series 50 Ohm without Calibration ; --                        ; no                         ; no                          ; Fitter               ; -                    ; -                   ;
; ciphertext[58]  ; Unassigned ; --       ; no              ; no                     ; no            ; 2         ; no              ; no         ; no            ; no       ; Off          ; 2.5 V        ; Default          ; Series 50 Ohm without Calibration ; --                        ; no                         ; no                          ; Fitter               ; -                    ; -                   ;
; ciphertext[59]  ; Unassigned ; --       ; no              ; no                     ; no            ; 2         ; no              ; no         ; no            ; no       ; Off          ; 2.5 V        ; Default          ; Series 50 Ohm without Calibration ; --                        ; no                         ; no                          ; Fitter               ; -                    ; -                   ;
; ciphertext[5]   ; Unassigned ; --       ; no              ; no                     ; no            ; 2         ; no              ; no         ; no            ; no       ; Off          ; 2.5 V        ; Default          ; Series 50 Ohm without Calibration ; --                        ; no                         ; no                          ; Fitter               ; -                    ; -                   ;
; ciphertext[60]  ; Unassigned ; --       ; no              ; no                     ; no            ; 2         ; no              ; no         ; no            ; no       ; Off          ; 2.5 V        ; Default          ; Series 50 Ohm without Calibration ; --                        ; no                         ; no                          ; Fitter               ; -                    ; -                   ;
; ciphertext[61]  ; Unassigned ; --       ; no              ; no                     ; no            ; 2         ; no              ; no         ; no            ; no       ; Off          ; 2.5 V        ; Default          ; Series 50 Ohm without Calibration ; --                        ; no                         ; no                          ; Fitter               ; -                    ; -                   ;
; ciphertext[62]  ; Unassigned ; --       ; no              ; no                     ; no            ; 2         ; no              ; no         ; no            ; no       ; Off          ; 2.5 V        ; Default          ; Series 50 Ohm without Calibration ; --                        ; no                         ; no                          ; Fitter               ; -                    ; -                   ;
; ciphertext[63]  ; Unassigned ; --       ; no              ; no                     ; no            ; 2         ; no              ; no         ; no            ; no       ; Off          ; 2.5 V        ; Default          ; Series 50 Ohm without Calibration ; --                        ; no                         ; no                          ; Fitter               ; -                    ; -                   ;
; ciphertext[64]  ; Unassigned ; --       ; no              ; no                     ; no            ; 2         ; no              ; no         ; no            ; no       ; Off          ; 2.5 V        ; Default          ; Series 50 Ohm without Calibration ; --                        ; no                         ; no                          ; Fitter               ; -                    ; -                   ;
; ciphertext[65]  ; Unassigned ; --       ; no              ; no                     ; no            ; 2         ; no              ; no         ; no            ; no       ; Off          ; 2.5 V        ; Default          ; Series 50 Ohm without Calibration ; --                        ; no                         ; no                          ; Fitter               ; -                    ; -                   ;
; ciphertext[66]  ; Unassigned ; --       ; no              ; no                     ; no            ; 2         ; no              ; no         ; no            ; no       ; Off          ; 2.5 V        ; Default          ; Series 50 Ohm without Calibration ; --                        ; no                         ; no                          ; Fitter               ; -                    ; -                   ;
; ciphertext[67]  ; Unassigned ; --       ; no              ; no                     ; no            ; 2         ; no              ; no         ; no            ; no       ; Off          ; 2.5 V        ; Default          ; Series 50 Ohm without Calibration ; --                        ; no                         ; no                          ; Fitter               ; -                    ; -                   ;
; ciphertext[68]  ; Unassigned ; --       ; no              ; no                     ; no            ; 2         ; no              ; no         ; no            ; no       ; Off          ; 2.5 V        ; Default          ; Series 50 Ohm without Calibration ; --                        ; no                         ; no                          ; Fitter               ; -                    ; -                   ;
; ciphertext[69]  ; Unassigned ; --       ; no              ; no                     ; no            ; 2         ; no              ; no         ; no            ; no       ; Off          ; 2.5 V        ; Default          ; Series 50 Ohm without Calibration ; --                        ; no                         ; no                          ; Fitter               ; -                    ; -                   ;
; ciphertext[6]   ; Unassigned ; --       ; no              ; no                     ; no            ; 2         ; no              ; no         ; no            ; no       ; Off          ; 2.5 V        ; Default          ; Series 50 Ohm without Calibration ; --                        ; no                         ; no                          ; Fitter               ; -                    ; -                   ;
; ciphertext[70]  ; Unassigned ; --       ; no              ; no                     ; no            ; 2         ; no              ; no         ; no            ; no       ; Off          ; 2.5 V        ; Default          ; Series 50 Ohm without Calibration ; --                        ; no                         ; no                          ; Fitter               ; -                    ; -                   ;
; ciphertext[71]  ; Unassigned ; --       ; no              ; no                     ; no            ; 2         ; no              ; no         ; no            ; no       ; Off          ; 2.5 V        ; Default          ; Series 50 Ohm without Calibration ; --                        ; no                         ; no                          ; Fitter               ; -                    ; -                   ;
; ciphertext[72]  ; Unassigned ; --       ; no              ; no                     ; no            ; 2         ; no              ; no         ; no            ; no       ; Off          ; 2.5 V        ; Default          ; Series 50 Ohm without Calibration ; --                        ; no                         ; no                          ; Fitter               ; -                    ; -                   ;
; ciphertext[73]  ; Unassigned ; --       ; no              ; no                     ; no            ; 2         ; no              ; no         ; no            ; no       ; Off          ; 2.5 V        ; Default          ; Series 50 Ohm without Calibration ; --                        ; no                         ; no                          ; Fitter               ; -                    ; -                   ;
; ciphertext[74]  ; Unassigned ; --       ; no              ; no                     ; no            ; 2         ; no              ; no         ; no            ; no       ; Off          ; 2.5 V        ; Default          ; Series 50 Ohm without Calibration ; --                        ; no                         ; no                          ; Fitter               ; -                    ; -                   ;
; ciphertext[75]  ; Unassigned ; --       ; no              ; no                     ; no            ; 2         ; no              ; no         ; no            ; no       ; Off          ; 2.5 V        ; Default          ; Series 50 Ohm without Calibration ; --                        ; no                         ; no                          ; Fitter               ; -                    ; -                   ;
; ciphertext[76]  ; Unassigned ; --       ; no              ; no                     ; no            ; 2         ; no              ; no         ; no            ; no       ; Off          ; 2.5 V        ; Default          ; Series 50 Ohm without Calibration ; --                        ; no                         ; no                          ; Fitter               ; -                    ; -                   ;
; ciphertext[77]  ; Unassigned ; --       ; no              ; no                     ; no            ; 2         ; no              ; no         ; no            ; no       ; Off          ; 2.5 V        ; Default          ; Series 50 Ohm without Calibration ; --                        ; no                         ; no                          ; Fitter               ; -                    ; -                   ;
; ciphertext[78]  ; Unassigned ; --       ; no              ; no                     ; no            ; 2         ; no              ; no         ; no            ; no       ; Off          ; 2.5 V        ; Default          ; Series 50 Ohm without Calibration ; --                        ; no                         ; no                          ; Fitter               ; -                    ; -                   ;
; ciphertext[79]  ; Unassigned ; --       ; no              ; no                     ; no            ; 2         ; no              ; no         ; no            ; no       ; Off          ; 2.5 V        ; Default          ; Series 50 Ohm without Calibration ; --                        ; no                         ; no                          ; Fitter               ; -                    ; -                   ;
; ciphertext[7]   ; Unassigned ; --       ; no              ; no                     ; no            ; 2         ; no              ; no         ; no            ; no       ; Off          ; 2.5 V        ; Default          ; Series 50 Ohm without Calibration ; --                        ; no                         ; no                          ; Fitter               ; -                    ; -                   ;
; ciphertext[80]  ; Unassigned ; --       ; no              ; no                     ; no            ; 2         ; no              ; no         ; no            ; no       ; Off          ; 2.5 V        ; Default          ; Series 50 Ohm without Calibration ; --                        ; no                         ; no                          ; Fitter               ; -                    ; -                   ;
; ciphertext[81]  ; Unassigned ; --       ; no              ; no                     ; no            ; 2         ; no              ; no         ; no            ; no       ; Off          ; 2.5 V        ; Default          ; Series 50 Ohm without Calibration ; --                        ; no                         ; no                          ; Fitter               ; -                    ; -                   ;
; ciphertext[82]  ; Unassigned ; --       ; no              ; no                     ; no            ; 2         ; no              ; no         ; no            ; no       ; Off          ; 2.5 V        ; Default          ; Series 50 Ohm without Calibration ; --                        ; no                         ; no                          ; Fitter               ; -                    ; -                   ;
; ciphertext[83]  ; Unassigned ; --       ; no              ; no                     ; no            ; 2         ; no              ; no         ; no            ; no       ; Off          ; 2.5 V        ; Default          ; Series 50 Ohm without Calibration ; --                        ; no                         ; no                          ; Fitter               ; -                    ; -                   ;
; ciphertext[84]  ; Unassigned ; --       ; no              ; no                     ; no            ; 2         ; no              ; no         ; no            ; no       ; Off          ; 2.5 V        ; Default          ; Series 50 Ohm without Calibration ; --                        ; no                         ; no                          ; Fitter               ; -                    ; -                   ;
; ciphertext[85]  ; Unassigned ; --       ; no              ; no                     ; no            ; 2         ; no              ; no         ; no            ; no       ; Off          ; 2.5 V        ; Default          ; Series 50 Ohm without Calibration ; --                        ; no                         ; no                          ; Fitter               ; -                    ; -                   ;
; ciphertext[86]  ; Unassigned ; --       ; no              ; no                     ; no            ; 2         ; no              ; no         ; no            ; no       ; Off          ; 2.5 V        ; Default          ; Series 50 Ohm without Calibration ; --                        ; no                         ; no                          ; Fitter               ; -                    ; -                   ;
; ciphertext[87]  ; Unassigned ; --       ; no              ; no                     ; no            ; 2         ; no              ; no         ; no            ; no       ; Off          ; 2.5 V        ; Default          ; Series 50 Ohm without Calibration ; --                        ; no                         ; no                          ; Fitter               ; -                    ; -                   ;
; ciphertext[88]  ; Unassigned ; --       ; no              ; no                     ; no            ; 2         ; no              ; no         ; no            ; no       ; Off          ; 2.5 V        ; Default          ; Series 50 Ohm without Calibration ; --                        ; no                         ; no                          ; Fitter               ; -                    ; -                   ;
; ciphertext[89]  ; Unassigned ; --       ; no              ; no                     ; no            ; 2         ; no              ; no         ; no            ; no       ; Off          ; 2.5 V        ; Default          ; Series 50 Ohm without Calibration ; --                        ; no                         ; no                          ; Fitter               ; -                    ; -                   ;
; ciphertext[8]   ; Unassigned ; --       ; no              ; no                     ; no            ; 2         ; no              ; no         ; no            ; no       ; Off          ; 2.5 V        ; Default          ; Series 50 Ohm without Calibration ; --                        ; no                         ; no                          ; Fitter               ; -                    ; -                   ;
; ciphertext[90]  ; Unassigned ; --       ; no              ; no                     ; no            ; 2         ; no              ; no         ; no            ; no       ; Off          ; 2.5 V        ; Default          ; Series 50 Ohm without Calibration ; --                        ; no                         ; no                          ; Fitter               ; -                    ; -                   ;
; ciphertext[91]  ; Unassigned ; --       ; no              ; no                     ; no            ; 2         ; no              ; no         ; no            ; no       ; Off          ; 2.5 V        ; Default          ; Series 50 Ohm without Calibration ; --                        ; no                         ; no                          ; Fitter               ; -                    ; -                   ;
; ciphertext[92]  ; Unassigned ; --       ; no              ; no                     ; no            ; 2         ; no              ; no         ; no            ; no       ; Off          ; 2.5 V        ; Default          ; Series 50 Ohm without Calibration ; --                        ; no                         ; no                          ; Fitter               ; -                    ; -                   ;
; ciphertext[93]  ; Unassigned ; --       ; no              ; no                     ; no            ; 2         ; no              ; no         ; no            ; no       ; Off          ; 2.5 V        ; Default          ; Series 50 Ohm without Calibration ; --                        ; no                         ; no                          ; Fitter               ; -                    ; -                   ;
; ciphertext[94]  ; Unassigned ; --       ; no              ; no                     ; no            ; 2         ; no              ; no         ; no            ; no       ; Off          ; 2.5 V        ; Default          ; Series 50 Ohm without Calibration ; --                        ; no                         ; no                          ; Fitter               ; -                    ; -                   ;
; ciphertext[95]  ; Unassigned ; --       ; no              ; no                     ; no            ; 2         ; no              ; no         ; no            ; no       ; Off          ; 2.5 V        ; Default          ; Series 50 Ohm without Calibration ; --                        ; no                         ; no                          ; Fitter               ; -                    ; -                   ;
; ciphertext[96]  ; Unassigned ; --       ; no              ; no                     ; no            ; 2         ; no              ; no         ; no            ; no       ; Off          ; 2.5 V        ; Default          ; Series 50 Ohm without Calibration ; --                        ; no                         ; no                          ; Fitter               ; -                    ; -                   ;
; ciphertext[97]  ; Unassigned ; --       ; no              ; no                     ; no            ; 2         ; no              ; no         ; no            ; no       ; Off          ; 2.5 V        ; Default          ; Series 50 Ohm without Calibration ; --                        ; no                         ; no                          ; Fitter               ; -                    ; -                   ;
; ciphertext[98]  ; Unassigned ; --       ; no              ; no                     ; no            ; 2         ; no              ; no         ; no            ; no       ; Off          ; 2.5 V        ; Default          ; Series 50 Ohm without Calibration ; --                        ; no                         ; no                          ; Fitter               ; -                    ; -                   ;
; ciphertext[99]  ; Unassigned ; --       ; no              ; no                     ; no            ; 2         ; no              ; no         ; no            ; no       ; Off          ; 2.5 V        ; Default          ; Series 50 Ohm without Calibration ; --                        ; no                         ; no                          ; Fitter               ; -                    ; -                   ;
; ciphertext[9]   ; Unassigned ; --       ; no              ; no                     ; no            ; 2         ; no              ; no         ; no            ; no       ; Off          ; 2.5 V        ; Default          ; Series 50 Ohm without Calibration ; --                        ; no                         ; no                          ; Fitter               ; -                    ; -                   ;
; done            ; Unassigned ; --       ; no              ; no                     ; no            ; 2         ; no              ; no         ; no            ; no       ; Off          ; 2.5 V        ; Default          ; Series 50 Ohm without Calibration ; --                        ; no                         ; no                          ; Fitter               ; -                    ; -                   ;
+-----------------+------------+----------+-----------------+------------------------+---------------+-----------+-----------------+------------+---------------+----------+--------------+--------------+------------------+-----------------------------------+---------------------------+----------------------------+-----------------------------+----------------------+----------------------+---------------------+


+----------------------------------------------------------+
; I/O Bank Usage                                           ;
+----------+----------------+---------------+--------------+
; I/O Bank ; Usage          ; VCCIO Voltage ; VREF Voltage ;
+----------+----------------+---------------+--------------+
; 1A       ; 0 / 16 ( 0 % ) ; 2.5V          ; --           ;
; 1B       ; 0 / 20 ( 0 % ) ; 2.5V          ; --           ;
; 2        ; 0 / 24 ( 0 % ) ; 2.5V          ; --           ;
; 3        ; 0 / 36 ( 0 % ) ; 2.5V          ; --           ;
; 4        ; 0 / 24 ( 0 % ) ; 2.5V          ; --           ;
; 5        ; 0 / 28 ( 0 % ) ; 2.5V          ; --           ;
; 6        ; 0 / 42 ( 0 % ) ; 2.5V          ; --           ;
; 7        ; 0 / 24 ( 0 % ) ; 2.5V          ; --           ;
; 8        ; 0 / 36 ( 0 % ) ; 2.5V          ; --           ;
; Unknown  ; 396            ; --            ;              ;
+----------+----------------+---------------+--------------+


+--------------------------------------------------------------------------------------------------------------------------------------------------------------+
; All Package Pins                                                                                                                                             ;
+----------+------------+----------+---------------------------------+-------+--------------+---------+------------+-----------------+----------+--------------+
; Location ; Pad Number ; I/O Bank ; Pin Name/Usage                  ; Dir.  ; I/O Standard ; Voltage ; I/O Type   ; User Assignment ; Bus Hold ; Weak Pull Up ;
+----------+------------+----------+---------------------------------+-------+--------------+---------+------------+-----------------+----------+--------------+
; A1       ;            ;          ; GND                             ; gnd   ;              ;         ; --         ;                 ; --       ; --           ;
; A2       ; 233        ; 8        ; RESERVED_INPUT_WITH_WEAK_PULLUP ;       ;              ;         ; Column I/O ;                 ; no       ; On           ;
; A3       ; 235        ; 8        ; RESERVED_INPUT_WITH_WEAK_PULLUP ;       ;              ;         ; Column I/O ;                 ; no       ; On           ;
; A4       ; 227        ; 8        ; RESERVED_INPUT_WITH_WEAK_PULLUP ;       ;              ;         ; Column I/O ;                 ; no       ; On           ;
; A5       ; 225        ; 8        ; RESERVED_INPUT_WITH_WEAK_PULLUP ;       ;              ;         ; Column I/O ;                 ; no       ; On           ;
; A6       ; 223        ; 8        ; RESERVED_INPUT_WITH_WEAK_PULLUP ;       ;              ;         ; Column I/O ;                 ; no       ; On           ;
; A7       ; 209        ; 7        ; RESERVED_INPUT_WITH_WEAK_PULLUP ;       ;              ;         ; Column I/O ;                 ; no       ; On           ;
; A8       ; 211        ; 7        ; RESERVED_INPUT_WITH_WEAK_PULLUP ;       ;              ;         ; Column I/O ;                 ; no       ; On           ;
; A9       ; 213        ; 7        ; RESERVED_INPUT_WITH_WEAK_PULLUP ;       ;              ;         ; Column I/O ;                 ; no       ; On           ;
; A10      ;            ;          ; NC                              ;       ;              ;         ; --         ;                 ; --       ; --           ;
; A11      ;            ;          ; NC                              ;       ;              ;         ; --         ;                 ; --       ; --           ;
; A12      ;            ;          ; NC                              ;       ;              ;         ; --         ;                 ; --       ; --           ;
; A13      ;            ;          ; NC                              ;       ;              ;         ; --         ;                 ; --       ; --           ;
; A14      ; 201        ; 7        ; RESERVED_INPUT_WITH_WEAK_PULLUP ;       ;              ;         ; Column I/O ;                 ; no       ; On           ;
; A15      ; 197        ; 7        ; RESERVED_INPUT_WITH_WEAK_PULLUP ;       ;              ;         ; Column I/O ;                 ; no       ; On           ;
; A16      ;            ;          ; NC                              ;       ;              ;         ; --         ;                 ; --       ; --           ;
; A17      ;            ;          ; NC                              ;       ;              ;         ; --         ;                 ; --       ; --           ;
; A18      ;            ;          ; NC                              ;       ;              ;         ; --         ;                 ; --       ; --           ;
; A19      ;            ;          ; NC                              ;       ;              ;         ; --         ;                 ; --       ; --           ;
; A20      ;            ;          ; NC                              ;       ;              ;         ; --         ;                 ; --       ; --           ;
; A21      ;            ;          ; NC                              ;       ;              ;         ; --         ;                 ; --       ; --           ;
; A22      ;            ;          ; GND                             ; gnd   ;              ;         ; --         ;                 ; --       ; --           ;
; AA1      ; 69         ; 3        ; RESERVED_INPUT_WITH_WEAK_PULLUP ;       ;              ;         ; Column I/O ;                 ; no       ; On           ;
; AA2      ; 71         ; 3        ; RESERVED_INPUT_WITH_WEAK_PULLUP ;       ;              ;         ; Column I/O ;                 ; no       ; On           ;
; AA3      ; 77         ; 3        ; RESERVED_INPUT_WITH_WEAK_PULLUP ;       ;              ;         ; Column I/O ;                 ; --       ; --           ;
; AA4      ;            ;          ; GND                             ; gnd   ;              ;         ; --         ;                 ; --       ; --           ;
; AA5      ; 81         ; 3        ; RESERVED_INPUT_WITH_WEAK_PULLUP ;       ;              ;         ; Column I/O ;                 ; no       ; On           ;
; AA6      ; 80         ; 3        ; RESERVED_INPUT_WITH_WEAK_PULLUP ;       ;              ;         ; Column I/O ;                 ; no       ; On           ;
; AA7      ; 82         ; 3        ; RESERVED_INPUT_WITH_WEAK_PULLUP ;       ;              ;         ; Column I/O ;                 ; no       ; On           ;
; AA8      ; 89         ; 3        ; RESERVED_INPUT_WITH_WEAK_PULLUP ;       ;              ;         ; Column I/O ;                 ; no       ; On           ;
; AA9      ; 93         ; 3        ; RESERVED_INPUT_WITH_WEAK_PULLUP ;       ;              ;         ; Column I/O ;                 ; no       ; On           ;
; AA10     ; 94         ; 3        ; RESERVED_INPUT_WITH_WEAK_PULLUP ;       ;              ;         ; Column I/O ;                 ; no       ; On           ;
; AA11     ;            ;          ; NC                              ;       ;              ;         ; --         ;                 ; --       ; --           ;
; AA12     ;            ;          ; NC                              ;       ;              ;         ; --         ;                 ; --       ; --           ;
; AA13     ; 101        ; 4        ; RESERVED_INPUT_WITH_WEAK_PULLUP ;       ;              ;         ; Column I/O ;                 ; --       ; --           ;
; AA14     ; 105        ; 4        ; RESERVED_INPUT_WITH_WEAK_PULLUP ;       ;              ;         ; Column I/O ;                 ; no       ; On           ;
; AA15     ; 109        ; 4        ; RESERVED_INPUT_WITH_WEAK_PULLUP ;       ;              ;         ; Column I/O ;                 ; no       ; On           ;
; AA16     ; 115        ; 4        ; RESERVED_INPUT_WITH_WEAK_PULLUP ;       ;              ;         ; Column I/O ;                 ; no       ; On           ;
; AA17     ;            ;          ; NC                              ;       ;              ;         ; --         ;                 ; --       ; --           ;
; AA18     ;            ;          ; GND                             ; gnd   ;              ;         ; --         ;                 ; --       ; --           ;
; AA19     ;            ;          ; NC                              ;       ;              ;         ; --         ;                 ; --       ; --           ;
; AA20     ;            ;          ; NC                              ;       ;              ;         ; --         ;                 ; --       ; --           ;
; AA21     ; 121        ; 5        ; RESERVED_INPUT_WITH_WEAK_PULLUP ;       ;              ;         ; Row I/O    ;                 ; no       ; On           ;
; AA22     ; 123        ; 5        ; RESERVED_INPUT_WITH_WEAK_PULLUP ;       ;              ;         ; Row I/O    ;                 ; no       ; On           ;
; AB1      ;            ;          ; GND                             ; gnd   ;              ;         ; --         ;                 ; --       ; --           ;
; AB2      ;            ;          ; NC                              ;       ;              ;         ; --         ;                 ; --       ; --           ;
; AB3      ;            ;          ; NC                              ;       ;              ;         ; --         ;                 ; --       ; --           ;
; AB4      ; 79         ; 3        ; RESERVED_INPUT_WITH_WEAK_PULLUP ;       ;              ;         ; Column I/O ;                 ; no       ; On           ;
; AB5      ; 83         ; 3        ; RESERVED_INPUT_WITH_WEAK_PULLUP ;       ;              ;         ; Column I/O ;                 ; no       ; On           ;
; AB6      ; 85         ; 3        ; RESERVED_INPUT_WITH_WEAK_PULLUP ;       ;              ;         ; Column I/O ;                 ; no       ; On           ;
; AB7      ; 87         ; 3        ; RESERVED_INPUT_WITH_WEAK_PULLUP ;       ;              ;         ; Column I/O ;                 ; no       ; On           ;
; AB8      ; 91         ; 3        ; RESERVED_INPUT_WITH_WEAK_PULLUP ;       ;              ;         ; Column I/O ;                 ; no       ; On           ;
; AB9      ; 95         ; 3        ; RESERVED_INPUT_WITH_WEAK_PULLUP ;       ;              ;         ; Column I/O ;                 ; no       ; On           ;
; AB10     ;            ;          ; NC                              ;       ;              ;         ; --         ;                 ; --       ; --           ;
; AB11     ;            ;          ; NC                              ;       ;              ;         ; --         ;                 ; --       ; --           ;
; AB12     ;            ;          ; NC                              ;       ;              ;         ; --         ;                 ; --       ; --           ;
; AB13     ;            ;          ; NC                              ;       ;              ;         ; --         ;                 ; --       ; --           ;
; AB14     ; 103        ; 4        ; RESERVED_INPUT_WITH_WEAK_PULLUP ;       ;              ;         ; Column I/O ;                 ; no       ; On           ;
; AB15     ; 107        ; 4        ; RESERVED_INPUT_WITH_WEAK_PULLUP ;       ;              ;         ; Column I/O ;                 ; no       ; On           ;
; AB16     ; 113        ; 4        ; RESERVED_INPUT_WITH_WEAK_PULLUP ;       ;              ;         ; Column I/O ;                 ; no       ; On           ;
; AB17     ; 117        ; 4        ; RESERVED_INPUT_WITH_WEAK_PULLUP ;       ;              ;         ; Column I/O ;                 ; no       ; On           ;
; AB18     ; 119        ; 4        ; RESERVED_INPUT_WITH_WEAK_PULLUP ;       ;              ;         ; Column I/O ;                 ; no       ; On           ;
; AB19     ;            ;          ; NC                              ;       ;              ;         ; --         ;                 ; --       ; --           ;
; AB20     ;            ;          ; NC                              ;       ;              ;         ; --         ;                 ; --       ; --           ;
; AB21     ;            ;          ; NC                              ;       ;              ;         ; --         ;                 ; --       ; --           ;
; AB22     ;            ;          ; GND                             ; gnd   ;              ;         ; --         ;                 ; --       ; --           ;
; B1       ; 247        ; 8        ; RESERVED_INPUT_WITH_WEAK_PULLUP ;       ;              ;         ; Column I/O ;                 ; no       ; On           ;
; B2       ; 245        ; 8        ; RESERVED_INPUT_WITH_WEAK_PULLUP ;       ;              ;         ; Column I/O ;                 ; no       ; On           ;
; B3       ; 236        ; 8        ; RESERVED_INPUT_WITH_WEAK_PULLUP ;       ;              ;         ; Column I/O ;                 ; no       ; On           ;
; B4       ; 238        ; 8        ; RESERVED_INPUT_WITH_WEAK_PULLUP ;       ;              ;         ; Column I/O ;                 ; no       ; On           ;
; B5       ; 237        ; 8        ; RESERVED_INPUT_WITH_WEAK_PULLUP ;       ;              ;         ; Column I/O ;                 ; no       ; On           ;
; B6       ;            ;          ; GND                             ; gnd   ;              ;         ; --         ;                 ; --       ; --           ;
; B7       ; 221        ; 8        ; RESERVED_INPUT_WITH_WEAK_PULLUP ;       ;              ;         ; Column I/O ;                 ; no       ; On           ;
; B8       ; 215        ; 7        ; RESERVED_INPUT_WITH_WEAK_PULLUP ;       ;              ;         ; Column I/O ;                 ; no       ; On           ;
; B9       ;            ;          ; GND                             ; gnd   ;              ;         ; --         ;                 ; --       ; --           ;
; B10      ; 212        ; 7        ; RESERVED_INPUT_WITH_WEAK_PULLUP ;       ;              ;         ; Column I/O ;                 ; no       ; On           ;
; B11      ;            ;          ; NC                              ;       ;              ;         ; --         ;                 ; --       ; --           ;
; B12      ;            ;          ; NC                              ;       ;              ;         ; --         ;                 ; --       ; --           ;
; B13      ;            ;          ; GND                             ; gnd   ;              ;         ; --         ;                 ; --       ; --           ;
; B14      ; 203        ; 7        ; RESERVED_INPUT_WITH_WEAK_PULLUP ;       ;              ;         ; Column I/O ;                 ; no       ; On           ;
; B15      ; 199        ; 7        ; RESERVED_INPUT_WITH_WEAK_PULLUP ;       ;              ;         ; Column I/O ;                 ; --       ; --           ;
; B16      ;            ;          ; NC                              ;       ;              ;         ; --         ;                 ; --       ; --           ;
; B17      ;            ;          ; NC                              ;       ;              ;         ; --         ;                 ; --       ; --           ;
; B18      ;            ;          ; GND                             ; gnd   ;              ;         ; --         ;                 ; --       ; --           ;
; B19      ;            ;          ; NC                              ;       ;              ;         ; --         ;                 ; --       ; --           ;
; B20      ;            ;          ; NC                              ;       ;              ;         ; --         ;                 ; --       ; --           ;
; B21      ;            ;          ; NC                              ;       ;              ;         ; --         ;                 ; --       ; --           ;
; B22      ;            ;          ; NC                              ;       ;              ;         ; --         ;                 ; --       ; --           ;
; C1       ; 21         ; 1B       ; RESERVED_INPUT_WITH_WEAK_PULLUP ;       ;              ;         ; Row I/O    ;                 ; --       ; --           ;
; C2       ; 251        ; 8        ; RESERVED_INPUT_WITH_WEAK_PULLUP ;       ;              ;         ; Column I/O ;                 ; no       ; On           ;
; C3       ; 249        ; 8        ; RESERVED_INPUT_WITH_WEAK_PULLUP ;       ;              ;         ; Column I/O ;                 ; no       ; On           ;
; C4       ; 239        ; 8        ; RESERVED_INPUT_WITH_WEAK_PULLUP ;       ;              ;         ; Column I/O ;                 ; no       ; On           ;
; C5       ; 241        ; 8        ; RESERVED_INPUT_WITH_WEAK_PULLUP ;       ;              ;         ; Column I/O ;                 ; no       ; On           ;
; C6       ; 229        ; 8        ; RESERVED_INPUT_WITH_WEAK_PULLUP ;       ;              ;         ; Column I/O ;                 ; no       ; On           ;
; C7       ; 219        ; 8        ; RESERVED_INPUT_WITH_WEAK_PULLUP ;       ;              ;         ; Column I/O ;                 ; no       ; On           ;
; C8       ; 217        ; 8        ; RESERVED_INPUT_WITH_WEAK_PULLUP ;       ;              ;         ; Column I/O ;                 ; no       ; On           ;
; C9       ; 214        ; 7        ; RESERVED_INPUT_WITH_WEAK_PULLUP ;       ;              ;         ; Column I/O ;                 ; no       ; On           ;
; C10      ;            ;          ; NC                              ;       ;              ;         ; --         ;                 ; --       ; --           ;
; C11      ;            ;          ; NC                              ;       ;              ;         ; --         ;                 ; --       ; --           ;
; C12      ;            ;          ; NC                              ;       ;              ;         ; --         ;                 ; --       ; --           ;
; C13      ; 202        ; 7        ; RESERVED_INPUT_WITH_WEAK_PULLUP ;       ;              ;         ; Column I/O ;                 ; no       ; On           ;
; C14      ; 200        ; 7        ; RESERVED_INPUT_WITH_WEAK_PULLUP ;       ;              ;         ; Column I/O ;                 ; no       ; On           ;
; C15      ;            ;          ; NC                              ;       ;              ;         ; --         ;                 ; --       ; --           ;
; C16      ;            ;          ; NC                              ;       ;              ;         ; --         ;                 ; --       ; --           ;
; C17      ; 195        ; 7        ; RESERVED_INPUT_WITH_WEAK_PULLUP ;       ;              ;         ; Column I/O ;                 ; no       ; On           ;
; C18      ;            ;          ; NC                              ;       ;              ;         ; --         ;                 ; --       ; --           ;
; C19      ;            ;          ; NC                              ;       ;              ;         ; --         ;                 ; --       ; --           ;
; C20      ; 185        ; 6        ; RESERVED_INPUT_WITH_WEAK_PULLUP ;       ;              ;         ; Row I/O    ;                 ; no       ; On           ;
; C21      ; 175        ; 6        ; RESERVED_INPUT_WITH_WEAK_PULLUP ;       ;              ;         ; Row I/O    ;                 ; no       ; On           ;
; C22      ; 171        ; 6        ; RESERVED_INPUT_WITH_WEAK_PULLUP ;       ;              ;         ; Row I/O    ;                 ; no       ; On           ;
; D1       ; 23         ; 1B       ; RESERVED_INPUT_WITH_WEAK_PULLUP ;       ;              ;         ; Row I/O    ;                 ; no       ; On           ;
; D2       ; 19         ; 1B       ; RESERVED_INPUT_WITH_WEAK_PULLUP ;       ;              ;         ; Row I/O    ;                 ; no       ; On           ;
; D3       ; 17         ; 1B       ; RESERVED_INPUT_WITH_WEAK_PULLUP ;       ;              ;         ; Row I/O    ;                 ; no       ; On           ;
; D4       ;            ;          ; GND                             ; gnd   ;              ;         ; --         ;                 ; --       ; --           ;
; D5       ; 243        ; 8        ; RESERVED_INPUT_WITH_WEAK_PULLUP ;       ;              ;         ; Column I/O ;                 ; no       ; On           ;
; D6       ; 248        ; 8        ; RESERVED_INPUT_WITH_WEAK_PULLUP ;       ;              ;         ; Column I/O ;                 ; no       ; On           ;
; D7       ; 231        ; 8        ; RESERVED_INPUT_WITH_WEAK_PULLUP ;       ;              ;         ; Column I/O ;                 ; --       ; --           ;
; D8       ; 224        ; 8        ; RESERVED_INPUT_WITH_WEAK_PULLUP ;       ;              ;         ; Column I/O ;                 ; no       ; On           ;
; D9       ; 226        ; 8        ; RESERVED_INPUT_WITH_WEAK_PULLUP ;       ;              ;         ; Column I/O ;                 ; no       ; On           ;
; D10      ; 228        ; 8        ; RESERVED_INPUT_WITH_WEAK_PULLUP ;       ;              ;         ; Column I/O ;                 ; no       ; On           ;
; D11      ;            ;          ; GND                             ; gnd   ;              ;         ; --         ;                 ; --       ; --           ;
; D12      ;            ;          ; NC                              ;       ;              ;         ; --         ;                 ; --       ; --           ;
; D13      ; 207        ; 7        ; RESERVED_INPUT_WITH_WEAK_PULLUP ;       ;              ;         ; Column I/O ;                 ; no       ; On           ;
; D14      ; 204        ; 7        ; RESERVED_INPUT_WITH_WEAK_PULLUP ;       ;              ;         ; Column I/O ;                 ; no       ; On           ;
; D15      ;            ;          ; NC                              ;       ;              ;         ; --         ;                 ; --       ; --           ;
; D16      ;            ;          ; GND                             ; gnd   ;              ;         ; --         ;                 ; --       ; --           ;
; D17      ; 193        ; 7        ; RESERVED_INPUT_WITH_WEAK_PULLUP ;       ;              ;         ; Column I/O ;                 ; no       ; On           ;
; D18      ; 189        ; 6        ; RESERVED_INPUT_WITH_WEAK_PULLUP ;       ;              ;         ; Row I/O    ;                 ; no       ; On           ;
; D19      ; 187        ; 6        ; RESERVED_INPUT_WITH_WEAK_PULLUP ;       ;              ;         ; Row I/O    ;                 ; no       ; On           ;
; D20      ;            ;          ; GND                             ; gnd   ;              ;         ; --         ;                 ; --       ; --           ;
; D21      ; 173        ; 6        ; RESERVED_INPUT_WITH_WEAK_PULLUP ;       ;              ;         ; Row I/O    ;                 ; --       ; --           ;
; D22      ; 169        ; 6        ; RESERVED_INPUT_WITH_WEAK_PULLUP ;       ;              ;         ; Row I/O    ;                 ; no       ; On           ;
; E1       ; 29         ; 1B       ; RESERVED_INPUT_WITH_WEAK_PULLUP ;       ;              ;         ; Row I/O    ;                 ; no       ; On           ;
; E2       ;            ;          ; GND                             ; gnd   ;              ;         ; --         ;                 ; --       ; --           ;
; E3       ; 3          ; 1A       ; RESERVED_INPUT_WITH_WEAK_PULLUP ;       ;              ;         ; Row I/O    ;                 ; no       ; On           ;
; E4       ; 1          ; 1A       ; RESERVED_INPUT_WITH_WEAK_PULLUP ;       ;              ;         ; Row I/O    ;                 ; no       ; On           ;
; E5       ;            ;          ; GND                             ; gnd   ;              ;         ; --         ;                 ; --       ; --           ;
; E6       ; 250        ; 8        ; RESERVED_INPUT_WITH_WEAK_PULLUP ;       ;              ;         ; Column I/O ;                 ; no       ; On           ;
; E7       ;            ;          ; GND                             ; gnd   ;              ;         ; --         ;                 ; --       ; --           ;
; E8       ; 240        ; 8        ; RESERVED_INPUT_WITH_WEAK_PULLUP ;       ;              ;         ; Column I/O ;                 ; no       ; On           ;
; E9       ; 230        ; 8        ; RESERVED_INPUT_WITH_WEAK_PULLUP ;       ;              ;         ; Column I/O ;                 ; no       ; On           ;
; E10      ; 218        ; 8        ; RESERVED_INPUT_WITH_WEAK_PULLUP ;       ;              ;         ; Column I/O ;                 ; no       ; On           ;
; E11      ; 216        ; 8        ; RESERVED_INPUT_WITH_WEAK_PULLUP ;       ;              ;         ; Column I/O ;                 ; no       ; On           ;
; E12      ; 205        ; 7        ; RESERVED_INPUT_WITH_WEAK_PULLUP ;       ;              ;         ; Column I/O ;                 ; no       ; On           ;
; E13      ; 206        ; 7        ; RESERVED_INPUT_WITH_WEAK_PULLUP ;       ;              ;         ; Column I/O ;                 ; no       ; On           ;
; E14      ;            ;          ; NC                              ;       ;              ;         ; --         ;                 ; --       ; --           ;
; E15      ; 194        ; 7        ; RESERVED_INPUT_WITH_WEAK_PULLUP ;       ;              ;         ; Column I/O ;                 ; no       ; On           ;
; E16      ; 192        ; 7        ; RESERVED_INPUT_WITH_WEAK_PULLUP ;       ;              ;         ; Column I/O ;                 ; no       ; On           ;
; E17      ;            ;          ; NC                              ;       ;              ;         ; --         ;                 ; --       ; --           ;
; E18      ; 191        ; 6        ; RESERVED_INPUT_WITH_WEAK_PULLUP ;       ;              ;         ; Row I/O    ;                 ; no       ; On           ;
; E19      ; 180        ; 6        ; RESERVED_INPUT_WITH_WEAK_PULLUP ;       ;              ;         ; Row I/O    ;                 ; no       ; On           ;
; E20      ;            ;          ; NC                              ;       ;              ;         ; --         ;                 ; --       ; --           ;
; E21      ; 163        ; 6        ; RESERVED_INPUT_WITH_WEAK_PULLUP ;       ;              ;         ; Row I/O    ;                 ; no       ; On           ;
; E22      ; 161        ; 6        ; RESERVED_INPUT_WITH_WEAK_PULLUP ;       ;              ;         ; Row I/O    ;                 ; no       ; On           ;
; F1       ; 35         ; 1B       ; RESERVED_INPUT_WITH_WEAK_PULLUP ;       ;              ;         ; Row I/O    ;                 ; no       ; On           ;
; F2       ; 31         ; 1B       ; RESERVED_INPUT_WITH_WEAK_PULLUP ;       ;              ;         ; Row I/O    ;                 ; no       ; On           ;
; F3       ; 7          ; 1A       ; RESERVED_INPUT_WITH_WEAK_PULLUP ;       ;              ;         ; Row I/O    ;                 ; no       ; On           ;
; F4       ; 2          ; 1A       ; RESERVED_INPUT_WITH_WEAK_PULLUP ;       ;              ;         ; Row I/O    ;                 ; no       ; On           ;
; F5       ; 0          ; 1A       ; RESERVED_INPUT_WITH_WEAK_PULLUP ;       ;              ;         ; Row I/O    ;                 ; no       ; On           ;
; F6       ;            ;          ; GND                             ; gnd   ;              ;         ; --         ;                 ; --       ; --           ;
; F7       ; 242        ; 8        ; RESERVED_INPUT_WITH_WEAK_PULLUP ;       ;              ;         ; Column I/O ;                 ; no       ; On           ;
; F8       ; 246        ; 8        ; RESERVED_INPUT_WITH_WEAK_PULLUP ;       ;              ;         ; Column I/O ;                 ; no       ; On           ;
; F9       ;            ; 8        ; VCCIO8                          ; power ;              ; 2.5V    ; --         ;                 ; --       ; --           ;
; F10      ;            ;          ; GND                             ; gnd   ;              ;         ; --         ;                 ; --       ; --           ;
; F11      ;            ; 8        ; VCCIO8                          ; power ;              ; 2.5V    ; --         ;                 ; --       ; --           ;
; F12      ;            ; 7        ; VCCIO7                          ; power ;              ; 2.5V    ; --         ;                 ; --       ; --           ;
; F13      ;            ;          ; GND                             ; gnd   ;              ;         ; --         ;                 ; --       ; --           ;
; F14      ;            ; 7        ; VCCIO7                          ; power ;              ; 2.5V    ; --         ;                 ; --       ; --           ;
; F15      ;            ;          ; NC                              ;       ;              ;         ; --         ;                 ; --       ; --           ;
; F16      ;            ;          ; NC                              ;       ;              ;         ; --         ;                 ; --       ; --           ;
; F17      ;            ;          ; NC                              ;       ;              ;         ; --         ;                 ; --       ; --           ;
; F18      ; 182        ; 6        ; RESERVED_INPUT_WITH_WEAK_PULLUP ;       ;              ;         ; Row I/O    ;                 ; no       ; On           ;
; F19      ;            ;          ; NC                              ;       ;              ;         ; --         ;                 ; --       ; --           ;
; F20      ; 170        ; 6        ; RESERVED_INPUT_WITH_WEAK_PULLUP ;       ;              ;         ; Row I/O    ;                 ; no       ; On           ;
; F21      ; 168        ; 6        ; RESERVED_INPUT_WITH_WEAK_PULLUP ;       ;              ;         ; Row I/O    ;                 ; no       ; On           ;
; F22      ; 159        ; 6        ; RESERVED_INPUT_WITH_WEAK_PULLUP ;       ;              ;         ; Row I/O    ;                 ; no       ; On           ;
; G1       ; 33         ; 1B       ; RESERVED_INPUT_WITH_WEAK_PULLUP ;       ;              ;         ; Row I/O    ;                 ; no       ; On           ;
; G2       ; 22         ; 1B       ; RESERVED_INPUT_WITH_WEAK_PULLUP ;       ;              ;         ; Row I/O    ;                 ; --       ; --           ;
; G3       ; 11         ; 1A       ; RESERVED_INPUT_WITH_WEAK_PULLUP ;       ;              ;         ; Row I/O    ;                 ; no       ; On           ;
; G4       ; 5          ; 1A       ; RESERVED_INPUT_WITH_WEAK_PULLUP ;       ;              ;         ; Row I/O    ;                 ; no       ; On           ;
; G5       ;            ;          ; ANAIN1                          ;       ;              ;         ; --         ;                 ; --       ; --           ;
; G6       ;            ;          ; GND                             ; gnd   ;              ;         ; --         ;                 ; --       ; --           ;
; G7       ;            ;          ; NC                              ;       ;              ;         ; --         ;                 ; --       ; --           ;
; G8       ;            ;          ; GND                             ; gnd   ;              ;         ; --         ;                 ; --       ; --           ;
; G9       ; 244        ; 8        ; RESERVED_INPUT_WITH_WEAK_PULLUP ;       ;              ;         ; Column I/O ;                 ; no       ; On           ;
; G10      ;            ; 8        ; VCCIO8                          ; power ;              ; 2.5V    ; --         ;                 ; --       ; --           ;
; G11      ;            ; 8        ; VCCIO8                          ; power ;              ; 2.5V    ; --         ;                 ; --       ; --           ;
; G12      ;            ; 7        ; VCCIO7                          ; power ;              ; 2.5V    ; --         ;                 ; --       ; --           ;
; G13      ;            ; 7        ; VCCIO7                          ; power ;              ; 2.5V    ; --         ;                 ; --       ; --           ;
; G14      ;            ; 7        ; VCCIO7                          ; power ;              ; 2.5V    ; --         ;                 ; --       ; --           ;
; G15      ;            ;          ; GND                             ; gnd   ;              ;         ; --         ;                 ; --       ; --           ;
; G16      ;            ;          ; VCCD_PLL2                       ; power ;              ; 1.2V    ; --         ;                 ; --       ; --           ;
; G17      ; 190        ; 6        ; RESERVED_INPUT_WITH_WEAK_PULLUP ;       ;              ;         ; Row I/O    ;                 ; no       ; On           ;
; G18      ;            ;          ; GND                             ; gnd   ;              ;         ; --         ;                 ; --       ; --           ;
; G19      ; 158        ; 6        ; RESERVED_INPUT_WITH_WEAK_PULLUP ;       ;              ;         ; Row I/O    ;                 ; no       ; On           ;
; G20      ; 156        ; 6        ; RESERVED_INPUT_WITH_WEAK_PULLUP ;       ;              ;         ; Row I/O    ;                 ; no       ; On           ;
; G21      ;            ;          ; GND                             ; gnd   ;              ;         ; --         ;                 ; --       ; --           ;
; G22      ; 157        ; 6        ; RESERVED_INPUT_WITH_WEAK_PULLUP ;       ;              ;         ; Row I/O    ;                 ; no       ; On           ;
; H1       ; 32         ; 1B       ; RESERVED_INPUT_WITH_WEAK_PULLUP ;       ;              ;         ; Row I/O    ;                 ; no       ; On           ;
; H2       ; 20         ; 1B       ; RESERVED_INPUT_WITH_WEAK_PULLUP ;       ;              ;         ; Row I/O    ;                 ; --       ; --           ;
; H3       ; 10         ; 1A       ; RESERVED_INPUT_WITH_WEAK_PULLUP ;       ;              ;         ; Row I/O    ;                 ; no       ; On           ;
; H4       ; 9          ; 1A       ; RESERVED_INPUT_WITH_WEAK_PULLUP ;       ;              ;         ; Row I/O    ;                 ; no       ; On           ;
; H5       ;            ;          ; REFGND                          ;       ;              ;         ; --         ;                 ; --       ; --           ;
; H6       ;            ;          ; ADC_VREF                        ;       ;              ;         ; --         ;                 ; --       ; --           ;
; H7       ;            ; --       ; VCCA_ADC                        ; power ;              ; 2.5V    ; --         ;                 ; --       ; --           ;
; H8       ;            ; --       ; VCCA3                           ; power ;              ; 2.5V    ; --         ;                 ; --       ; --           ;
; H9       ; 234        ; 8        ; RESERVED_INPUT_WITH_WEAK_PULLUP ;       ;              ;         ; Column I/O ;                 ; no       ; On           ;
; H10      ; 232        ; 8        ; RESERVED_INPUT_WITH_WEAK_PULLUP ;       ;              ;         ; Column I/O ;                 ; no       ; On           ;
; H11      ; 222        ; 8        ; RESERVED_INPUT_WITH_WEAK_PULLUP ;       ;              ;         ; Column I/O ;                 ; no       ; On           ;
; H12      ; 208        ; 7        ; RESERVED_INPUT_WITH_WEAK_PULLUP ;       ;              ;         ; Column I/O ;                 ; no       ; On           ;
; H13      ;            ;          ; NC                              ;       ;              ;         ; --         ;                 ; --       ; --           ;
; H14      ; 196        ; 7        ; RESERVED_INPUT_WITH_WEAK_PULLUP ;       ;              ;         ; Column I/O ;                 ; no       ; On           ;
; H15      ;            ; --       ; VCCA2                           ; power ;              ; 2.5V    ; --         ;                 ; --       ; --           ;
; H16      ;            ; 6        ; VCCIO6                          ; power ;              ; 2.5V    ; --         ;                 ; --       ; --           ;
; H17      ; 188        ; 6        ; RESERVED_INPUT_WITH_WEAK_PULLUP ;       ;              ;         ; Row I/O    ;                 ; no       ; On           ;
; H18      ;            ;          ; NC                              ;       ;              ;         ; --         ;                 ; --       ; --           ;
; H19      ;            ;          ; NC                              ;       ;              ;         ; --         ;                 ; --       ; --           ;
; H20      ;            ;          ; NC                              ;       ;              ;         ; --         ;                 ; --       ; --           ;
; H21      ; 151        ; 6        ; RESERVED_INPUT_WITH_WEAK_PULLUP ;       ;              ;         ; Row I/O    ;                 ; no       ; On           ;
; H22      ; 149        ; 6        ; RESERVED_INPUT_WITH_WEAK_PULLUP ;       ;              ;         ; Row I/O    ;                 ; no       ; On           ;
; J1       ; 34         ; 1B       ; RESERVED_INPUT_WITH_WEAK_PULLUP ;       ;              ;         ; Row I/O    ;                 ; no       ; On           ;
; J2       ;            ;          ; GND                             ; gnd   ;              ;         ; --         ;                 ; --       ; --           ;
; J3       ; 15         ; 1A       ; RESERVED_INPUT_WITH_WEAK_PULLUP ;       ;              ;         ; Row I/O    ;                 ; no       ; On           ;
; J4       ; 8          ; 1A       ; RESERVED_INPUT_WITH_WEAK_PULLUP ;       ;              ;         ; Row I/O    ;                 ; no       ; On           ;
; J5       ;            ;          ; NC                              ;       ;              ;         ; --         ;                 ; --       ; --           ;
; J6       ;            ;          ; GND                             ; gnd   ;              ;         ; --         ;                 ; --       ; --           ;
; J7       ;            ;          ; VCCINT                          ; power ;              ; 1.2V    ; --         ;                 ; --       ; --           ;
; J8       ; 4          ; 1A       ; RESERVED_INPUT_WITH_WEAK_PULLUP ;       ;              ;         ; Row I/O    ;                 ; no       ; On           ;
; J9       ; 6          ; 1A       ; RESERVED_INPUT_WITH_WEAK_PULLUP ;       ;              ;         ; Row I/O    ;                 ; no       ; On           ;
; J10      ; 220        ; 8        ; RESERVED_INPUT_WITH_WEAK_PULLUP ;       ;              ;         ; Column I/O ;                 ; no       ; On           ;
; J11      ; 210        ; 7        ; RESERVED_INPUT_WITH_WEAK_PULLUP ;       ;              ;         ; Column I/O ;                 ; no       ; On           ;
; J12      ;            ;          ; NC                              ;       ;              ;         ; --         ;                 ; --       ; --           ;
; J13      ; 198        ; 7        ; RESERVED_INPUT_WITH_WEAK_PULLUP ;       ;              ;         ; Column I/O ;                 ; no       ; On           ;
; J14      ;            ;          ; NC                              ;       ;              ;         ; --         ;                 ; --       ; --           ;
; J15      ;            ;          ; NC                              ;       ;              ;         ; --         ;                 ; --       ; --           ;
; J16      ;            ;          ; GND                             ; gnd   ;              ;         ; --         ;                 ; --       ; --           ;
; J17      ;            ; 6        ; VCCIO6                          ; power ;              ; 2.5V    ; --         ;                 ; --       ; --           ;
; J18      ;            ;          ; NC                              ;       ;              ;         ; --         ;                 ; --       ; --           ;
; J19      ;            ;          ; GND                             ; gnd   ;              ;         ; --         ;                 ; --       ; --           ;
; J20      ;            ;          ; NC                              ;       ;              ;         ; --         ;                 ; --       ; --           ;
; J21      ; 155        ; 6        ; RESERVED_INPUT_WITH_WEAK_PULLUP ;       ;              ;         ; Row I/O    ;                 ; no       ; On           ;
; J22      ; 153        ; 6        ; RESERVED_INPUT_WITH_WEAK_PULLUP ;       ;              ;         ; Row I/O    ;                 ; no       ; On           ;
; K1       ;            ;          ; NC                              ;       ;              ;         ; --         ;                 ; --       ; --           ;
; K2       ; 25         ; 1B       ; RESERVED_INPUT_WITH_WEAK_PULLUP ;       ;              ;         ; Row I/O    ;                 ; no       ; On           ;
; K3       ;            ;          ; GND                             ; gnd   ;              ;         ; --         ;                 ; --       ; --           ;
; K4       ; 13         ; 1A       ; RESERVED_INPUT_WITH_WEAK_PULLUP ;       ;              ;         ; Row I/O    ;                 ; no       ; On           ;
; K5       ; 12         ; 1A       ; RESERVED_INPUT_WITH_WEAK_PULLUP ;       ;              ;         ; Row I/O    ;                 ; no       ; On           ;
; K6       ; 14         ; 1A       ; RESERVED_INPUT_WITH_WEAK_PULLUP ;       ;              ;         ; Row I/O    ;                 ; no       ; On           ;
; K7       ;            ; 1A       ; VCCIO1A                         ; power ;              ; 2.5V    ; --         ;                 ; --       ; --           ;
; K8       ; 16         ; 1B       ; RESERVED_INPUT_WITH_WEAK_PULLUP ;       ;              ;         ; Row I/O    ;                 ; no       ; On           ;
; K9       ; 18         ; 1B       ; RESERVED_INPUT_WITH_WEAK_PULLUP ;       ;              ;         ; Row I/O    ;                 ; no       ; On           ;
; K10      ;            ;          ; GND                             ; gnd   ;              ;         ; --         ;                 ; --       ; --           ;
; K11      ;            ; --       ; VCC                             ; power ;              ; 1.2V    ; --         ;                 ; --       ; --           ;
; K12      ;            ;          ; GND                             ; gnd   ;              ;         ; --         ;                 ; --       ; --           ;
; K13      ;            ; --       ; VCC                             ; power ;              ; 1.2V    ; --         ;                 ; --       ; --           ;
; K14      ; 184        ; 6        ; RESERVED_INPUT_WITH_WEAK_PULLUP ;       ;              ;         ; Row I/O    ;                 ; no       ; On           ;
; K15      ; 186        ; 6        ; RESERVED_INPUT_WITH_WEAK_PULLUP ;       ;              ;         ; Row I/O    ;                 ; no       ; On           ;
; K16      ;            ; 6        ; VCCIO6                          ; power ;              ; 2.5V    ; --         ;                 ; --       ; --           ;
; K17      ;            ; 6        ; VCCIO6                          ; power ;              ; 2.5V    ; --         ;                 ; --       ; --           ;
; K18      ;            ;          ; NC                              ;       ;              ;         ; --         ;                 ; --       ; --           ;
; K19      ;            ;          ; NC                              ;       ;              ;         ; --         ;                 ; --       ; --           ;
; K20      ;            ;          ; NC                              ;       ;              ;         ; --         ;                 ; --       ; --           ;
; K21      ; 154        ; 6        ; RESERVED_INPUT_WITH_WEAK_PULLUP ;       ;              ;         ; Row I/O    ;                 ; no       ; On           ;
; K22      ; 152        ; 6        ; RESERVED_INPUT_WITH_WEAK_PULLUP ;       ;              ;         ; Row I/O    ;                 ; no       ; On           ;
; L1       ;            ;          ; NC                              ;       ;              ;         ; --         ;                 ; --       ; --           ;
; L2       ; 27         ; 1B       ; RESERVED_INPUT_WITH_WEAK_PULLUP ;       ;              ;         ; Row I/O    ;                 ; no       ; On           ;
; L3       ;            ;          ; DNU                             ;       ;              ;         ; --         ;                 ; --       ; --           ;
; L4       ; 24         ; 1B       ; RESERVED_INPUT_WITH_WEAK_PULLUP ;       ;              ;         ; Row I/O    ;                 ; --       ; --           ;
; L5       ;            ;          ; GND                             ; gnd   ;              ;         ; --         ;                 ; --       ; --           ;
; L6       ;            ; 1A       ; VCCIO1A                         ; power ;              ; 2.5V    ; --         ;                 ; --       ; --           ;
; L7       ;            ; 1B       ; VCCIO1B                         ; power ;              ; 2.5V    ; --         ;                 ; --       ; --           ;
; L8       ; 28         ; 1B       ; RESERVED_INPUT_WITH_WEAK_PULLUP ;       ;              ;         ; Row I/O    ;                 ; no       ; On           ;
; L9       ; 30         ; 1B       ; RESERVED_INPUT_WITH_WEAK_PULLUP ;       ;              ;         ; Row I/O    ;                 ; no       ; On           ;
; L10      ;            ; --       ; VCC                             ; power ;              ; 1.2V    ; --         ;                 ; --       ; --           ;
; L11      ;            ; --       ; VCC                             ; power ;              ; 1.2V    ; --         ;                 ; --       ; --           ;
; L12      ;            ; --       ; VCC                             ; power ;              ; 1.2V    ; --         ;                 ; --       ; --           ;
; L13      ;            ;          ; GND                             ; gnd   ;              ;         ; --         ;                 ; --       ; --           ;
; L14      ; 172        ; 6        ; RESERVED_INPUT_WITH_WEAK_PULLUP ;       ;              ;         ; Row I/O    ;                 ; no       ; On           ;
; L15      ; 174        ; 6        ; RESERVED_INPUT_WITH_WEAK_PULLUP ;       ;              ;         ; Row I/O    ;                 ; no       ; On           ;
; L16      ;            ; 6        ; VCCIO6                          ; power ;              ; 2.5V    ; --         ;                 ; --       ; --           ;
; L17      ;            ;          ; GND                             ; gnd   ;              ;         ; --         ;                 ; --       ; --           ;
; L18      ; 178        ; 6        ; RESERVED_INPUT_WITH_WEAK_PULLUP ;       ;              ;         ; Row I/O    ;                 ; no       ; On           ;
; L19      ; 177        ; 6        ; RESERVED_INPUT_WITH_WEAK_PULLUP ;       ;              ;         ; Row I/O    ;                 ; no       ; On           ;
; L20      ; 179        ; 6        ; RESERVED_INPUT_WITH_WEAK_PULLUP ;       ;              ;         ; Row I/O    ;                 ; no       ; On           ;
; L21      ;            ;          ; GND                             ; gnd   ;              ;         ; --         ;                 ; --       ; --           ;
; L22      ; 146        ; 5        ; RESERVED_INPUT_WITH_WEAK_PULLUP ;       ;              ;         ; Row I/O    ;                 ; no       ; On           ;
; M1       ; 47         ; 2        ; RESERVED_INPUT_WITH_WEAK_PULLUP ;       ;              ;         ; Row I/O    ;                 ; no       ; On           ;
; M2       ; 45         ; 2        ; RESERVED_INPUT_WITH_WEAK_PULLUP ;       ;              ;         ; Row I/O    ;                 ; --       ; --           ;
; M3       ;            ;          ; NC                              ;       ;              ;         ; --         ;                 ; --       ; --           ;
; M4       ;            ;          ; NC                              ;       ;              ;         ; --         ;                 ; --       ; --           ;
; M5       ; 26         ; 1B       ; RESERVED_INPUT_WITH_WEAK_PULLUP ;       ;              ;         ; Row I/O    ;                 ; --       ; --           ;
; M6       ;            ; 1B       ; VCCIO1B                         ; power ;              ; 2.5V    ; --         ;                 ; --       ; --           ;
; M7       ;            ;          ; GND                             ; gnd   ;              ;         ; --         ;                 ; --       ; --           ;
; M8       ; 40         ; 2        ; RESERVED_INPUT_WITH_WEAK_PULLUP ;       ;              ;         ; Row I/O    ;                 ; no       ; On           ;
; M9       ; 42         ; 2        ; RESERVED_INPUT_WITH_WEAK_PULLUP ;       ;              ;         ; Row I/O    ;                 ; no       ; On           ;
; M10      ;            ;          ; GND                             ; gnd   ;              ;         ; --         ;                 ; --       ; --           ;
; M11      ;            ; --       ; VCC                             ; power ;              ; 1.2V    ; --         ;                 ; --       ; --           ;
; M12      ;            ; --       ; VCC                             ; power ;              ; 1.2V    ; --         ;                 ; --       ; --           ;
; M13      ;            ; --       ; VCC                             ; power ;              ; 1.2V    ; --         ;                 ; --       ; --           ;
; M14      ; 162        ; 6        ; RESERVED_INPUT_WITH_WEAK_PULLUP ;       ;              ;         ; Row I/O    ;                 ; no       ; On           ;
; M15      ; 160        ; 6        ; RESERVED_INPUT_WITH_WEAK_PULLUP ;       ;              ;         ; Row I/O    ;                 ; no       ; On           ;
; M16      ;            ;          ; GND                             ; gnd   ;              ;         ; --         ;                 ; --       ; --           ;
; M17      ;            ; 6        ; VCCIO6                          ; power ;              ; 2.5V    ; --         ;                 ; --       ; --           ;
; M18      ; 176        ; 6        ; RESERVED_INPUT_WITH_WEAK_PULLUP ;       ;              ;         ; Row I/O    ;                 ; no       ; On           ;
; M19      ;            ;          ; GND                             ; gnd   ;              ;         ; --         ;                 ; --       ; --           ;
; M20      ; 165        ; 6        ; RESERVED_INPUT_WITH_WEAK_PULLUP ;       ;              ;         ; Row I/O    ;                 ; no       ; On           ;
; M21      ; 144        ; 5        ; RESERVED_INPUT_WITH_WEAK_PULLUP ;       ;              ;         ; Row I/O    ;                 ; no       ; On           ;
; M22      ; 147        ; 5        ; RESERVED_INPUT_WITH_WEAK_PULLUP ;       ;              ;         ; Row I/O    ;                 ; no       ; On           ;
; N1       ; 55         ; 2        ; RESERVED_INPUT_WITH_WEAK_PULLUP ;       ;              ;         ; Row I/O    ;                 ; no       ; On           ;
; N2       ; 43         ; 2        ; RESERVED_INPUT_WITH_WEAK_PULLUP ;       ;              ;         ; Row I/O    ;                 ; no       ; On           ;
; N3       ; 41         ; 2        ; RESERVED_INPUT_WITH_WEAK_PULLUP ;       ;              ;         ; Row I/O    ;                 ; no       ; On           ;
; N4       ; 36         ; 2        ; RESERVED_INPUT_WITH_WEAK_PULLUP ;       ;              ;         ; Row I/O    ;                 ; no       ; On           ;
; N5       ; 38         ; 2        ; RESERVED_INPUT_WITH_WEAK_PULLUP ;       ;              ;         ; Row I/O    ;                 ; no       ; On           ;
; N6       ;            ; 2        ; VCCIO2                          ; power ;              ; 2.5V    ; --         ;                 ; --       ; --           ;
; N7       ;            ; 2        ; VCCIO2                          ; power ;              ; 2.5V    ; --         ;                 ; --       ; --           ;
; N8       ; 52         ; 2        ; RESERVED_INPUT_WITH_WEAK_PULLUP ;       ;              ;         ; Row I/O    ;                 ; no       ; On           ;
; N9       ; 54         ; 2        ; RESERVED_INPUT_WITH_WEAK_PULLUP ;       ;              ;         ; Row I/O    ;                 ; no       ; On           ;
; N10      ;            ; --       ; VCC                             ; power ;              ; 1.2V    ; --         ;                 ; --       ; --           ;
; N11      ;            ;          ; GND                             ; gnd   ;              ;         ; --         ;                 ; --       ; --           ;
; N12      ;            ; --       ; VCC                             ; power ;              ; 1.2V    ; --         ;                 ; --       ; --           ;
; N13      ;            ;          ; GND                             ; gnd   ;              ;         ; --         ;                 ; --       ; --           ;
; N14      ; 148        ; 6        ; RESERVED_INPUT_WITH_WEAK_PULLUP ;       ;              ;         ; Row I/O    ;                 ; no       ; On           ;
; N15      ; 150        ; 6        ; RESERVED_INPUT_WITH_WEAK_PULLUP ;       ;              ;         ; Row I/O    ;                 ; no       ; On           ;
; N16      ;            ; 5        ; VCCIO5                          ; power ;              ; 2.5V    ; --         ;                 ; --       ; --           ;
; N17      ;            ; 6        ; VCCIO6                          ; power ;              ; 2.5V    ; --         ;                 ; --       ; --           ;
; N18      ; 164        ; 6        ; RESERVED_INPUT_WITH_WEAK_PULLUP ;       ;              ;         ; Row I/O    ;                 ; no       ; On           ;
; N19      ; 166        ; 6        ; RESERVED_INPUT_WITH_WEAK_PULLUP ;       ;              ;         ; Row I/O    ;                 ; no       ; On           ;
; N20      ; 167        ; 6        ; RESERVED_INPUT_WITH_WEAK_PULLUP ;       ;              ;         ; Row I/O    ;                 ; no       ; On           ;
; N21      ; 145        ; 5        ; RESERVED_INPUT_WITH_WEAK_PULLUP ;       ;              ;         ; Row I/O    ;                 ; no       ; On           ;
; N22      ; 139        ; 5        ; RESERVED_INPUT_WITH_WEAK_PULLUP ;       ;              ;         ; Row I/O    ;                 ; no       ; On           ;
; P1       ; 53         ; 2        ; RESERVED_INPUT_WITH_WEAK_PULLUP ;       ;              ;         ; Row I/O    ;                 ; no       ; On           ;
; P2       ;            ;          ; GND                             ; gnd   ;              ;         ; --         ;                 ; --       ; --           ;
; P3       ; 44         ; 2        ; RESERVED_INPUT_WITH_WEAK_PULLUP ;       ;              ;         ; Row I/O    ;                 ; no       ; On           ;
; P4       ; 37         ; 2        ; RESERVED_INPUT_WITH_WEAK_PULLUP ;       ;              ;         ; Row I/O    ;                 ; no       ; On           ;
; P5       ; 39         ; 2        ; RESERVED_INPUT_WITH_WEAK_PULLUP ;       ;              ;         ; Row I/O    ;                 ; no       ; On           ;
; P6       ;            ;          ; GND                             ; gnd   ;              ;         ; --         ;                 ; --       ; --           ;
; P7       ;            ; 2        ; VCCIO2                          ; power ;              ; 2.5V    ; --         ;                 ; --       ; --           ;
; P8       ;            ;          ; NC                              ;       ;              ;         ; --         ;                 ; --       ; --           ;
; P9       ;            ;          ; NC                              ;       ;              ;         ; --         ;                 ; --       ; --           ;
; P10      ; 78         ; 3        ; RESERVED_INPUT_WITH_WEAK_PULLUP ;       ;              ;         ; Column I/O ;                 ; no       ; On           ;
; P11      ; 90         ; 3        ; RESERVED_INPUT_WITH_WEAK_PULLUP ;       ;              ;         ; Column I/O ;                 ; no       ; On           ;
; P12      ;            ;          ; NC                              ;       ;              ;         ; --         ;                 ; --       ; --           ;
; P13      ; 102        ; 4        ; RESERVED_INPUT_WITH_WEAK_PULLUP ;       ;              ;         ; Column I/O ;                 ; no       ; On           ;
; P14      ; 138        ; 5        ; RESERVED_INPUT_WITH_WEAK_PULLUP ;       ;              ;         ; Row I/O    ;                 ; no       ; On           ;
; P15      ; 136        ; 5        ; RESERVED_INPUT_WITH_WEAK_PULLUP ;       ;              ;         ; Row I/O    ;                 ; no       ; On           ;
; P16      ;            ; 5        ; VCCIO5                          ; power ;              ; 2.5V    ; --         ;                 ; --       ; --           ;
; P17      ;            ;          ; GND                             ; gnd   ;              ;         ; --         ;                 ; --       ; --           ;
; P18      ; 142        ; 5        ; RESERVED_INPUT_WITH_WEAK_PULLUP ;       ;              ;         ; Row I/O    ;                 ; no       ; On           ;
; P19      ; 141        ; 5        ; RESERVED_INPUT_WITH_WEAK_PULLUP ;       ;              ;         ; Row I/O    ;                 ; no       ; On           ;
; P20      ; 143        ; 5        ; RESERVED_INPUT_WITH_WEAK_PULLUP ;       ;              ;         ; Row I/O    ;                 ; no       ; On           ;
; P21      ; 137        ; 5        ; RESERVED_INPUT_WITH_WEAK_PULLUP ;       ;              ;         ; Row I/O    ;                 ; no       ; On           ;
; P22      ; 135        ; 5        ; RESERVED_INPUT_WITH_WEAK_PULLUP ;       ;              ;         ; Row I/O    ;                 ; --       ; --           ;
; R1       ; 57         ; 2        ; RESERVED_INPUT_WITH_WEAK_PULLUP ;       ;              ;         ; Row I/O    ;                 ; no       ; On           ;
; R2       ; 59         ; 2        ; RESERVED_INPUT_WITH_WEAK_PULLUP ;       ;              ;         ; Row I/O    ;                 ; no       ; On           ;
; R3       ; 46         ; 2        ; RESERVED_INPUT_WITH_WEAK_PULLUP ;       ;              ;         ; Row I/O    ;                 ; no       ; On           ;
; R4       ; 48         ; 2        ; RESERVED_INPUT_WITH_WEAK_PULLUP ;       ;              ;         ; Row I/O    ;                 ; no       ; On           ;
; R5       ; 50         ; 2        ; RESERVED_INPUT_WITH_WEAK_PULLUP ;       ;              ;         ; Row I/O    ;                 ; no       ; On           ;
; R6       ;            ; 2        ; VCCIO2                          ; power ;              ; 2.5V    ; --         ;                 ; --       ; --           ;
; R7       ;            ;          ; NC                              ;       ;              ;         ; --         ;                 ; --       ; --           ;
; R8       ;            ; --       ; VCCA1                           ; power ;              ; 2.5V    ; --         ;                 ; --       ; --           ;
; R9       ;            ;          ; NC                              ;       ;              ;         ; --         ;                 ; --       ; --           ;
; R10      ; 76         ; 3        ; RESERVED_INPUT_WITH_WEAK_PULLUP ;       ;              ;         ; Column I/O ;                 ; no       ; On           ;
; R11      ; 88         ; 3        ; RESERVED_INPUT_WITH_WEAK_PULLUP ;       ;              ;         ; Column I/O ;                 ; no       ; On           ;
; R12      ;            ;          ; NC                              ;       ;              ;         ; --         ;                 ; --       ; --           ;
; R13      ; 100        ; 4        ; RESERVED_INPUT_WITH_WEAK_PULLUP ;       ;              ;         ; Column I/O ;                 ; no       ; On           ;
; R14      ; 126        ; 5        ; RESERVED_INPUT_WITH_WEAK_PULLUP ;       ;              ;         ; Row I/O    ;                 ; no       ; On           ;
; R15      ; 124        ; 5        ; RESERVED_INPUT_WITH_WEAK_PULLUP ;       ;              ;         ; Row I/O    ;                 ; no       ; On           ;
; R16      ;            ; 5        ; VCCIO5                          ; power ;              ; 2.5V    ; --         ;                 ; --       ; --           ;
; R17      ;            ; 5        ; VCCIO5                          ; power ;              ; 2.5V    ; --         ;                 ; --       ; --           ;
; R18      ; 140        ; 5        ; RESERVED_INPUT_WITH_WEAK_PULLUP ;       ;              ;         ; Row I/O    ;                 ; no       ; On           ;
; R19      ;            ;          ; GND                             ; gnd   ;              ;         ; --         ;                 ; --       ; --           ;
; R20      ; 131        ; 5        ; RESERVED_INPUT_WITH_WEAK_PULLUP ;       ;              ;         ; Row I/O    ;                 ; no       ; On           ;
; R21      ;            ;          ; GND                             ; gnd   ;              ;         ; --         ;                 ; --       ; --           ;
; R22      ; 133        ; 5        ; RESERVED_INPUT_WITH_WEAK_PULLUP ;       ;              ;         ; Row I/O    ;                 ; no       ; On           ;
; T1       ; 49         ; 2        ; RESERVED_INPUT_WITH_WEAK_PULLUP ;       ;              ;         ; Row I/O    ;                 ; no       ; On           ;
; T2       ; 51         ; 2        ; RESERVED_INPUT_WITH_WEAK_PULLUP ;       ;              ;         ; Row I/O    ;                 ; no       ; On           ;
; T3       ;            ;          ; NC                              ;       ;              ;         ; --         ;                 ; --       ; --           ;
; T4       ;            ;          ; GND                             ; gnd   ;              ;         ; --         ;                 ; --       ; --           ;
; T5       ; 56         ; 2        ; RESERVED_INPUT_WITH_WEAK_PULLUP ;       ;              ;         ; Row I/O    ;                 ; no       ; On           ;
; T6       ; 58         ; 2        ; RESERVED_INPUT_WITH_WEAK_PULLUP ;       ;              ;         ; Row I/O    ;                 ; no       ; On           ;
; T7       ;            ;          ; VCCD_PLL1                       ; power ;              ; 1.2V    ; --         ;                 ; --       ; --           ;
; T8       ;            ;          ; GND                             ; gnd   ;              ;         ; --         ;                 ; --       ; --           ;
; T9       ;            ; 3        ; VCCIO3                          ; power ;              ; 2.5V    ; --         ;                 ; --       ; --           ;
; T10      ;            ; 3        ; VCCIO3                          ; power ;              ; 2.5V    ; --         ;                 ; --       ; --           ;
; T11      ;            ; 3        ; VCCIO3                          ; power ;              ; 2.5V    ; --         ;                 ; --       ; --           ;
; T12      ;            ; 4        ; VCCIO4                          ; power ;              ; 2.5V    ; --         ;                 ; --       ; --           ;
; T13      ;            ; 4        ; VCCIO4                          ; power ;              ; 2.5V    ; --         ;                 ; --       ; --           ;
; T14      ;            ;          ; GND                             ; gnd   ;              ;         ; --         ;                 ; --       ; --           ;
; T15      ;            ; --       ; VCCA4                           ; power ;              ; 2.5V    ; --         ;                 ; --       ; --           ;
; T16      ;            ;          ; GND                             ; gnd   ;              ;         ; --         ;                 ; --       ; --           ;
; T17      ;            ; 5        ; VCCIO5                          ; power ;              ; 2.5V    ; --         ;                 ; --       ; --           ;
; T18      ; 130        ; 5        ; RESERVED_INPUT_WITH_WEAK_PULLUP ;       ;              ;         ; Row I/O    ;                 ; no       ; On           ;
; T19      ; 128        ; 5        ; RESERVED_INPUT_WITH_WEAK_PULLUP ;       ;              ;         ; Row I/O    ;                 ; no       ; On           ;
; T20      ; 129        ; 5        ; RESERVED_INPUT_WITH_WEAK_PULLUP ;       ;              ;         ; Row I/O    ;                 ; no       ; On           ;
; T21      ; 125        ; 5        ; RESERVED_INPUT_WITH_WEAK_PULLUP ;       ;              ;         ; Row I/O    ;                 ; no       ; On           ;
; T22      ; 127        ; 5        ; RESERVED_INPUT_WITH_WEAK_PULLUP ;       ;              ;         ; Row I/O    ;                 ; no       ; On           ;
; U1       ;            ;          ; NC                              ;       ;              ;         ; --         ;                 ; --       ; --           ;
; U2       ;            ;          ; NC                              ;       ;              ;         ; --         ;                 ; --       ; --           ;
; U3       ;            ;          ; NC                              ;       ;              ;         ; --         ;                 ; --       ; --           ;
; U4       ;            ;          ; NC                              ;       ;              ;         ; --         ;                 ; --       ; --           ;
; U5       ;            ;          ; NC                              ;       ;              ;         ; --         ;                 ; --       ; --           ;
; U6       ; 64         ; 3        ; RESERVED_INPUT_WITH_WEAK_PULLUP ;       ;              ;         ; Column I/O ;                 ; no       ; On           ;
; U7       ; 66         ; 3        ; RESERVED_INPUT_WITH_WEAK_PULLUP ;       ;              ;         ; Column I/O ;                 ; no       ; On           ;
; U8       ;            ; 3        ; VCCIO3                          ; power ;              ; 2.5V    ; --         ;                 ; --       ; --           ;
; U9       ;            ; 3        ; VCCIO3                          ; power ;              ; 2.5V    ; --         ;                 ; --       ; --           ;
; U10      ;            ;          ; GND                             ; gnd   ;              ;         ; --         ;                 ; --       ; --           ;
; U11      ;            ; 4        ; VCCIO4                          ; power ;              ; 2.5V    ; --         ;                 ; --       ; --           ;
; U12      ;            ; 4        ; VCCIO4                          ; power ;              ; 2.5V    ; --         ;                 ; --       ; --           ;
; U13      ;            ;          ; GND                             ; gnd   ;              ;         ; --         ;                 ; --       ; --           ;
; U14      ;            ; 4        ; VCCIO4                          ; power ;              ; 2.5V    ; --         ;                 ; --       ; --           ;
; U15      ; 112        ; 4        ; RESERVED_INPUT_WITH_WEAK_PULLUP ;       ;              ;         ; Column I/O ;                 ; no       ; On           ;
; U16      ;            ;          ; NC                              ;       ;              ;         ; --         ;                 ; --       ; --           ;
; U17      ; 122        ; 5        ; RESERVED_INPUT_WITH_WEAK_PULLUP ;       ;              ;         ; Row I/O    ;                 ; no       ; On           ;
; U18      ; 120        ; 5        ; RESERVED_INPUT_WITH_WEAK_PULLUP ;       ;              ;         ; Row I/O    ;                 ; no       ; On           ;
; U19      ;            ;          ; NC                              ;       ;              ;         ; --         ;                 ; --       ; --           ;
; U20      ;            ;          ; NC                              ;       ;              ;         ; --         ;                 ; --       ; --           ;
; U21      ; 132        ; 5        ; RESERVED_INPUT_WITH_WEAK_PULLUP ;       ;              ;         ; Row I/O    ;                 ; no       ; On           ;
; U22      ; 134        ; 5        ; RESERVED_INPUT_WITH_WEAK_PULLUP ;       ;              ;         ; Row I/O    ;                 ; no       ; On           ;
; V1       ;            ;          ; NC                              ;       ;              ;         ; --         ;                 ; --       ; --           ;
; V2       ;            ;          ; GND                             ; gnd   ;              ;         ; --         ;                 ; --       ; --           ;
; V3       ;            ;          ; NC                              ;       ;              ;         ; --         ;                 ; --       ; --           ;
; V4       ; 61         ; 3        ; RESERVED_INPUT_WITH_WEAK_PULLUP ;       ;              ;         ; Column I/O ;                 ; no       ; On           ;
; V5       ; 63         ; 3        ; RESERVED_INPUT_WITH_WEAK_PULLUP ;       ;              ;         ; Column I/O ;                 ; no       ; On           ;
; V6       ;            ;          ; GND                             ; gnd   ;              ;         ; --         ;                 ; --       ; --           ;
; V7       ;            ;          ; NC                              ;       ;              ;         ; --         ;                 ; --       ; --           ;
; V8       ;            ;          ; NC                              ;       ;              ;         ; --         ;                 ; --       ; --           ;
; V9       ; 84         ; 3        ; RESERVED_INPUT_WITH_WEAK_PULLUP ;       ;              ;         ; Column I/O ;                 ; no       ; On           ;
; V10      ; 86         ; 3        ; RESERVED_INPUT_WITH_WEAK_PULLUP ;       ;              ;         ; Column I/O ;                 ; no       ; On           ;
; V11      ;            ;          ; NC                              ;       ;              ;         ; --         ;                 ; --       ; --           ;
; V12      ;            ;          ; NC                              ;       ;              ;         ; --         ;                 ; --       ; --           ;
; V13      ; 96         ; 4        ; RESERVED_INPUT_WITH_WEAK_PULLUP ;       ;              ;         ; Column I/O ;                 ; no       ; On           ;
; V14      ; 108        ; 4        ; RESERVED_INPUT_WITH_WEAK_PULLUP ;       ;              ;         ; Column I/O ;                 ; no       ; On           ;
; V15      ;            ;          ; NC                              ;       ;              ;         ; --         ;                 ; --       ; --           ;
; V16      ; 114        ; 4        ; RESERVED_INPUT_WITH_WEAK_PULLUP ;       ;              ;         ; Column I/O ;                 ; no       ; On           ;
; V17      ; 118        ; 4        ; RESERVED_INPUT_WITH_WEAK_PULLUP ;       ;              ;         ; Column I/O ;                 ; no       ; On           ;
; V18      ;            ;          ; NC                              ;       ;              ;         ; --         ;                 ; --       ; --           ;
; V19      ;            ;          ; GND                             ; gnd   ;              ;         ; --         ;                 ; --       ; --           ;
; V20      ;            ;          ; NC                              ;       ;              ;         ; --         ;                 ; --       ; --           ;
; V21      ;            ;          ; NC                              ;       ;              ;         ; --         ;                 ; --       ; --           ;
; V22      ;            ;          ; NC                              ;       ;              ;         ; --         ;                 ; --       ; --           ;
; W1       ;            ;          ; NC                              ;       ;              ;         ; --         ;                 ; --       ; --           ;
; W2       ;            ;          ; NC                              ;       ;              ;         ; --         ;                 ; --       ; --           ;
; W3       ; 70         ; 3        ; RESERVED_INPUT_WITH_WEAK_PULLUP ;       ;              ;         ; Column I/O ;                 ; no       ; On           ;
; W4       ; 68         ; 3        ; RESERVED_INPUT_WITH_WEAK_PULLUP ;       ;              ;         ; Column I/O ;                 ; no       ; On           ;
; W5       ; 60         ; 3        ; RESERVED_INPUT_WITH_WEAK_PULLUP ;       ;              ;         ; Column I/O ;                 ; no       ; On           ;
; W6       ; 62         ; 3        ; RESERVED_INPUT_WITH_WEAK_PULLUP ;       ;              ;         ; Column I/O ;                 ; no       ; On           ;
; W7       ; 72         ; 3        ; RESERVED_INPUT_WITH_WEAK_PULLUP ;       ;              ;         ; Column I/O ;                 ; no       ; On           ;
; W8       ; 74         ; 3        ; RESERVED_INPUT_WITH_WEAK_PULLUP ;       ;              ;         ; Column I/O ;                 ; no       ; On           ;
; W9       ;            ;          ; NC                              ;       ;              ;         ; --         ;                 ; --       ; --           ;
; W10      ;            ;          ; NC                              ;       ;              ;         ; --         ;                 ; --       ; --           ;
; W11      ;            ;          ; NC                              ;       ;              ;         ; --         ;                 ; --       ; --           ;
; W12      ; 97         ; 4        ; RESERVED_INPUT_WITH_WEAK_PULLUP ;       ;              ;         ; Column I/O ;                 ; no       ; On           ;
; W13      ; 99         ; 4        ; RESERVED_INPUT_WITH_WEAK_PULLUP ;       ;              ;         ; Column I/O ;                 ; no       ; On           ;
; W14      ; 98         ; 4        ; RESERVED_INPUT_WITH_WEAK_PULLUP ;       ;              ;         ; Column I/O ;                 ; no       ; On           ;
; W15      ; 110        ; 4        ; RESERVED_INPUT_WITH_WEAK_PULLUP ;       ;              ;         ; Column I/O ;                 ; no       ; On           ;
; W16      ;            ;          ; NC                              ;       ;              ;         ; --         ;                 ; --       ; --           ;
; W17      ; 116        ; 4        ; RESERVED_INPUT_WITH_WEAK_PULLUP ;       ;              ;         ; Column I/O ;                 ; no       ; On           ;
; W18      ;            ;          ; NC                              ;       ;              ;         ; --         ;                 ; --       ; --           ;
; W19      ;            ;          ; NC                              ;       ;              ;         ; --         ;                 ; --       ; --           ;
; W20      ;            ;          ; NC                              ;       ;              ;         ; --         ;                 ; --       ; --           ;
; W21      ;            ;          ; GND                             ; gnd   ;              ;         ; --         ;                 ; --       ; --           ;
; W22      ;            ;          ; NC                              ;       ;              ;         ; --         ;                 ; --       ; --           ;
; Y1       ; 65         ; 3        ; RESERVED_INPUT_WITH_WEAK_PULLUP ;       ;              ;         ; Column I/O ;                 ; no       ; On           ;
; Y2       ; 67         ; 3        ; RESERVED_INPUT_WITH_WEAK_PULLUP ;       ;              ;         ; Column I/O ;                 ; no       ; On           ;
; Y3       ; 73         ; 3        ; RESERVED_INPUT_WITH_WEAK_PULLUP ;       ;              ;         ; Column I/O ;                 ; no       ; On           ;
; Y4       ; 75         ; 3        ; RESERVED_INPUT_WITH_WEAK_PULLUP ;       ;              ;         ; Column I/O ;                 ; no       ; On           ;
; Y5       ;            ;          ; NC                              ;       ;              ;         ; --         ;                 ; --       ; --           ;
; Y6       ;            ;          ; NC                              ;       ;              ;         ; --         ;                 ; --       ; --           ;
; Y7       ;            ;          ; NC                              ;       ;              ;         ; --         ;                 ; --       ; --           ;
; Y8       ;            ;          ; NC                              ;       ;              ;         ; --         ;                 ; --       ; --           ;
; Y9       ;            ;          ; GND                             ; gnd   ;              ;         ; --         ;                 ; --       ; --           ;
; Y10      ; 92         ; 3        ; RESERVED_INPUT_WITH_WEAK_PULLUP ;       ;              ;         ; Column I/O ;                 ; no       ; On           ;
; Y11      ;            ;          ; NC                              ;       ;              ;         ; --         ;                 ; --       ; --           ;
; Y12      ;            ;          ; GND                             ; gnd   ;              ;         ; --         ;                 ; --       ; --           ;
; Y13      ; 104        ; 4        ; RESERVED_INPUT_WITH_WEAK_PULLUP ;       ;              ;         ; Column I/O ;                 ; no       ; On           ;
; Y14      ; 106        ; 4        ; RESERVED_INPUT_WITH_WEAK_PULLUP ;       ;              ;         ; Column I/O ;                 ; no       ; On           ;
; Y15      ;            ;          ; GND                             ; gnd   ;              ;         ; --         ;                 ; --       ; --           ;
; Y16      ; 111        ; 4        ; RESERVED_INPUT_WITH_WEAK_PULLUP ;       ;              ;         ; Column I/O ;                 ; no       ; On           ;
; Y17      ;            ;          ; NC                              ;       ;              ;         ; --         ;                 ; --       ; --           ;
; Y18      ;            ;          ; NC                              ;       ;              ;         ; --         ;                 ; --       ; --           ;
; Y19      ;            ;          ; NC                              ;       ;              ;         ; --         ;                 ; --       ; --           ;
; Y20      ;            ;          ; NC                              ;       ;              ;         ; --         ;                 ; --       ; --           ;
; Y21      ;            ;          ; NC                              ;       ;              ;         ; --         ;                 ; --       ; --           ;
; Y22      ;            ;          ; NC                              ;       ;              ;         ; --         ;                 ; --       ; --           ;
+----------+------------+----------+---------------------------------+-------+--------------+---------+------------+-----------------+----------+--------------+
Note: Pin directions (input, output or bidir) are based on device operating in user mode.


+-------------------------------------------------+
; I/O Assignment Warnings                         ;
+-----------------+-------------------------------+
; Pin Name        ; Reason                        ;
+-----------------+-------------------------------+
; clk             ; Incomplete set of assignments ;
; reset           ; Incomplete set of assignments ;
; start           ; Incomplete set of assignments ;
; plaintext[0]    ; Incomplete set of assignments ;
; plaintext[1]    ; Incomplete set of assignments ;
; plaintext[2]    ; Incomplete set of assignments ;
; plaintext[3]    ; Incomplete set of assignments ;
; plaintext[4]    ; Incomplete set of assignments ;
; plaintext[5]    ; Incomplete set of assignments ;
; plaintext[6]    ; Incomplete set of assignments ;
; plaintext[7]    ; Incomplete set of assignments ;
; plaintext[8]    ; Incomplete set of assignments ;
; plaintext[9]    ; Incomplete set of assignments ;
; plaintext[10]   ; Incomplete set of assignments ;
; plaintext[11]   ; Incomplete set of assignments ;
; plaintext[12]   ; Incomplete set of assignments ;
; plaintext[13]   ; Incomplete set of assignments ;
; plaintext[14]   ; Incomplete set of assignments ;
; plaintext[15]   ; Incomplete set of assignments ;
; plaintext[16]   ; Incomplete set of assignments ;
; plaintext[17]   ; Incomplete set of assignments ;
; plaintext[18]   ; Incomplete set of assignments ;
; plaintext[19]   ; Incomplete set of assignments ;
; plaintext[20]   ; Incomplete set of assignments ;
; plaintext[21]   ; Incomplete set of assignments ;
; plaintext[22]   ; Incomplete set of assignments ;
; plaintext[23]   ; Incomplete set of assignments ;
; plaintext[24]   ; Incomplete set of assignments ;
; plaintext[25]   ; Incomplete set of assignments ;
; plaintext[26]   ; Incomplete set of assignments ;
; plaintext[27]   ; Incomplete set of assignments ;
; plaintext[28]   ; Incomplete set of assignments ;
; plaintext[29]   ; Incomplete set of assignments ;
; plaintext[30]   ; Incomplete set of assignments ;
; plaintext[31]   ; Incomplete set of assignments ;
; plaintext[32]   ; Incomplete set of assignments ;
; plaintext[33]   ; Incomplete set of assignments ;
; plaintext[34]   ; Incomplete set of assignments ;
; plaintext[35]   ; Incomplete set of assignments ;
; plaintext[36]   ; Incomplete set of assignments ;
; plaintext[37]   ; Incomplete set of assignments ;
; plaintext[38]   ; Incomplete set of assignments ;
; plaintext[39]   ; Incomplete set of assignments ;
; plaintext[40]   ; Incomplete set of assignments ;
; plaintext[41]   ; Incomplete set of assignments ;
; plaintext[42]   ; Incomplete set of assignments ;
; plaintext[43]   ; Incomplete set of assignments ;
; plaintext[44]   ; Incomplete set of assignments ;
; plaintext[45]   ; Incomplete set of assignments ;
; plaintext[46]   ; Incomplete set of assignments ;
; plaintext[47]   ; Incomplete set of assignments ;
; plaintext[48]   ; Incomplete set of assignments ;
; plaintext[49]   ; Incomplete set of assignments ;
; plaintext[50]   ; Incomplete set of assignments ;
; plaintext[51]   ; Incomplete set of assignments ;
; plaintext[52]   ; Incomplete set of assignments ;
; plaintext[53]   ; Incomplete set of assignments ;
; plaintext[54]   ; Incomplete set of assignments ;
; plaintext[55]   ; Incomplete set of assignments ;
; plaintext[56]   ; Incomplete set of assignments ;
; plaintext[57]   ; Incomplete set of assignments ;
; plaintext[58]   ; Incomplete set of assignments ;
; plaintext[59]   ; Incomplete set of assignments ;
; plaintext[60]   ; Incomplete set of assignments ;
; plaintext[61]   ; Incomplete set of assignments ;
; plaintext[62]   ; Incomplete set of assignments ;
; plaintext[63]   ; Incomplete set of assignments ;
; plaintext[64]   ; Incomplete set of assignments ;
; plaintext[65]   ; Incomplete set of assignments ;
; plaintext[66]   ; Incomplete set of assignments ;
; plaintext[67]   ; Incomplete set of assignments ;
; plaintext[68]   ; Incomplete set of assignments ;
; plaintext[69]   ; Incomplete set of assignments ;
; plaintext[70]   ; Incomplete set of assignments ;
; plaintext[71]   ; Incomplete set of assignments ;
; plaintext[72]   ; Incomplete set of assignments ;
; plaintext[73]   ; Incomplete set of assignments ;
; plaintext[74]   ; Incomplete set of assignments ;
; plaintext[75]   ; Incomplete set of assignments ;
; plaintext[76]   ; Incomplete set of assignments ;
; plaintext[77]   ; Incomplete set of assignments ;
; plaintext[78]   ; Incomplete set of assignments ;
; plaintext[79]   ; Incomplete set of assignments ;
; plaintext[80]   ; Incomplete set of assignments ;
; plaintext[81]   ; Incomplete set of assignments ;
; plaintext[82]   ; Incomplete set of assignments ;
; plaintext[83]   ; Incomplete set of assignments ;
; plaintext[84]   ; Incomplete set of assignments ;
; plaintext[85]   ; Incomplete set of assignments ;
; plaintext[86]   ; Incomplete set of assignments ;
; plaintext[87]   ; Incomplete set of assignments ;
; plaintext[88]   ; Incomplete set of assignments ;
; plaintext[89]   ; Incomplete set of assignments ;
; plaintext[90]   ; Incomplete set of assignments ;
; plaintext[91]   ; Incomplete set of assignments ;
; plaintext[92]   ; Incomplete set of assignments ;
; plaintext[93]   ; Incomplete set of assignments ;
; plaintext[94]   ; Incomplete set of assignments ;
; plaintext[95]   ; Incomplete set of assignments ;
; plaintext[96]   ; Incomplete set of assignments ;
; plaintext[97]   ; Incomplete set of assignments ;
; plaintext[98]   ; Incomplete set of assignments ;
; plaintext[99]   ; Incomplete set of assignments ;
; plaintext[100]  ; Incomplete set of assignments ;
; plaintext[101]  ; Incomplete set of assignments ;
; plaintext[102]  ; Incomplete set of assignments ;
; plaintext[103]  ; Incomplete set of assignments ;
; plaintext[104]  ; Incomplete set of assignments ;
; plaintext[105]  ; Incomplete set of assignments ;
; plaintext[106]  ; Incomplete set of assignments ;
; plaintext[107]  ; Incomplete set of assignments ;
; plaintext[108]  ; Incomplete set of assignments ;
; plaintext[109]  ; Incomplete set of assignments ;
; plaintext[110]  ; Incomplete set of assignments ;
; plaintext[111]  ; Incomplete set of assignments ;
; plaintext[112]  ; Incomplete set of assignments ;
; plaintext[113]  ; Incomplete set of assignments ;
; plaintext[114]  ; Incomplete set of assignments ;
; plaintext[115]  ; Incomplete set of assignments ;
; plaintext[116]  ; Incomplete set of assignments ;
; plaintext[117]  ; Incomplete set of assignments ;
; plaintext[118]  ; Incomplete set of assignments ;
; plaintext[119]  ; Incomplete set of assignments ;
; plaintext[120]  ; Incomplete set of assignments ;
; plaintext[121]  ; Incomplete set of assignments ;
; plaintext[122]  ; Incomplete set of assignments ;
; plaintext[123]  ; Incomplete set of assignments ;
; plaintext[124]  ; Incomplete set of assignments ;
; plaintext[125]  ; Incomplete set of assignments ;
; plaintext[126]  ; Incomplete set of assignments ;
; plaintext[127]  ; Incomplete set of assignments ;
; key[0]          ; Incomplete set of assignments ;
; key[1]          ; Incomplete set of assignments ;
; key[2]          ; Incomplete set of assignments ;
; key[3]          ; Incomplete set of assignments ;
; key[4]          ; Incomplete set of assignments ;
; key[5]          ; Incomplete set of assignments ;
; key[6]          ; Incomplete set of assignments ;
; key[7]          ; Incomplete set of assignments ;
; key[8]          ; Incomplete set of assignments ;
; key[9]          ; Incomplete set of assignments ;
; key[10]         ; Incomplete set of assignments ;
; key[11]         ; Incomplete set of assignments ;
; key[12]         ; Incomplete set of assignments ;
; key[13]         ; Incomplete set of assignments ;
; key[14]         ; Incomplete set of assignments ;
; key[15]         ; Incomplete set of assignments ;
; key[16]         ; Incomplete set of assignments ;
; key[17]         ; Incomplete set of assignments ;
; key[18]         ; Incomplete set of assignments ;
; key[19]         ; Incomplete set of assignments ;
; key[20]         ; Incomplete set of assignments ;
; key[21]         ; Incomplete set of assignments ;
; key[22]         ; Incomplete set of assignments ;
; key[23]         ; Incomplete set of assignments ;
; key[24]         ; Incomplete set of assignments ;
; key[25]         ; Incomplete set of assignments ;
; key[26]         ; Incomplete set of assignments ;
; key[27]         ; Incomplete set of assignments ;
; key[28]         ; Incomplete set of assignments ;
; key[29]         ; Incomplete set of assignments ;
; key[30]         ; Incomplete set of assignments ;
; key[31]         ; Incomplete set of assignments ;
; key[32]         ; Incomplete set of assignments ;
; key[33]         ; Incomplete set of assignments ;
; key[34]         ; Incomplete set of assignments ;
; key[35]         ; Incomplete set of assignments ;
; key[36]         ; Incomplete set of assignments ;
; key[37]         ; Incomplete set of assignments ;
; key[38]         ; Incomplete set of assignments ;
; key[39]         ; Incomplete set of assignments ;
; key[40]         ; Incomplete set of assignments ;
; key[41]         ; Incomplete set of assignments ;
; key[42]         ; Incomplete set of assignments ;
; key[43]         ; Incomplete set of assignments ;
; key[44]         ; Incomplete set of assignments ;
; key[45]         ; Incomplete set of assignments ;
; key[46]         ; Incomplete set of assignments ;
; key[47]         ; Incomplete set of assignments ;
; key[48]         ; Incomplete set of assignments ;
; key[49]         ; Incomplete set of assignments ;
; key[50]         ; Incomplete set of assignments ;
; key[51]         ; Incomplete set of assignments ;
; key[52]         ; Incomplete set of assignments ;
; key[53]         ; Incomplete set of assignments ;
; key[54]         ; Incomplete set of assignments ;
; key[55]         ; Incomplete set of assignments ;
; key[56]         ; Incomplete set of assignments ;
; key[57]         ; Incomplete set of assignments ;
; key[58]         ; Incomplete set of assignments ;
; key[59]         ; Incomplete set of assignments ;
; key[60]         ; Incomplete set of assignments ;
; key[61]         ; Incomplete set of assignments ;
; key[62]         ; Incomplete set of assignments ;
; key[63]         ; Incomplete set of assignments ;
; key[64]         ; Incomplete set of assignments ;
; key[65]         ; Incomplete set of assignments ;
; key[66]         ; Incomplete set of assignments ;
; key[67]         ; Incomplete set of assignments ;
; key[68]         ; Incomplete set of assignments ;
; key[69]         ; Incomplete set of assignments ;
; key[70]         ; Incomplete set of assignments ;
; key[71]         ; Incomplete set of assignments ;
; key[72]         ; Incomplete set of assignments ;
; key[73]         ; Incomplete set of assignments ;
; key[74]         ; Incomplete set of assignments ;
; key[75]         ; Incomplete set of assignments ;
; key[76]         ; Incomplete set of assignments ;
; key[77]         ; Incomplete set of assignments ;
; key[78]         ; Incomplete set of assignments ;
; key[79]         ; Incomplete set of assignments ;
; key[80]         ; Incomplete set of assignments ;
; key[81]         ; Incomplete set of assignments ;
; key[82]         ; Incomplete set of assignments ;
; key[83]         ; Incomplete set of assignments ;
; key[84]         ; Incomplete set of assignments ;
; key[85]         ; Incomplete set of assignments ;
; key[86]         ; Incomplete set of assignments ;
; key[87]         ; Incomplete set of assignments ;
; key[88]         ; Incomplete set of assignments ;
; key[89]         ; Incomplete set of assignments ;
; key[90]         ; Incomplete set of assignments ;
; key[91]         ; Incomplete set of assignments ;
; key[92]         ; Incomplete set of assignments ;
; key[93]         ; Incomplete set of assignments ;
; key[94]         ; Incomplete set of assignments ;
; key[95]         ; Incomplete set of assignments ;
; key[96]         ; Incomplete set of assignments ;
; key[97]         ; Incomplete set of assignments ;
; key[98]         ; Incomplete set of assignments ;
; key[99]         ; Incomplete set of assignments ;
; key[100]        ; Incomplete set of assignments ;
; key[101]        ; Incomplete set of assignments ;
; key[102]        ; Incomplete set of assignments ;
; key[103]        ; Incomplete set of assignments ;
; key[104]        ; Incomplete set of assignments ;
; key[105]        ; Incomplete set of assignments ;
; key[106]        ; Incomplete set of assignments ;
; key[107]        ; Incomplete set of assignments ;
; key[108]        ; Incomplete set of assignments ;
; key[109]        ; Incomplete set of assignments ;
; key[110]        ; Incomplete set of assignments ;
; key[111]        ; Incomplete set of assignments ;
; key[112]        ; Incomplete set of assignments ;
; key[113]        ; Incomplete set of assignments ;
; key[114]        ; Incomplete set of assignments ;
; key[115]        ; Incomplete set of assignments ;
; key[116]        ; Incomplete set of assignments ;
; key[117]        ; Incomplete set of assignments ;
; key[118]        ; Incomplete set of assignments ;
; key[119]        ; Incomplete set of assignments ;
; key[120]        ; Incomplete set of assignments ;
; key[121]        ; Incomplete set of assignments ;
; key[122]        ; Incomplete set of assignments ;
; key[123]        ; Incomplete set of assignments ;
; key[124]        ; Incomplete set of assignments ;
; key[125]        ; Incomplete set of assignments ;
; key[126]        ; Incomplete set of assignments ;
; key[127]        ; Incomplete set of assignments ;
; ciphertext[0]   ; Incomplete set of assignments ;
; ciphertext[1]   ; Incomplete set of assignments ;
; ciphertext[2]   ; Incomplete set of assignments ;
; ciphertext[3]   ; Incomplete set of assignments ;
; ciphertext[4]   ; Incomplete set of assignments ;
; ciphertext[5]   ; Incomplete set of assignments ;
; ciphertext[6]   ; Incomplete set of assignments ;
; ciphertext[7]   ; Incomplete set of assignments ;
; ciphertext[8]   ; Incomplete set of assignments ;
; ciphertext[9]   ; Incomplete set of assignments ;
; ciphertext[10]  ; Incomplete set of assignments ;
; ciphertext[11]  ; Incomplete set of assignments ;
; ciphertext[12]  ; Incomplete set of assignments ;
; ciphertext[13]  ; Incomplete set of assignments ;
; ciphertext[14]  ; Incomplete set of assignments ;
; ciphertext[15]  ; Incomplete set of assignments ;
; ciphertext[16]  ; Incomplete set of assignments ;
; ciphertext[17]  ; Incomplete set of assignments ;
; ciphertext[18]  ; Incomplete set of assignments ;
; ciphertext[19]  ; Incomplete set of assignments ;
; ciphertext[20]  ; Incomplete set of assignments ;
; ciphertext[21]  ; Incomplete set of assignments ;
; ciphertext[22]  ; Incomplete set of assignments ;
; ciphertext[23]  ; Incomplete set of assignments ;
; ciphertext[24]  ; Incomplete set of assignments ;
; ciphertext[25]  ; Incomplete set of assignments ;
; ciphertext[26]  ; Incomplete set of assignments ;
; ciphertext[27]  ; Incomplete set of assignments ;
; ciphertext[28]  ; Incomplete set of assignments ;
; ciphertext[29]  ; Incomplete set of assignments ;
; ciphertext[30]  ; Incomplete set of assignments ;
; ciphertext[31]  ; Incomplete set of assignments ;
; ciphertext[32]  ; Incomplete set of assignments ;
; ciphertext[33]  ; Incomplete set of assignments ;
; ciphertext[34]  ; Incomplete set of assignments ;
; ciphertext[35]  ; Incomplete set of assignments ;
; ciphertext[36]  ; Incomplete set of assignments ;
; ciphertext[37]  ; Incomplete set of assignments ;
; ciphertext[38]  ; Incomplete set of assignments ;
; ciphertext[39]  ; Incomplete set of assignments ;
; ciphertext[40]  ; Incomplete set of assignments ;
; ciphertext[41]  ; Incomplete set of assignments ;
; ciphertext[42]  ; Incomplete set of assignments ;
; ciphertext[43]  ; Incomplete set of assignments ;
; ciphertext[44]  ; Incomplete set of assignments ;
; ciphertext[45]  ; Incomplete set of assignments ;
; ciphertext[46]  ; Incomplete set of assignments ;
; ciphertext[47]  ; Incomplete set of assignments ;
; ciphertext[48]  ; Incomplete set of assignments ;
; ciphertext[49]  ; Incomplete set of assignments ;
; ciphertext[50]  ; Incomplete set of assignments ;
; ciphertext[51]  ; Incomplete set of assignments ;
; ciphertext[52]  ; Incomplete set of assignments ;
; ciphertext[53]  ; Incomplete set of assignments ;
; ciphertext[54]  ; Incomplete set of assignments ;
; ciphertext[55]  ; Incomplete set of assignments ;
; ciphertext[56]  ; Incomplete set of assignments ;
; ciphertext[57]  ; Incomplete set of assignments ;
; ciphertext[58]  ; Incomplete set of assignments ;
; ciphertext[59]  ; Incomplete set of assignments ;
; ciphertext[60]  ; Incomplete set of assignments ;
; ciphertext[61]  ; Incomplete set of assignments ;
; ciphertext[62]  ; Incomplete set of assignments ;
; ciphertext[63]  ; Incomplete set of assignments ;
; ciphertext[64]  ; Incomplete set of assignments ;
; ciphertext[65]  ; Incomplete set of assignments ;
; ciphertext[66]  ; Incomplete set of assignments ;
; ciphertext[67]  ; Incomplete set of assignments ;
; ciphertext[68]  ; Incomplete set of assignments ;
; ciphertext[69]  ; Incomplete set of assignments ;
; ciphertext[70]  ; Incomplete set of assignments ;
; ciphertext[71]  ; Incomplete set of assignments ;
; ciphertext[72]  ; Incomplete set of assignments ;
; ciphertext[73]  ; Incomplete set of assignments ;
; ciphertext[74]  ; Incomplete set of assignments ;
; ciphertext[75]  ; Incomplete set of assignments ;
; ciphertext[76]  ; Incomplete set of assignments ;
; ciphertext[77]  ; Incomplete set of assignments ;
; ciphertext[78]  ; Incomplete set of assignments ;
; ciphertext[79]  ; Incomplete set of assignments ;
; ciphertext[80]  ; Incomplete set of assignments ;
; ciphertext[81]  ; Incomplete set of assignments ;
; ciphertext[82]  ; Incomplete set of assignments ;
; ciphertext[83]  ; Incomplete set of assignments ;
; ciphertext[84]  ; Incomplete set of assignments ;
; ciphertext[85]  ; Incomplete set of assignments ;
; ciphertext[86]  ; Incomplete set of assignments ;
; ciphertext[87]  ; Incomplete set of assignments ;
; ciphertext[88]  ; Incomplete set of assignments ;
; ciphertext[89]  ; Incomplete set of assignments ;
; ciphertext[90]  ; Incomplete set of assignments ;
; ciphertext[91]  ; Incomplete set of assignments ;
; ciphertext[92]  ; Incomplete set of assignments ;
; ciphertext[93]  ; Incomplete set of assignments ;
; ciphertext[94]  ; Incomplete set of assignments ;
; ciphertext[95]  ; Incomplete set of assignments ;
; ciphertext[96]  ; Incomplete set of assignments ;
; ciphertext[97]  ; Incomplete set of assignments ;
; ciphertext[98]  ; Incomplete set of assignments ;
; ciphertext[99]  ; Incomplete set of assignments ;
; ciphertext[100] ; Incomplete set of assignments ;
; ciphertext[101] ; Incomplete set of assignments ;
; ciphertext[102] ; Incomplete set of assignments ;
; ciphertext[103] ; Incomplete set of assignments ;
; ciphertext[104] ; Incomplete set of assignments ;
; ciphertext[105] ; Incomplete set of assignments ;
; ciphertext[106] ; Incomplete set of assignments ;
; ciphertext[107] ; Incomplete set of assignments ;
; ciphertext[108] ; Incomplete set of assignments ;
; ciphertext[109] ; Incomplete set of assignments ;
; ciphertext[110] ; Incomplete set of assignments ;
; ciphertext[111] ; Incomplete set of assignments ;
; ciphertext[112] ; Incomplete set of assignments ;
; ciphertext[113] ; Incomplete set of assignments ;
; ciphertext[114] ; Incomplete set of assignments ;
; ciphertext[115] ; Incomplete set of assignments ;
; ciphertext[116] ; Incomplete set of assignments ;
; ciphertext[117] ; Incomplete set of assignments ;
; ciphertext[118] ; Incomplete set of assignments ;
; ciphertext[119] ; Incomplete set of assignments ;
; ciphertext[120] ; Incomplete set of assignments ;
; ciphertext[121] ; Incomplete set of assignments ;
; ciphertext[122] ; Incomplete set of assignments ;
; ciphertext[123] ; Incomplete set of assignments ;
; ciphertext[124] ; Incomplete set of assignments ;
; ciphertext[125] ; Incomplete set of assignments ;
; ciphertext[126] ; Incomplete set of assignments ;
; ciphertext[127] ; Incomplete set of assignments ;
; done            ; Incomplete set of assignments ;
; clk             ; Missing location assignment   ;
; reset           ; Missing location assignment   ;
; start           ; Missing location assignment   ;
; plaintext[0]    ; Missing location assignment   ;
; plaintext[1]    ; Missing location assignment   ;
; plaintext[2]    ; Missing location assignment   ;
; plaintext[3]    ; Missing location assignment   ;
; plaintext[4]    ; Missing location assignment   ;
; plaintext[5]    ; Missing location assignment   ;
; plaintext[6]    ; Missing location assignment   ;
; plaintext[7]    ; Missing location assignment   ;
; plaintext[8]    ; Missing location assignment   ;
; plaintext[9]    ; Missing location assignment   ;
; plaintext[10]   ; Missing location assignment   ;
; plaintext[11]   ; Missing location assignment   ;
; plaintext[12]   ; Missing location assignment   ;
; plaintext[13]   ; Missing location assignment   ;
; plaintext[14]   ; Missing location assignment   ;
; plaintext[15]   ; Missing location assignment   ;
; plaintext[16]   ; Missing location assignment   ;
; plaintext[17]   ; Missing location assignment   ;
; plaintext[18]   ; Missing location assignment   ;
; plaintext[19]   ; Missing location assignment   ;
; plaintext[20]   ; Missing location assignment   ;
; plaintext[21]   ; Missing location assignment   ;
; plaintext[22]   ; Missing location assignment   ;
; plaintext[23]   ; Missing location assignment   ;
; plaintext[24]   ; Missing location assignment   ;
; plaintext[25]   ; Missing location assignment   ;
; plaintext[26]   ; Missing location assignment   ;
; plaintext[27]   ; Missing location assignment   ;
; plaintext[28]   ; Missing location assignment   ;
; plaintext[29]   ; Missing location assignment   ;
; plaintext[30]   ; Missing location assignment   ;
; plaintext[31]   ; Missing location assignment   ;
; plaintext[32]   ; Missing location assignment   ;
; plaintext[33]   ; Missing location assignment   ;
; plaintext[34]   ; Missing location assignment   ;
; plaintext[35]   ; Missing location assignment   ;
; plaintext[36]   ; Missing location assignment   ;
; plaintext[37]   ; Missing location assignment   ;
; plaintext[38]   ; Missing location assignment   ;
; plaintext[39]   ; Missing location assignment   ;
; plaintext[40]   ; Missing location assignment   ;
; plaintext[41]   ; Missing location assignment   ;
; plaintext[42]   ; Missing location assignment   ;
; plaintext[43]   ; Missing location assignment   ;
; plaintext[44]   ; Missing location assignment   ;
; plaintext[45]   ; Missing location assignment   ;
; plaintext[46]   ; Missing location assignment   ;
; plaintext[47]   ; Missing location assignment   ;
; plaintext[48]   ; Missing location assignment   ;
; plaintext[49]   ; Missing location assignment   ;
; plaintext[50]   ; Missing location assignment   ;
; plaintext[51]   ; Missing location assignment   ;
; plaintext[52]   ; Missing location assignment   ;
; plaintext[53]   ; Missing location assignment   ;
; plaintext[54]   ; Missing location assignment   ;
; plaintext[55]   ; Missing location assignment   ;
; plaintext[56]   ; Missing location assignment   ;
; plaintext[57]   ; Missing location assignment   ;
; plaintext[58]   ; Missing location assignment   ;
; plaintext[59]   ; Missing location assignment   ;
; plaintext[60]   ; Missing location assignment   ;
; plaintext[61]   ; Missing location assignment   ;
; plaintext[62]   ; Missing location assignment   ;
; plaintext[63]   ; Missing location assignment   ;
; plaintext[64]   ; Missing location assignment   ;
; plaintext[65]   ; Missing location assignment   ;
; plaintext[66]   ; Missing location assignment   ;
; plaintext[67]   ; Missing location assignment   ;
; plaintext[68]   ; Missing location assignment   ;
; plaintext[69]   ; Missing location assignment   ;
; plaintext[70]   ; Missing location assignment   ;
; plaintext[71]   ; Missing location assignment   ;
; plaintext[72]   ; Missing location assignment   ;
; plaintext[73]   ; Missing location assignment   ;
; plaintext[74]   ; Missing location assignment   ;
; plaintext[75]   ; Missing location assignment   ;
; plaintext[76]   ; Missing location assignment   ;
; plaintext[77]   ; Missing location assignment   ;
; plaintext[78]   ; Missing location assignment   ;
; plaintext[79]   ; Missing location assignment   ;
; plaintext[80]   ; Missing location assignment   ;
; plaintext[81]   ; Missing location assignment   ;
; plaintext[82]   ; Missing location assignment   ;
; plaintext[83]   ; Missing location assignment   ;
; plaintext[84]   ; Missing location assignment   ;
; plaintext[85]   ; Missing location assignment   ;
; plaintext[86]   ; Missing location assignment   ;
; plaintext[87]   ; Missing location assignment   ;
; plaintext[88]   ; Missing location assignment   ;
; plaintext[89]   ; Missing location assignment   ;
; plaintext[90]   ; Missing location assignment   ;
; plaintext[91]   ; Missing location assignment   ;
; plaintext[92]   ; Missing location assignment   ;
; plaintext[93]   ; Missing location assignment   ;
; plaintext[94]   ; Missing location assignment   ;
; plaintext[95]   ; Missing location assignment   ;
; plaintext[96]   ; Missing location assignment   ;
; plaintext[97]   ; Missing location assignment   ;
; plaintext[98]   ; Missing location assignment   ;
; plaintext[99]   ; Missing location assignment   ;
; plaintext[100]  ; Missing location assignment   ;
; plaintext[101]  ; Missing location assignment   ;
; plaintext[102]  ; Missing location assignment   ;
; plaintext[103]  ; Missing location assignment   ;
; plaintext[104]  ; Missing location assignment   ;
; plaintext[105]  ; Missing location assignment   ;
; plaintext[106]  ; Missing location assignment   ;
; plaintext[107]  ; Missing location assignment   ;
; plaintext[108]  ; Missing location assignment   ;
; plaintext[109]  ; Missing location assignment   ;
; plaintext[110]  ; Missing location assignment   ;
; plaintext[111]  ; Missing location assignment   ;
; plaintext[112]  ; Missing location assignment   ;
; plaintext[113]  ; Missing location assignment   ;
; plaintext[114]  ; Missing location assignment   ;
; plaintext[115]  ; Missing location assignment   ;
; plaintext[116]  ; Missing location assignment   ;
; plaintext[117]  ; Missing location assignment   ;
; plaintext[118]  ; Missing location assignment   ;
; plaintext[119]  ; Missing location assignment   ;
; plaintext[120]  ; Missing location assignment   ;
; plaintext[121]  ; Missing location assignment   ;
; plaintext[122]  ; Missing location assignment   ;
; plaintext[123]  ; Missing location assignment   ;
; plaintext[124]  ; Missing location assignment   ;
; plaintext[125]  ; Missing location assignment   ;
; plaintext[126]  ; Missing location assignment   ;
; plaintext[127]  ; Missing location assignment   ;
; key[0]          ; Missing location assignment   ;
; key[1]          ; Missing location assignment   ;
; key[2]          ; Missing location assignment   ;
; key[3]          ; Missing location assignment   ;
; key[4]          ; Missing location assignment   ;
; key[5]          ; Missing location assignment   ;
; key[6]          ; Missing location assignment   ;
; key[7]          ; Missing location assignment   ;
; key[8]          ; Missing location assignment   ;
; key[9]          ; Missing location assignment   ;
; key[10]         ; Missing location assignment   ;
; key[11]         ; Missing location assignment   ;
; key[12]         ; Missing location assignment   ;
; key[13]         ; Missing location assignment   ;
; key[14]         ; Missing location assignment   ;
; key[15]         ; Missing location assignment   ;
; key[16]         ; Missing location assignment   ;
; key[17]         ; Missing location assignment   ;
; key[18]         ; Missing location assignment   ;
; key[19]         ; Missing location assignment   ;
; key[20]         ; Missing location assignment   ;
; key[21]         ; Missing location assignment   ;
; key[22]         ; Missing location assignment   ;
; key[23]         ; Missing location assignment   ;
; key[24]         ; Missing location assignment   ;
; key[25]         ; Missing location assignment   ;
; key[26]         ; Missing location assignment   ;
; key[27]         ; Missing location assignment   ;
; key[28]         ; Missing location assignment   ;
; key[29]         ; Missing location assignment   ;
; key[30]         ; Missing location assignment   ;
; key[31]         ; Missing location assignment   ;
; key[32]         ; Missing location assignment   ;
; key[33]         ; Missing location assignment   ;
; key[34]         ; Missing location assignment   ;
; key[35]         ; Missing location assignment   ;
; key[36]         ; Missing location assignment   ;
; key[37]         ; Missing location assignment   ;
; key[38]         ; Missing location assignment   ;
; key[39]         ; Missing location assignment   ;
; key[40]         ; Missing location assignment   ;
; key[41]         ; Missing location assignment   ;
; key[42]         ; Missing location assignment   ;
; key[43]         ; Missing location assignment   ;
; key[44]         ; Missing location assignment   ;
; key[45]         ; Missing location assignment   ;
; key[46]         ; Missing location assignment   ;
; key[47]         ; Missing location assignment   ;
; key[48]         ; Missing location assignment   ;
; key[49]         ; Missing location assignment   ;
; key[50]         ; Missing location assignment   ;
; key[51]         ; Missing location assignment   ;
; key[52]         ; Missing location assignment   ;
; key[53]         ; Missing location assignment   ;
; key[54]         ; Missing location assignment   ;
; key[55]         ; Missing location assignment   ;
; key[56]         ; Missing location assignment   ;
; key[57]         ; Missing location assignment   ;
; key[58]         ; Missing location assignment   ;
; key[59]         ; Missing location assignment   ;
; key[60]         ; Missing location assignment   ;
; key[61]         ; Missing location assignment   ;
; key[62]         ; Missing location assignment   ;
; key[63]         ; Missing location assignment   ;
; key[64]         ; Missing location assignment   ;
; key[65]         ; Missing location assignment   ;
; key[66]         ; Missing location assignment   ;
; key[67]         ; Missing location assignment   ;
; key[68]         ; Missing location assignment   ;
; key[69]         ; Missing location assignment   ;
; key[70]         ; Missing location assignment   ;
; key[71]         ; Missing location assignment   ;
; key[72]         ; Missing location assignment   ;
; key[73]         ; Missing location assignment   ;
; key[74]         ; Missing location assignment   ;
; key[75]         ; Missing location assignment   ;
; key[76]         ; Missing location assignment   ;
; key[77]         ; Missing location assignment   ;
; key[78]         ; Missing location assignment   ;
; key[79]         ; Missing location assignment   ;
; key[80]         ; Missing location assignment   ;
; key[81]         ; Missing location assignment   ;
; key[82]         ; Missing location assignment   ;
; key[83]         ; Missing location assignment   ;
; key[84]         ; Missing location assignment   ;
; key[85]         ; Missing location assignment   ;
; key[86]         ; Missing location assignment   ;
; key[87]         ; Missing location assignment   ;
; key[88]         ; Missing location assignment   ;
; key[89]         ; Missing location assignment   ;
; key[90]         ; Missing location assignment   ;
; key[91]         ; Missing location assignment   ;
; key[92]         ; Missing location assignment   ;
; key[93]         ; Missing location assignment   ;
; key[94]         ; Missing location assignment   ;
; key[95]         ; Missing location assignment   ;
; key[96]         ; Missing location assignment   ;
; key[97]         ; Missing location assignment   ;
; key[98]         ; Missing location assignment   ;
; key[99]         ; Missing location assignment   ;
; key[100]        ; Missing location assignment   ;
; key[101]        ; Missing location assignment   ;
; key[102]        ; Missing location assignment   ;
; key[103]        ; Missing location assignment   ;
; key[104]        ; Missing location assignment   ;
; key[105]        ; Missing location assignment   ;
; key[106]        ; Missing location assignment   ;
; key[107]        ; Missing location assignment   ;
; key[108]        ; Missing location assignment   ;
; key[109]        ; Missing location assignment   ;
; key[110]        ; Missing location assignment   ;
; key[111]        ; Missing location assignment   ;
; key[112]        ; Missing location assignment   ;
; key[113]        ; Missing location assignment   ;
; key[114]        ; Missing location assignment   ;
; key[115]        ; Missing location assignment   ;
; key[116]        ; Missing location assignment   ;
; key[117]        ; Missing location assignment   ;
; key[118]        ; Missing location assignment   ;
; key[119]        ; Missing location assignment   ;
; key[120]        ; Missing location assignment   ;
; key[121]        ; Missing location assignment   ;
; key[122]        ; Missing location assignment   ;
; key[123]        ; Missing location assignment   ;
; key[124]        ; Missing location assignment   ;
; key[125]        ; Missing location assignment   ;
; key[126]        ; Missing location assignment   ;
; key[127]        ; Missing location assignment   ;
; ciphertext[0]   ; Missing location assignment   ;
; ciphertext[1]   ; Missing location assignment   ;
; ciphertext[2]   ; Missing location assignment   ;
; ciphertext[3]   ; Missing location assignment   ;
; ciphertext[4]   ; Missing location assignment   ;
; ciphertext[5]   ; Missing location assignment   ;
; ciphertext[6]   ; Missing location assignment   ;
; ciphertext[7]   ; Missing location assignment   ;
; ciphertext[8]   ; Missing location assignment   ;
; ciphertext[9]   ; Missing location assignment   ;
; ciphertext[10]  ; Missing location assignment   ;
; ciphertext[11]  ; Missing location assignment   ;
; ciphertext[12]  ; Missing location assignment   ;
; ciphertext[13]  ; Missing location assignment   ;
; ciphertext[14]  ; Missing location assignment   ;
; ciphertext[15]  ; Missing location assignment   ;
; ciphertext[16]  ; Missing location assignment   ;
; ciphertext[17]  ; Missing location assignment   ;
; ciphertext[18]  ; Missing location assignment   ;
; ciphertext[19]  ; Missing location assignment   ;
; ciphertext[20]  ; Missing location assignment   ;
; ciphertext[21]  ; Missing location assignment   ;
; ciphertext[22]  ; Missing location assignment   ;
; ciphertext[23]  ; Missing location assignment   ;
; ciphertext[24]  ; Missing location assignment   ;
; ciphertext[25]  ; Missing location assignment   ;
; ciphertext[26]  ; Missing location assignment   ;
; ciphertext[27]  ; Missing location assignment   ;
; ciphertext[28]  ; Missing location assignment   ;
; ciphertext[29]  ; Missing location assignment   ;
; ciphertext[30]  ; Missing location assignment   ;
; ciphertext[31]  ; Missing location assignment   ;
; ciphertext[32]  ; Missing location assignment   ;
; ciphertext[33]  ; Missing location assignment   ;
; ciphertext[34]  ; Missing location assignment   ;
; ciphertext[35]  ; Missing location assignment   ;
; ciphertext[36]  ; Missing location assignment   ;
; ciphertext[37]  ; Missing location assignment   ;
; ciphertext[38]  ; Missing location assignment   ;
; ciphertext[39]  ; Missing location assignment   ;
; ciphertext[40]  ; Missing location assignment   ;
; ciphertext[41]  ; Missing location assignment   ;
; ciphertext[42]  ; Missing location assignment   ;
; ciphertext[43]  ; Missing location assignment   ;
; ciphertext[44]  ; Missing location assignment   ;
; ciphertext[45]  ; Missing location assignment   ;
; ciphertext[46]  ; Missing location assignment   ;
; ciphertext[47]  ; Missing location assignment   ;
; ciphertext[48]  ; Missing location assignment   ;
; ciphertext[49]  ; Missing location assignment   ;
; ciphertext[50]  ; Missing location assignment   ;
; ciphertext[51]  ; Missing location assignment   ;
; ciphertext[52]  ; Missing location assignment   ;
; ciphertext[53]  ; Missing location assignment   ;
; ciphertext[54]  ; Missing location assignment   ;
; ciphertext[55]  ; Missing location assignment   ;
; ciphertext[56]  ; Missing location assignment   ;
; ciphertext[57]  ; Missing location assignment   ;
; ciphertext[58]  ; Missing location assignment   ;
; ciphertext[59]  ; Missing location assignment   ;
; ciphertext[60]  ; Missing location assignment   ;
; ciphertext[61]  ; Missing location assignment   ;
; ciphertext[62]  ; Missing location assignment   ;
; ciphertext[63]  ; Missing location assignment   ;
; ciphertext[64]  ; Missing location assignment   ;
; ciphertext[65]  ; Missing location assignment   ;
; ciphertext[66]  ; Missing location assignment   ;
; ciphertext[67]  ; Missing location assignment   ;
; ciphertext[68]  ; Missing location assignment   ;
; ciphertext[69]  ; Missing location assignment   ;
; ciphertext[70]  ; Missing location assignment   ;
; ciphertext[71]  ; Missing location assignment   ;
; ciphertext[72]  ; Missing location assignment   ;
; ciphertext[73]  ; Missing location assignment   ;
; ciphertext[74]  ; Missing location assignment   ;
; ciphertext[75]  ; Missing location assignment   ;
; ciphertext[76]  ; Missing location assignment   ;
; ciphertext[77]  ; Missing location assignment   ;
; ciphertext[78]  ; Missing location assignment   ;
; ciphertext[79]  ; Missing location assignment   ;
; ciphertext[80]  ; Missing location assignment   ;
; ciphertext[81]  ; Missing location assignment   ;
; ciphertext[82]  ; Missing location assignment   ;
; ciphertext[83]  ; Missing location assignment   ;
; ciphertext[84]  ; Missing location assignment   ;
; ciphertext[85]  ; Missing location assignment   ;
; ciphertext[86]  ; Missing location assignment   ;
; ciphertext[87]  ; Missing location assignment   ;
; ciphertext[88]  ; Missing location assignment   ;
; ciphertext[89]  ; Missing location assignment   ;
; ciphertext[90]  ; Missing location assignment   ;
; ciphertext[91]  ; Missing location assignment   ;
; ciphertext[92]  ; Missing location assignment   ;
; ciphertext[93]  ; Missing location assignment   ;
; ciphertext[94]  ; Missing location assignment   ;
; ciphertext[95]  ; Missing location assignment   ;
; ciphertext[96]  ; Missing location assignment   ;
; ciphertext[97]  ; Missing location assignment   ;
; ciphertext[98]  ; Missing location assignment   ;
; ciphertext[99]  ; Missing location assignment   ;
; ciphertext[100] ; Missing location assignment   ;
; ciphertext[101] ; Missing location assignment   ;
; ciphertext[102] ; Missing location assignment   ;
; ciphertext[103] ; Missing location assignment   ;
; ciphertext[104] ; Missing location assignment   ;
; ciphertext[105] ; Missing location assignment   ;
; ciphertext[106] ; Missing location assignment   ;
; ciphertext[107] ; Missing location assignment   ;
; ciphertext[108] ; Missing location assignment   ;
; ciphertext[109] ; Missing location assignment   ;
; ciphertext[110] ; Missing location assignment   ;
; ciphertext[111] ; Missing location assignment   ;
; ciphertext[112] ; Missing location assignment   ;
; ciphertext[113] ; Missing location assignment   ;
; ciphertext[114] ; Missing location assignment   ;
; ciphertext[115] ; Missing location assignment   ;
; ciphertext[116] ; Missing location assignment   ;
; ciphertext[117] ; Missing location assignment   ;
; ciphertext[118] ; Missing location assignment   ;
; ciphertext[119] ; Missing location assignment   ;
; ciphertext[120] ; Missing location assignment   ;
; ciphertext[121] ; Missing location assignment   ;
; ciphertext[122] ; Missing location assignment   ;
; ciphertext[123] ; Missing location assignment   ;
; ciphertext[124] ; Missing location assignment   ;
; ciphertext[125] ; Missing location assignment   ;
; ciphertext[126] ; Missing location assignment   ;
; ciphertext[127] ; Missing location assignment   ;
; done            ; Missing location assignment   ;
+-----------------+-------------------------------+


+----------------------------------------------------------------------------------------------------------------------------------------------------------------------------------------------------------------------------------------------------------------------------------------------------+
; Fitter Resource Utilization by Entity                                                                                                                                                                                                                                                              ;
+----------------------------+-------------+---------------------------+---------------+-------------+------------+--------------+---------+-----------+------+--------------+--------------+-------------------+------------------+------------+---------------------+---------------+--------------+
; Compilation Hierarchy Node ; Logic Cells ; Dedicated Logic Registers ; I/O Registers ; Memory Bits ; UFM Blocks ; DSP Elements ; DSP 9x9 ; DSP 18x18 ; Pins ; Virtual Pins ; LUT-Only LCs ; Register-Only LCs ; LUT/Register LCs ; ADC blocks ; Full Hierarchy Name ; Entity Name   ; Library Name ;
+----------------------------+-------------+---------------------------+---------------+-------------+------------+--------------+---------+-----------+------+--------------+--------------+-------------------+------------------+------------+---------------------+---------------+--------------+
; |aes_iterativo             ; 0 (0)       ; 0 (0)                     ; 0 (0)         ; 0           ; 1          ; 0            ; 0       ; 0         ; 388  ; 0            ; 0 (0)        ; 0 (0)             ; 0 (0)            ; 0          ; |aes_iterativo      ; aes_iterativo ; work         ;
+----------------------------+-------------+---------------------------+---------------+-------------+------------+--------------+---------+-----------+------+--------------+--------------+-------------------+------------------+------------+---------------------+---------------+--------------+
Note: For table entries with two numbers listed, the numbers in parentheses indicate the number of resources of the given type used by the specific entity alone. The numbers listed outside of parentheses indicate the total resources of the given type used by the specific entity and all of its sub-entities in the hierarchy.


+-------------------------------------------------------------------------------------------------+
; Delay Chain Summary                                                                             ;
+-----------------+----------+---------------+---------------+-----------------------+-----+------+
; Name            ; Pin Type ; Pad to Core 0 ; Pad to Core 1 ; Pad to Input Register ; TCO ; TCOE ;
+-----------------+----------+---------------+---------------+-----------------------+-----+------+
; clk             ; Input    ; --            ; --            ; --                    ; --  ; --   ;
; reset           ; Input    ; --            ; --            ; --                    ; --  ; --   ;
; start           ; Input    ; --            ; --            ; --                    ; --  ; --   ;
; plaintext[0]    ; Input    ; --            ; --            ; --                    ; --  ; --   ;
; plaintext[1]    ; Input    ; --            ; --            ; --                    ; --  ; --   ;
; plaintext[2]    ; Input    ; --            ; --            ; --                    ; --  ; --   ;
; plaintext[3]    ; Input    ; --            ; --            ; --                    ; --  ; --   ;
; plaintext[4]    ; Input    ; --            ; --            ; --                    ; --  ; --   ;
; plaintext[5]    ; Input    ; --            ; --            ; --                    ; --  ; --   ;
; plaintext[6]    ; Input    ; --            ; --            ; --                    ; --  ; --   ;
; plaintext[7]    ; Input    ; --            ; --            ; --                    ; --  ; --   ;
; plaintext[8]    ; Input    ; --            ; --            ; --                    ; --  ; --   ;
; plaintext[9]    ; Input    ; --            ; --            ; --                    ; --  ; --   ;
; plaintext[10]   ; Input    ; --            ; --            ; --                    ; --  ; --   ;
; plaintext[11]   ; Input    ; --            ; --            ; --                    ; --  ; --   ;
; plaintext[12]   ; Input    ; --            ; --            ; --                    ; --  ; --   ;
; plaintext[13]   ; Input    ; --            ; --            ; --                    ; --  ; --   ;
; plaintext[14]   ; Input    ; --            ; --            ; --                    ; --  ; --   ;
; plaintext[15]   ; Input    ; --            ; --            ; --                    ; --  ; --   ;
; plaintext[16]   ; Input    ; --            ; --            ; --                    ; --  ; --   ;
; plaintext[17]   ; Input    ; --            ; --            ; --                    ; --  ; --   ;
; plaintext[18]   ; Input    ; --            ; --            ; --                    ; --  ; --   ;
; plaintext[19]   ; Input    ; --            ; --            ; --                    ; --  ; --   ;
; plaintext[20]   ; Input    ; --            ; --            ; --                    ; --  ; --   ;
; plaintext[21]   ; Input    ; --            ; --            ; --                    ; --  ; --   ;
; plaintext[22]   ; Input    ; --            ; --            ; --                    ; --  ; --   ;
; plaintext[23]   ; Input    ; --            ; --            ; --                    ; --  ; --   ;
; plaintext[24]   ; Input    ; --            ; --            ; --                    ; --  ; --   ;
; plaintext[25]   ; Input    ; --            ; --            ; --                    ; --  ; --   ;
; plaintext[26]   ; Input    ; --            ; --            ; --                    ; --  ; --   ;
; plaintext[27]   ; Input    ; --            ; --            ; --                    ; --  ; --   ;
; plaintext[28]   ; Input    ; --            ; --            ; --                    ; --  ; --   ;
; plaintext[29]   ; Input    ; --            ; --            ; --                    ; --  ; --   ;
; plaintext[30]   ; Input    ; --            ; --            ; --                    ; --  ; --   ;
; plaintext[31]   ; Input    ; --            ; --            ; --                    ; --  ; --   ;
; plaintext[32]   ; Input    ; --            ; --            ; --                    ; --  ; --   ;
; plaintext[33]   ; Input    ; --            ; --            ; --                    ; --  ; --   ;
; plaintext[34]   ; Input    ; --            ; --            ; --                    ; --  ; --   ;
; plaintext[35]   ; Input    ; --            ; --            ; --                    ; --  ; --   ;
; plaintext[36]   ; Input    ; --            ; --            ; --                    ; --  ; --   ;
; plaintext[37]   ; Input    ; --            ; --            ; --                    ; --  ; --   ;
; plaintext[38]   ; Input    ; --            ; --            ; --                    ; --  ; --   ;
; plaintext[39]   ; Input    ; --            ; --            ; --                    ; --  ; --   ;
; plaintext[40]   ; Input    ; --            ; --            ; --                    ; --  ; --   ;
; plaintext[41]   ; Input    ; --            ; --            ; --                    ; --  ; --   ;
; plaintext[42]   ; Input    ; --            ; --            ; --                    ; --  ; --   ;
; plaintext[43]   ; Input    ; --            ; --            ; --                    ; --  ; --   ;
; plaintext[44]   ; Input    ; --            ; --            ; --                    ; --  ; --   ;
; plaintext[45]   ; Input    ; --            ; --            ; --                    ; --  ; --   ;
; plaintext[46]   ; Input    ; --            ; --            ; --                    ; --  ; --   ;
; plaintext[47]   ; Input    ; --            ; --            ; --                    ; --  ; --   ;
; plaintext[48]   ; Input    ; --            ; --            ; --                    ; --  ; --   ;
; plaintext[49]   ; Input    ; --            ; --            ; --                    ; --  ; --   ;
; plaintext[50]   ; Input    ; --            ; --            ; --                    ; --  ; --   ;
; plaintext[51]   ; Input    ; --            ; --            ; --                    ; --  ; --   ;
; plaintext[52]   ; Input    ; --            ; --            ; --                    ; --  ; --   ;
; plaintext[53]   ; Input    ; --            ; --            ; --                    ; --  ; --   ;
; plaintext[54]   ; Input    ; --            ; --            ; --                    ; --  ; --   ;
; plaintext[55]   ; Input    ; --            ; --            ; --                    ; --  ; --   ;
; plaintext[56]   ; Input    ; --            ; --            ; --                    ; --  ; --   ;
; plaintext[57]   ; Input    ; --            ; --            ; --                    ; --  ; --   ;
; plaintext[58]   ; Input    ; --            ; --            ; --                    ; --  ; --   ;
; plaintext[59]   ; Input    ; --            ; --            ; --                    ; --  ; --   ;
; plaintext[60]   ; Input    ; --            ; --            ; --                    ; --  ; --   ;
; plaintext[61]   ; Input    ; --            ; --            ; --                    ; --  ; --   ;
; plaintext[62]   ; Input    ; --            ; --            ; --                    ; --  ; --   ;
; plaintext[63]   ; Input    ; --            ; --            ; --                    ; --  ; --   ;
; plaintext[64]   ; Input    ; --            ; --            ; --                    ; --  ; --   ;
; plaintext[65]   ; Input    ; --            ; --            ; --                    ; --  ; --   ;
; plaintext[66]   ; Input    ; --            ; --            ; --                    ; --  ; --   ;
; plaintext[67]   ; Input    ; --            ; --            ; --                    ; --  ; --   ;
; plaintext[68]   ; Input    ; --            ; --            ; --                    ; --  ; --   ;
; plaintext[69]   ; Input    ; --            ; --            ; --                    ; --  ; --   ;
; plaintext[70]   ; Input    ; --            ; --            ; --                    ; --  ; --   ;
; plaintext[71]   ; Input    ; --            ; --            ; --                    ; --  ; --   ;
; plaintext[72]   ; Input    ; --            ; --            ; --                    ; --  ; --   ;
; plaintext[73]   ; Input    ; --            ; --            ; --                    ; --  ; --   ;
; plaintext[74]   ; Input    ; --            ; --            ; --                    ; --  ; --   ;
; plaintext[75]   ; Input    ; --            ; --            ; --                    ; --  ; --   ;
; plaintext[76]   ; Input    ; --            ; --            ; --                    ; --  ; --   ;
; plaintext[77]   ; Input    ; --            ; --            ; --                    ; --  ; --   ;
; plaintext[78]   ; Input    ; --            ; --            ; --                    ; --  ; --   ;
; plaintext[79]   ; Input    ; --            ; --            ; --                    ; --  ; --   ;
; plaintext[80]   ; Input    ; --            ; --            ; --                    ; --  ; --   ;
; plaintext[81]   ; Input    ; --            ; --            ; --                    ; --  ; --   ;
; plaintext[82]   ; Input    ; --            ; --            ; --                    ; --  ; --   ;
; plaintext[83]   ; Input    ; --            ; --            ; --                    ; --  ; --   ;
; plaintext[84]   ; Input    ; --            ; --            ; --                    ; --  ; --   ;
; plaintext[85]   ; Input    ; --            ; --            ; --                    ; --  ; --   ;
; plaintext[86]   ; Input    ; --            ; --            ; --                    ; --  ; --   ;
; plaintext[87]   ; Input    ; --            ; --            ; --                    ; --  ; --   ;
; plaintext[88]   ; Input    ; --            ; --            ; --                    ; --  ; --   ;
; plaintext[89]   ; Input    ; --            ; --            ; --                    ; --  ; --   ;
; plaintext[90]   ; Input    ; --            ; --            ; --                    ; --  ; --   ;
; plaintext[91]   ; Input    ; --            ; --            ; --                    ; --  ; --   ;
; plaintext[92]   ; Input    ; --            ; --            ; --                    ; --  ; --   ;
; plaintext[93]   ; Input    ; --            ; --            ; --                    ; --  ; --   ;
; plaintext[94]   ; Input    ; --            ; --            ; --                    ; --  ; --   ;
; plaintext[95]   ; Input    ; --            ; --            ; --                    ; --  ; --   ;
; plaintext[96]   ; Input    ; --            ; --            ; --                    ; --  ; --   ;
; plaintext[97]   ; Input    ; --            ; --            ; --                    ; --  ; --   ;
; plaintext[98]   ; Input    ; --            ; --            ; --                    ; --  ; --   ;
; plaintext[99]   ; Input    ; --            ; --            ; --                    ; --  ; --   ;
; plaintext[100]  ; Input    ; --            ; --            ; --                    ; --  ; --   ;
; plaintext[101]  ; Input    ; --            ; --            ; --                    ; --  ; --   ;
; plaintext[102]  ; Input    ; --            ; --            ; --                    ; --  ; --   ;
; plaintext[103]  ; Input    ; --            ; --            ; --                    ; --  ; --   ;
; plaintext[104]  ; Input    ; --            ; --            ; --                    ; --  ; --   ;
; plaintext[105]  ; Input    ; --            ; --            ; --                    ; --  ; --   ;
; plaintext[106]  ; Input    ; --            ; --            ; --                    ; --  ; --   ;
; plaintext[107]  ; Input    ; --            ; --            ; --                    ; --  ; --   ;
; plaintext[108]  ; Input    ; --            ; --            ; --                    ; --  ; --   ;
; plaintext[109]  ; Input    ; --            ; --            ; --                    ; --  ; --   ;
; plaintext[110]  ; Input    ; --            ; --            ; --                    ; --  ; --   ;
; plaintext[111]  ; Input    ; --            ; --            ; --                    ; --  ; --   ;
; plaintext[112]  ; Input    ; --            ; --            ; --                    ; --  ; --   ;
; plaintext[113]  ; Input    ; --            ; --            ; --                    ; --  ; --   ;
; plaintext[114]  ; Input    ; --            ; --            ; --                    ; --  ; --   ;
; plaintext[115]  ; Input    ; --            ; --            ; --                    ; --  ; --   ;
; plaintext[116]  ; Input    ; --            ; --            ; --                    ; --  ; --   ;
; plaintext[117]  ; Input    ; --            ; --            ; --                    ; --  ; --   ;
; plaintext[118]  ; Input    ; --            ; --            ; --                    ; --  ; --   ;
; plaintext[119]  ; Input    ; --            ; --            ; --                    ; --  ; --   ;
; plaintext[120]  ; Input    ; --            ; --            ; --                    ; --  ; --   ;
; plaintext[121]  ; Input    ; --            ; --            ; --                    ; --  ; --   ;
; plaintext[122]  ; Input    ; --            ; --            ; --                    ; --  ; --   ;
; plaintext[123]  ; Input    ; --            ; --            ; --                    ; --  ; --   ;
; plaintext[124]  ; Input    ; --            ; --            ; --                    ; --  ; --   ;
; plaintext[125]  ; Input    ; --            ; --            ; --                    ; --  ; --   ;
; plaintext[126]  ; Input    ; --            ; --            ; --                    ; --  ; --   ;
; plaintext[127]  ; Input    ; --            ; --            ; --                    ; --  ; --   ;
; key[0]          ; Input    ; --            ; --            ; --                    ; --  ; --   ;
; key[1]          ; Input    ; --            ; --            ; --                    ; --  ; --   ;
; key[2]          ; Input    ; --            ; --            ; --                    ; --  ; --   ;
; key[3]          ; Input    ; --            ; --            ; --                    ; --  ; --   ;
; key[4]          ; Input    ; --            ; --            ; --                    ; --  ; --   ;
; key[5]          ; Input    ; --            ; --            ; --                    ; --  ; --   ;
; key[6]          ; Input    ; --            ; --            ; --                    ; --  ; --   ;
; key[7]          ; Input    ; --            ; --            ; --                    ; --  ; --   ;
; key[8]          ; Input    ; --            ; --            ; --                    ; --  ; --   ;
; key[9]          ; Input    ; --            ; --            ; --                    ; --  ; --   ;
; key[10]         ; Input    ; --            ; --            ; --                    ; --  ; --   ;
; key[11]         ; Input    ; --            ; --            ; --                    ; --  ; --   ;
; key[12]         ; Input    ; --            ; --            ; --                    ; --  ; --   ;
; key[13]         ; Input    ; --            ; --            ; --                    ; --  ; --   ;
; key[14]         ; Input    ; --            ; --            ; --                    ; --  ; --   ;
; key[15]         ; Input    ; --            ; --            ; --                    ; --  ; --   ;
; key[16]         ; Input    ; --            ; --            ; --                    ; --  ; --   ;
; key[17]         ; Input    ; --            ; --            ; --                    ; --  ; --   ;
; key[18]         ; Input    ; --            ; --            ; --                    ; --  ; --   ;
; key[19]         ; Input    ; --            ; --            ; --                    ; --  ; --   ;
; key[20]         ; Input    ; --            ; --            ; --                    ; --  ; --   ;
; key[21]         ; Input    ; --            ; --            ; --                    ; --  ; --   ;
; key[22]         ; Input    ; --            ; --            ; --                    ; --  ; --   ;
; key[23]         ; Input    ; --            ; --            ; --                    ; --  ; --   ;
; key[24]         ; Input    ; --            ; --            ; --                    ; --  ; --   ;
; key[25]         ; Input    ; --            ; --            ; --                    ; --  ; --   ;
; key[26]         ; Input    ; --            ; --            ; --                    ; --  ; --   ;
; key[27]         ; Input    ; --            ; --            ; --                    ; --  ; --   ;
; key[28]         ; Input    ; --            ; --            ; --                    ; --  ; --   ;
; key[29]         ; Input    ; --            ; --            ; --                    ; --  ; --   ;
; key[30]         ; Input    ; --            ; --            ; --                    ; --  ; --   ;
; key[31]         ; Input    ; --            ; --            ; --                    ; --  ; --   ;
; key[32]         ; Input    ; --            ; --            ; --                    ; --  ; --   ;
; key[33]         ; Input    ; --            ; --            ; --                    ; --  ; --   ;
; key[34]         ; Input    ; --            ; --            ; --                    ; --  ; --   ;
; key[35]         ; Input    ; --            ; --            ; --                    ; --  ; --   ;
; key[36]         ; Input    ; --            ; --            ; --                    ; --  ; --   ;
; key[37]         ; Input    ; --            ; --            ; --                    ; --  ; --   ;
; key[38]         ; Input    ; --            ; --            ; --                    ; --  ; --   ;
; key[39]         ; Input    ; --            ; --            ; --                    ; --  ; --   ;
; key[40]         ; Input    ; --            ; --            ; --                    ; --  ; --   ;
; key[41]         ; Input    ; --            ; --            ; --                    ; --  ; --   ;
; key[42]         ; Input    ; --            ; --            ; --                    ; --  ; --   ;
; key[43]         ; Input    ; --            ; --            ; --                    ; --  ; --   ;
; key[44]         ; Input    ; --            ; --            ; --                    ; --  ; --   ;
; key[45]         ; Input    ; --            ; --            ; --                    ; --  ; --   ;
; key[46]         ; Input    ; --            ; --            ; --                    ; --  ; --   ;
; key[47]         ; Input    ; --            ; --            ; --                    ; --  ; --   ;
; key[48]         ; Input    ; --            ; --            ; --                    ; --  ; --   ;
; key[49]         ; Input    ; --            ; --            ; --                    ; --  ; --   ;
; key[50]         ; Input    ; --            ; --            ; --                    ; --  ; --   ;
; key[51]         ; Input    ; --            ; --            ; --                    ; --  ; --   ;
; key[52]         ; Input    ; --            ; --            ; --                    ; --  ; --   ;
; key[53]         ; Input    ; --            ; --            ; --                    ; --  ; --   ;
; key[54]         ; Input    ; --            ; --            ; --                    ; --  ; --   ;
; key[55]         ; Input    ; --            ; --            ; --                    ; --  ; --   ;
; key[56]         ; Input    ; --            ; --            ; --                    ; --  ; --   ;
; key[57]         ; Input    ; --            ; --            ; --                    ; --  ; --   ;
; key[58]         ; Input    ; --            ; --            ; --                    ; --  ; --   ;
; key[59]         ; Input    ; --            ; --            ; --                    ; --  ; --   ;
; key[60]         ; Input    ; --            ; --            ; --                    ; --  ; --   ;
; key[61]         ; Input    ; --            ; --            ; --                    ; --  ; --   ;
; key[62]         ; Input    ; --            ; --            ; --                    ; --  ; --   ;
; key[63]         ; Input    ; --            ; --            ; --                    ; --  ; --   ;
; key[64]         ; Input    ; --            ; --            ; --                    ; --  ; --   ;
; key[65]         ; Input    ; --            ; --            ; --                    ; --  ; --   ;
; key[66]         ; Input    ; --            ; --            ; --                    ; --  ; --   ;
; key[67]         ; Input    ; --            ; --            ; --                    ; --  ; --   ;
; key[68]         ; Input    ; --            ; --            ; --                    ; --  ; --   ;
; key[69]         ; Input    ; --            ; --            ; --                    ; --  ; --   ;
; key[70]         ; Input    ; --            ; --            ; --                    ; --  ; --   ;
; key[71]         ; Input    ; --            ; --            ; --                    ; --  ; --   ;
; key[72]         ; Input    ; --            ; --            ; --                    ; --  ; --   ;
; key[73]         ; Input    ; --            ; --            ; --                    ; --  ; --   ;
; key[74]         ; Input    ; --            ; --            ; --                    ; --  ; --   ;
; key[75]         ; Input    ; --            ; --            ; --                    ; --  ; --   ;
; key[76]         ; Input    ; --            ; --            ; --                    ; --  ; --   ;
; key[77]         ; Input    ; --            ; --            ; --                    ; --  ; --   ;
; key[78]         ; Input    ; --            ; --            ; --                    ; --  ; --   ;
; key[79]         ; Input    ; --            ; --            ; --                    ; --  ; --   ;
; key[80]         ; Input    ; --            ; --            ; --                    ; --  ; --   ;
; key[81]         ; Input    ; --            ; --            ; --                    ; --  ; --   ;
; key[82]         ; Input    ; --            ; --            ; --                    ; --  ; --   ;
; key[83]         ; Input    ; --            ; --            ; --                    ; --  ; --   ;
; key[84]         ; Input    ; --            ; --            ; --                    ; --  ; --   ;
; key[85]         ; Input    ; --            ; --            ; --                    ; --  ; --   ;
; key[86]         ; Input    ; --            ; --            ; --                    ; --  ; --   ;
; key[87]         ; Input    ; --            ; --            ; --                    ; --  ; --   ;
; key[88]         ; Input    ; --            ; --            ; --                    ; --  ; --   ;
; key[89]         ; Input    ; --            ; --            ; --                    ; --  ; --   ;
; key[90]         ; Input    ; --            ; --            ; --                    ; --  ; --   ;
; key[91]         ; Input    ; --            ; --            ; --                    ; --  ; --   ;
; key[92]         ; Input    ; --            ; --            ; --                    ; --  ; --   ;
; key[93]         ; Input    ; --            ; --            ; --                    ; --  ; --   ;
; key[94]         ; Input    ; --            ; --            ; --                    ; --  ; --   ;
; key[95]         ; Input    ; --            ; --            ; --                    ; --  ; --   ;
; key[96]         ; Input    ; --            ; --            ; --                    ; --  ; --   ;
; key[97]         ; Input    ; --            ; --            ; --                    ; --  ; --   ;
; key[98]         ; Input    ; --            ; --            ; --                    ; --  ; --   ;
; key[99]         ; Input    ; --            ; --            ; --                    ; --  ; --   ;
; key[100]        ; Input    ; --            ; --            ; --                    ; --  ; --   ;
; key[101]        ; Input    ; --            ; --            ; --                    ; --  ; --   ;
; key[102]        ; Input    ; --            ; --            ; --                    ; --  ; --   ;
; key[103]        ; Input    ; --            ; --            ; --                    ; --  ; --   ;
; key[104]        ; Input    ; --            ; --            ; --                    ; --  ; --   ;
; key[105]        ; Input    ; --            ; --            ; --                    ; --  ; --   ;
; key[106]        ; Input    ; --            ; --            ; --                    ; --  ; --   ;
; key[107]        ; Input    ; --            ; --            ; --                    ; --  ; --   ;
; key[108]        ; Input    ; --            ; --            ; --                    ; --  ; --   ;
; key[109]        ; Input    ; --            ; --            ; --                    ; --  ; --   ;
; key[110]        ; Input    ; --            ; --            ; --                    ; --  ; --   ;
; key[111]        ; Input    ; --            ; --            ; --                    ; --  ; --   ;
; key[112]        ; Input    ; --            ; --            ; --                    ; --  ; --   ;
; key[113]        ; Input    ; --            ; --            ; --                    ; --  ; --   ;
; key[114]        ; Input    ; --            ; --            ; --                    ; --  ; --   ;
; key[115]        ; Input    ; --            ; --            ; --                    ; --  ; --   ;
; key[116]        ; Input    ; --            ; --            ; --                    ; --  ; --   ;
; key[117]        ; Input    ; --            ; --            ; --                    ; --  ; --   ;
; key[118]        ; Input    ; --            ; --            ; --                    ; --  ; --   ;
; key[119]        ; Input    ; --            ; --            ; --                    ; --  ; --   ;
; key[120]        ; Input    ; --            ; --            ; --                    ; --  ; --   ;
; key[121]        ; Input    ; --            ; --            ; --                    ; --  ; --   ;
; key[122]        ; Input    ; --            ; --            ; --                    ; --  ; --   ;
; key[123]        ; Input    ; --            ; --            ; --                    ; --  ; --   ;
; key[124]        ; Input    ; --            ; --            ; --                    ; --  ; --   ;
; key[125]        ; Input    ; --            ; --            ; --                    ; --  ; --   ;
; key[126]        ; Input    ; --            ; --            ; --                    ; --  ; --   ;
; key[127]        ; Input    ; --            ; --            ; --                    ; --  ; --   ;
; ciphertext[0]   ; Output   ; --            ; --            ; --                    ; --  ; --   ;
; ciphertext[1]   ; Output   ; --            ; --            ; --                    ; --  ; --   ;
; ciphertext[2]   ; Output   ; --            ; --            ; --                    ; --  ; --   ;
; ciphertext[3]   ; Output   ; --            ; --            ; --                    ; --  ; --   ;
; ciphertext[4]   ; Output   ; --            ; --            ; --                    ; --  ; --   ;
; ciphertext[5]   ; Output   ; --            ; --            ; --                    ; --  ; --   ;
; ciphertext[6]   ; Output   ; --            ; --            ; --                    ; --  ; --   ;
; ciphertext[7]   ; Output   ; --            ; --            ; --                    ; --  ; --   ;
; ciphertext[8]   ; Output   ; --            ; --            ; --                    ; --  ; --   ;
; ciphertext[9]   ; Output   ; --            ; --            ; --                    ; --  ; --   ;
; ciphertext[10]  ; Output   ; --            ; --            ; --                    ; --  ; --   ;
; ciphertext[11]  ; Output   ; --            ; --            ; --                    ; --  ; --   ;
; ciphertext[12]  ; Output   ; --            ; --            ; --                    ; --  ; --   ;
; ciphertext[13]  ; Output   ; --            ; --            ; --                    ; --  ; --   ;
; ciphertext[14]  ; Output   ; --            ; --            ; --                    ; --  ; --   ;
; ciphertext[15]  ; Output   ; --            ; --            ; --                    ; --  ; --   ;
; ciphertext[16]  ; Output   ; --            ; --            ; --                    ; --  ; --   ;
; ciphertext[17]  ; Output   ; --            ; --            ; --                    ; --  ; --   ;
; ciphertext[18]  ; Output   ; --            ; --            ; --                    ; --  ; --   ;
; ciphertext[19]  ; Output   ; --            ; --            ; --                    ; --  ; --   ;
; ciphertext[20]  ; Output   ; --            ; --            ; --                    ; --  ; --   ;
; ciphertext[21]  ; Output   ; --            ; --            ; --                    ; --  ; --   ;
; ciphertext[22]  ; Output   ; --            ; --            ; --                    ; --  ; --   ;
; ciphertext[23]  ; Output   ; --            ; --            ; --                    ; --  ; --   ;
; ciphertext[24]  ; Output   ; --            ; --            ; --                    ; --  ; --   ;
; ciphertext[25]  ; Output   ; --            ; --            ; --                    ; --  ; --   ;
; ciphertext[26]  ; Output   ; --            ; --            ; --                    ; --  ; --   ;
; ciphertext[27]  ; Output   ; --            ; --            ; --                    ; --  ; --   ;
; ciphertext[28]  ; Output   ; --            ; --            ; --                    ; --  ; --   ;
; ciphertext[29]  ; Output   ; --            ; --            ; --                    ; --  ; --   ;
; ciphertext[30]  ; Output   ; --            ; --            ; --                    ; --  ; --   ;
; ciphertext[31]  ; Output   ; --            ; --            ; --                    ; --  ; --   ;
; ciphertext[32]  ; Output   ; --            ; --            ; --                    ; --  ; --   ;
; ciphertext[33]  ; Output   ; --            ; --            ; --                    ; --  ; --   ;
; ciphertext[34]  ; Output   ; --            ; --            ; --                    ; --  ; --   ;
; ciphertext[35]  ; Output   ; --            ; --            ; --                    ; --  ; --   ;
; ciphertext[36]  ; Output   ; --            ; --            ; --                    ; --  ; --   ;
; ciphertext[37]  ; Output   ; --            ; --            ; --                    ; --  ; --   ;
; ciphertext[38]  ; Output   ; --            ; --            ; --                    ; --  ; --   ;
; ciphertext[39]  ; Output   ; --            ; --            ; --                    ; --  ; --   ;
; ciphertext[40]  ; Output   ; --            ; --            ; --                    ; --  ; --   ;
; ciphertext[41]  ; Output   ; --            ; --            ; --                    ; --  ; --   ;
; ciphertext[42]  ; Output   ; --            ; --            ; --                    ; --  ; --   ;
; ciphertext[43]  ; Output   ; --            ; --            ; --                    ; --  ; --   ;
; ciphertext[44]  ; Output   ; --            ; --            ; --                    ; --  ; --   ;
; ciphertext[45]  ; Output   ; --            ; --            ; --                    ; --  ; --   ;
; ciphertext[46]  ; Output   ; --            ; --            ; --                    ; --  ; --   ;
; ciphertext[47]  ; Output   ; --            ; --            ; --                    ; --  ; --   ;
; ciphertext[48]  ; Output   ; --            ; --            ; --                    ; --  ; --   ;
; ciphertext[49]  ; Output   ; --            ; --            ; --                    ; --  ; --   ;
; ciphertext[50]  ; Output   ; --            ; --            ; --                    ; --  ; --   ;
; ciphertext[51]  ; Output   ; --            ; --            ; --                    ; --  ; --   ;
; ciphertext[52]  ; Output   ; --            ; --            ; --                    ; --  ; --   ;
; ciphertext[53]  ; Output   ; --            ; --            ; --                    ; --  ; --   ;
; ciphertext[54]  ; Output   ; --            ; --            ; --                    ; --  ; --   ;
; ciphertext[55]  ; Output   ; --            ; --            ; --                    ; --  ; --   ;
; ciphertext[56]  ; Output   ; --            ; --            ; --                    ; --  ; --   ;
; ciphertext[57]  ; Output   ; --            ; --            ; --                    ; --  ; --   ;
; ciphertext[58]  ; Output   ; --            ; --            ; --                    ; --  ; --   ;
; ciphertext[59]  ; Output   ; --            ; --            ; --                    ; --  ; --   ;
; ciphertext[60]  ; Output   ; --            ; --            ; --                    ; --  ; --   ;
; ciphertext[61]  ; Output   ; --            ; --            ; --                    ; --  ; --   ;
; ciphertext[62]  ; Output   ; --            ; --            ; --                    ; --  ; --   ;
; ciphertext[63]  ; Output   ; --            ; --            ; --                    ; --  ; --   ;
; ciphertext[64]  ; Output   ; --            ; --            ; --                    ; --  ; --   ;
; ciphertext[65]  ; Output   ; --            ; --            ; --                    ; --  ; --   ;
; ciphertext[66]  ; Output   ; --            ; --            ; --                    ; --  ; --   ;
; ciphertext[67]  ; Output   ; --            ; --            ; --                    ; --  ; --   ;
; ciphertext[68]  ; Output   ; --            ; --            ; --                    ; --  ; --   ;
; ciphertext[69]  ; Output   ; --            ; --            ; --                    ; --  ; --   ;
; ciphertext[70]  ; Output   ; --            ; --            ; --                    ; --  ; --   ;
; ciphertext[71]  ; Output   ; --            ; --            ; --                    ; --  ; --   ;
; ciphertext[72]  ; Output   ; --            ; --            ; --                    ; --  ; --   ;
; ciphertext[73]  ; Output   ; --            ; --            ; --                    ; --  ; --   ;
; ciphertext[74]  ; Output   ; --            ; --            ; --                    ; --  ; --   ;
; ciphertext[75]  ; Output   ; --            ; --            ; --                    ; --  ; --   ;
; ciphertext[76]  ; Output   ; --            ; --            ; --                    ; --  ; --   ;
; ciphertext[77]  ; Output   ; --            ; --            ; --                    ; --  ; --   ;
; ciphertext[78]  ; Output   ; --            ; --            ; --                    ; --  ; --   ;
; ciphertext[79]  ; Output   ; --            ; --            ; --                    ; --  ; --   ;
; ciphertext[80]  ; Output   ; --            ; --            ; --                    ; --  ; --   ;
; ciphertext[81]  ; Output   ; --            ; --            ; --                    ; --  ; --   ;
; ciphertext[82]  ; Output   ; --            ; --            ; --                    ; --  ; --   ;
; ciphertext[83]  ; Output   ; --            ; --            ; --                    ; --  ; --   ;
; ciphertext[84]  ; Output   ; --            ; --            ; --                    ; --  ; --   ;
; ciphertext[85]  ; Output   ; --            ; --            ; --                    ; --  ; --   ;
; ciphertext[86]  ; Output   ; --            ; --            ; --                    ; --  ; --   ;
; ciphertext[87]  ; Output   ; --            ; --            ; --                    ; --  ; --   ;
; ciphertext[88]  ; Output   ; --            ; --            ; --                    ; --  ; --   ;
; ciphertext[89]  ; Output   ; --            ; --            ; --                    ; --  ; --   ;
; ciphertext[90]  ; Output   ; --            ; --            ; --                    ; --  ; --   ;
; ciphertext[91]  ; Output   ; --            ; --            ; --                    ; --  ; --   ;
; ciphertext[92]  ; Output   ; --            ; --            ; --                    ; --  ; --   ;
; ciphertext[93]  ; Output   ; --            ; --            ; --                    ; --  ; --   ;
; ciphertext[94]  ; Output   ; --            ; --            ; --                    ; --  ; --   ;
; ciphertext[95]  ; Output   ; --            ; --            ; --                    ; --  ; --   ;
; ciphertext[96]  ; Output   ; --            ; --            ; --                    ; --  ; --   ;
; ciphertext[97]  ; Output   ; --            ; --            ; --                    ; --  ; --   ;
; ciphertext[98]  ; Output   ; --            ; --            ; --                    ; --  ; --   ;
; ciphertext[99]  ; Output   ; --            ; --            ; --                    ; --  ; --   ;
; ciphertext[100] ; Output   ; --            ; --            ; --                    ; --  ; --   ;
; ciphertext[101] ; Output   ; --            ; --            ; --                    ; --  ; --   ;
; ciphertext[102] ; Output   ; --            ; --            ; --                    ; --  ; --   ;
; ciphertext[103] ; Output   ; --            ; --            ; --                    ; --  ; --   ;
; ciphertext[104] ; Output   ; --            ; --            ; --                    ; --  ; --   ;
; ciphertext[105] ; Output   ; --            ; --            ; --                    ; --  ; --   ;
; ciphertext[106] ; Output   ; --            ; --            ; --                    ; --  ; --   ;
; ciphertext[107] ; Output   ; --            ; --            ; --                    ; --  ; --   ;
; ciphertext[108] ; Output   ; --            ; --            ; --                    ; --  ; --   ;
; ciphertext[109] ; Output   ; --            ; --            ; --                    ; --  ; --   ;
; ciphertext[110] ; Output   ; --            ; --            ; --                    ; --  ; --   ;
; ciphertext[111] ; Output   ; --            ; --            ; --                    ; --  ; --   ;
; ciphertext[112] ; Output   ; --            ; --            ; --                    ; --  ; --   ;
; ciphertext[113] ; Output   ; --            ; --            ; --                    ; --  ; --   ;
; ciphertext[114] ; Output   ; --            ; --            ; --                    ; --  ; --   ;
; ciphertext[115] ; Output   ; --            ; --            ; --                    ; --  ; --   ;
; ciphertext[116] ; Output   ; --            ; --            ; --                    ; --  ; --   ;
; ciphertext[117] ; Output   ; --            ; --            ; --                    ; --  ; --   ;
; ciphertext[118] ; Output   ; --            ; --            ; --                    ; --  ; --   ;
; ciphertext[119] ; Output   ; --            ; --            ; --                    ; --  ; --   ;
; ciphertext[120] ; Output   ; --            ; --            ; --                    ; --  ; --   ;
; ciphertext[121] ; Output   ; --            ; --            ; --                    ; --  ; --   ;
; ciphertext[122] ; Output   ; --            ; --            ; --                    ; --  ; --   ;
; ciphertext[123] ; Output   ; --            ; --            ; --                    ; --  ; --   ;
; ciphertext[124] ; Output   ; --            ; --            ; --                    ; --  ; --   ;
; ciphertext[125] ; Output   ; --            ; --            ; --                    ; --  ; --   ;
; ciphertext[126] ; Output   ; --            ; --            ; --                    ; --  ; --   ;
; ciphertext[127] ; Output   ; --            ; --            ; --                    ; --  ; --   ;
; done            ; Output   ; --            ; --            ; --                    ; --  ; --   ;
+-----------------+----------+---------------+---------------+-----------------------+-----+------+


+---------------------------------------------------+
; Pad To Core Delay Chain Fanout                    ;
+---------------------+-------------------+---------+
; Source Pin / Fanout ; Pad To Core Index ; Setting ;
+---------------------+-------------------+---------+
; clk                 ;                   ;         ;
; reset               ;                   ;         ;
; start               ;                   ;         ;
; plaintext[0]        ;                   ;         ;
; plaintext[1]        ;                   ;         ;
; plaintext[2]        ;                   ;         ;
; plaintext[3]        ;                   ;         ;
; plaintext[4]        ;                   ;         ;
; plaintext[5]        ;                   ;         ;
; plaintext[6]        ;                   ;         ;
; plaintext[7]        ;                   ;         ;
; plaintext[8]        ;                   ;         ;
; plaintext[9]        ;                   ;         ;
; plaintext[10]       ;                   ;         ;
; plaintext[11]       ;                   ;         ;
; plaintext[12]       ;                   ;         ;
; plaintext[13]       ;                   ;         ;
; plaintext[14]       ;                   ;         ;
; plaintext[15]       ;                   ;         ;
; plaintext[16]       ;                   ;         ;
; plaintext[17]       ;                   ;         ;
; plaintext[18]       ;                   ;         ;
; plaintext[19]       ;                   ;         ;
; plaintext[20]       ;                   ;         ;
; plaintext[21]       ;                   ;         ;
; plaintext[22]       ;                   ;         ;
; plaintext[23]       ;                   ;         ;
; plaintext[24]       ;                   ;         ;
; plaintext[25]       ;                   ;         ;
; plaintext[26]       ;                   ;         ;
; plaintext[27]       ;                   ;         ;
; plaintext[28]       ;                   ;         ;
; plaintext[29]       ;                   ;         ;
; plaintext[30]       ;                   ;         ;
; plaintext[31]       ;                   ;         ;
; plaintext[32]       ;                   ;         ;
; plaintext[33]       ;                   ;         ;
; plaintext[34]       ;                   ;         ;
; plaintext[35]       ;                   ;         ;
; plaintext[36]       ;                   ;         ;
; plaintext[37]       ;                   ;         ;
; plaintext[38]       ;                   ;         ;
; plaintext[39]       ;                   ;         ;
; plaintext[40]       ;                   ;         ;
; plaintext[41]       ;                   ;         ;
; plaintext[42]       ;                   ;         ;
; plaintext[43]       ;                   ;         ;
; plaintext[44]       ;                   ;         ;
; plaintext[45]       ;                   ;         ;
; plaintext[46]       ;                   ;         ;
; plaintext[47]       ;                   ;         ;
; plaintext[48]       ;                   ;         ;
; plaintext[49]       ;                   ;         ;
; plaintext[50]       ;                   ;         ;
; plaintext[51]       ;                   ;         ;
; plaintext[52]       ;                   ;         ;
; plaintext[53]       ;                   ;         ;
; plaintext[54]       ;                   ;         ;
; plaintext[55]       ;                   ;         ;
; plaintext[56]       ;                   ;         ;
; plaintext[57]       ;                   ;         ;
; plaintext[58]       ;                   ;         ;
; plaintext[59]       ;                   ;         ;
; plaintext[60]       ;                   ;         ;
; plaintext[61]       ;                   ;         ;
; plaintext[62]       ;                   ;         ;
; plaintext[63]       ;                   ;         ;
; plaintext[64]       ;                   ;         ;
; plaintext[65]       ;                   ;         ;
; plaintext[66]       ;                   ;         ;
; plaintext[67]       ;                   ;         ;
; plaintext[68]       ;                   ;         ;
; plaintext[69]       ;                   ;         ;
; plaintext[70]       ;                   ;         ;
; plaintext[71]       ;                   ;         ;
; plaintext[72]       ;                   ;         ;
; plaintext[73]       ;                   ;         ;
; plaintext[74]       ;                   ;         ;
; plaintext[75]       ;                   ;         ;
; plaintext[76]       ;                   ;         ;
; plaintext[77]       ;                   ;         ;
; plaintext[78]       ;                   ;         ;
; plaintext[79]       ;                   ;         ;
; plaintext[80]       ;                   ;         ;
; plaintext[81]       ;                   ;         ;
; plaintext[82]       ;                   ;         ;
; plaintext[83]       ;                   ;         ;
; plaintext[84]       ;                   ;         ;
; plaintext[85]       ;                   ;         ;
; plaintext[86]       ;                   ;         ;
; plaintext[87]       ;                   ;         ;
; plaintext[88]       ;                   ;         ;
; plaintext[89]       ;                   ;         ;
; plaintext[90]       ;                   ;         ;
; plaintext[91]       ;                   ;         ;
; plaintext[92]       ;                   ;         ;
; plaintext[93]       ;                   ;         ;
; plaintext[94]       ;                   ;         ;
; plaintext[95]       ;                   ;         ;
; plaintext[96]       ;                   ;         ;
; plaintext[97]       ;                   ;         ;
; plaintext[98]       ;                   ;         ;
; plaintext[99]       ;                   ;         ;
; plaintext[100]      ;                   ;         ;
; plaintext[101]      ;                   ;         ;
; plaintext[102]      ;                   ;         ;
; plaintext[103]      ;                   ;         ;
; plaintext[104]      ;                   ;         ;
; plaintext[105]      ;                   ;         ;
; plaintext[106]      ;                   ;         ;
; plaintext[107]      ;                   ;         ;
; plaintext[108]      ;                   ;         ;
; plaintext[109]      ;                   ;         ;
; plaintext[110]      ;                   ;         ;
; plaintext[111]      ;                   ;         ;
; plaintext[112]      ;                   ;         ;
; plaintext[113]      ;                   ;         ;
; plaintext[114]      ;                   ;         ;
; plaintext[115]      ;                   ;         ;
; plaintext[116]      ;                   ;         ;
; plaintext[117]      ;                   ;         ;
; plaintext[118]      ;                   ;         ;
; plaintext[119]      ;                   ;         ;
; plaintext[120]      ;                   ;         ;
; plaintext[121]      ;                   ;         ;
; plaintext[122]      ;                   ;         ;
; plaintext[123]      ;                   ;         ;
; plaintext[124]      ;                   ;         ;
; plaintext[125]      ;                   ;         ;
; plaintext[126]      ;                   ;         ;
; plaintext[127]      ;                   ;         ;
; key[0]              ;                   ;         ;
; key[1]              ;                   ;         ;
; key[2]              ;                   ;         ;
; key[3]              ;                   ;         ;
; key[4]              ;                   ;         ;
; key[5]              ;                   ;         ;
; key[6]              ;                   ;         ;
; key[7]              ;                   ;         ;
; key[8]              ;                   ;         ;
; key[9]              ;                   ;         ;
; key[10]             ;                   ;         ;
; key[11]             ;                   ;         ;
; key[12]             ;                   ;         ;
; key[13]             ;                   ;         ;
; key[14]             ;                   ;         ;
; key[15]             ;                   ;         ;
; key[16]             ;                   ;         ;
; key[17]             ;                   ;         ;
; key[18]             ;                   ;         ;
; key[19]             ;                   ;         ;
; key[20]             ;                   ;         ;
; key[21]             ;                   ;         ;
; key[22]             ;                   ;         ;
; key[23]             ;                   ;         ;
; key[24]             ;                   ;         ;
; key[25]             ;                   ;         ;
; key[26]             ;                   ;         ;
; key[27]             ;                   ;         ;
; key[28]             ;                   ;         ;
; key[29]             ;                   ;         ;
; key[30]             ;                   ;         ;
; key[31]             ;                   ;         ;
; key[32]             ;                   ;         ;
; key[33]             ;                   ;         ;
; key[34]             ;                   ;         ;
; key[35]             ;                   ;         ;
; key[36]             ;                   ;         ;
; key[37]             ;                   ;         ;
; key[38]             ;                   ;         ;
; key[39]             ;                   ;         ;
; key[40]             ;                   ;         ;
; key[41]             ;                   ;         ;
; key[42]             ;                   ;         ;
; key[43]             ;                   ;         ;
; key[44]             ;                   ;         ;
; key[45]             ;                   ;         ;
; key[46]             ;                   ;         ;
; key[47]             ;                   ;         ;
; key[48]             ;                   ;         ;
; key[49]             ;                   ;         ;
; key[50]             ;                   ;         ;
; key[51]             ;                   ;         ;
; key[52]             ;                   ;         ;
; key[53]             ;                   ;         ;
; key[54]             ;                   ;         ;
; key[55]             ;                   ;         ;
; key[56]             ;                   ;         ;
; key[57]             ;                   ;         ;
; key[58]             ;                   ;         ;
; key[59]             ;                   ;         ;
; key[60]             ;                   ;         ;
; key[61]             ;                   ;         ;
; key[62]             ;                   ;         ;
; key[63]             ;                   ;         ;
; key[64]             ;                   ;         ;
; key[65]             ;                   ;         ;
; key[66]             ;                   ;         ;
; key[67]             ;                   ;         ;
; key[68]             ;                   ;         ;
; key[69]             ;                   ;         ;
; key[70]             ;                   ;         ;
; key[71]             ;                   ;         ;
; key[72]             ;                   ;         ;
; key[73]             ;                   ;         ;
; key[74]             ;                   ;         ;
; key[75]             ;                   ;         ;
; key[76]             ;                   ;         ;
; key[77]             ;                   ;         ;
; key[78]             ;                   ;         ;
; key[79]             ;                   ;         ;
; key[80]             ;                   ;         ;
; key[81]             ;                   ;         ;
; key[82]             ;                   ;         ;
; key[83]             ;                   ;         ;
; key[84]             ;                   ;         ;
; key[85]             ;                   ;         ;
; key[86]             ;                   ;         ;
; key[87]             ;                   ;         ;
; key[88]             ;                   ;         ;
; key[89]             ;                   ;         ;
; key[90]             ;                   ;         ;
; key[91]             ;                   ;         ;
; key[92]             ;                   ;         ;
; key[93]             ;                   ;         ;
; key[94]             ;                   ;         ;
; key[95]             ;                   ;         ;
; key[96]             ;                   ;         ;
; key[97]             ;                   ;         ;
; key[98]             ;                   ;         ;
; key[99]             ;                   ;         ;
; key[100]            ;                   ;         ;
; key[101]            ;                   ;         ;
; key[102]            ;                   ;         ;
; key[103]            ;                   ;         ;
; key[104]            ;                   ;         ;
; key[105]            ;                   ;         ;
; key[106]            ;                   ;         ;
; key[107]            ;                   ;         ;
; key[108]            ;                   ;         ;
; key[109]            ;                   ;         ;
; key[110]            ;                   ;         ;
; key[111]            ;                   ;         ;
; key[112]            ;                   ;         ;
; key[113]            ;                   ;         ;
; key[114]            ;                   ;         ;
; key[115]            ;                   ;         ;
; key[116]            ;                   ;         ;
; key[117]            ;                   ;         ;
; key[118]            ;                   ;         ;
; key[119]            ;                   ;         ;
; key[120]            ;                   ;         ;
; key[121]            ;                   ;         ;
; key[122]            ;                   ;         ;
; key[123]            ;                   ;         ;
; key[124]            ;                   ;         ;
; key[125]            ;                   ;         ;
; key[126]            ;                   ;         ;
; key[127]            ;                   ;         ;
+---------------------+-------------------+---------+


+------------------------------------------+
; I/O Rules Summary                        ;
+----------------------------------+-------+
; I/O Rules Statistic              ; Total ;
+----------------------------------+-------+
; Total I/O Rules                  ; 30    ;
; Number of I/O Rules Passed       ; 2     ;
; Number of I/O Rules Failed       ; 0     ;
; Number of I/O Rules Unchecked    ; 7     ;
; Number of I/O Rules Inapplicable ; 21    ;
+----------------------------------+-------+


+-----------------------------------------------------------------------------------------------------------------------------------------------------------------------------------------------------------------------------------------------------------------------------------------------------+
; I/O Rules Details                                                                                                                                                                                                                                                                                   ;
+--------------+-----------+-----------------------------------+------------------------------------------------------------------------------------------------------+----------+--------------------------------------------------------------------------+---------------------+-------------------+
; Status       ; ID        ; Category                          ; Rule Description                                                                                     ; Severity ; Information                                                              ; Area                ; Extra Information ;
+--------------+-----------+-----------------------------------+------------------------------------------------------------------------------------------------------+----------+--------------------------------------------------------------------------+---------------------+-------------------+
; Inapplicable ; IO_000001 ; Capacity Checks                   ; Number of pins in an I/O bank should not exceed the number of locations available.                   ; Critical ; No Location assignments found.                                           ; I/O                 ;                   ;
; Inapplicable ; IO_000002 ; Capacity Checks                   ; Number of clocks in an I/O bank should not exceed the number of clocks available.                    ; Critical ; No Global Signal assignments found.                                      ; I/O                 ;                   ;
; Inapplicable ; IO_000003 ; Capacity Checks                   ; Number of pins in a Vrefgroup should not exceed the number of locations available.                   ; Critical ; No Location assignments found.                                           ; I/O                 ;                   ;
; Inapplicable ; IO_000004 ; Voltage Compatibility Checks      ; The I/O bank should support the requested VCCIO.                                                     ; Critical ; No IOBANK_VCCIO assignments found.                                       ; I/O                 ;                   ;
; Inapplicable ; IO_000005 ; Voltage Compatibility Checks      ; The I/O bank should not have competing VREF values.                                                  ; Critical ; No VREF I/O Standard assignments found.                                  ; I/O                 ;                   ;
; Unchecked    ; IO_000006 ; Voltage Compatibility Checks      ; The I/O bank should not have competing VCCIO values.                                                 ; Critical ; 0 such failures found.                                                   ; I/O                 ;                   ;
; Inapplicable ; IO_000007 ; Valid Location Checks             ; Checks for unavailable locations.                                                                    ; Critical ; No Location assignments found.                                           ; I/O                 ;                   ;
; Inapplicable ; IO_000008 ; Valid Location Checks             ; Checks for reserved locations.                                                                       ; Critical ; No reserved LogicLock region found.                                      ; I/O                 ;                   ;
; Unchecked    ; IO_000009 ; I/O Properties Checks for One I/O ; The location should support the requested I/O standard.                                              ; Critical ; 0 such failures found.                                                   ; I/O                 ;                   ;
; Unchecked    ; IO_000010 ; I/O Properties Checks for One I/O ; The location should support the requested I/O direction.                                             ; Critical ; 0 such failures found.                                                   ; I/O                 ;                   ;
; Inapplicable ; IO_000011 ; I/O Properties Checks for One I/O ; The location should support the requested Current Strength.                                          ; Critical ; No Current Strength assignments found.                                   ; I/O                 ;                   ;
; Unchecked    ; IO_000012 ; I/O Properties Checks for One I/O ; The location should support the requested On Chip Termination value.                                 ; Critical ; 0 such failures found.                                                   ; I/O                 ;                   ;
; Inapplicable ; IO_000013 ; I/O Properties Checks for One I/O ; The location should support the requested Bus Hold value.                                            ; Critical ; No Enable Bus-Hold Circuitry assignments found.                          ; I/O                 ;                   ;
; Inapplicable ; IO_000014 ; I/O Properties Checks for One I/O ; The location should support the requested Weak Pull Up value.                                        ; Critical ; No Weak Pull-Up Resistor assignments found.                              ; I/O                 ;                   ;
; Unchecked    ; IO_000015 ; I/O Properties Checks for One I/O ; The location should support the requested PCI Clamp Diode.                                           ; Critical ; 0 such failures found.                                                   ; I/O                 ;                   ;
; Inapplicable ; IO_000018 ; I/O Properties Checks for One I/O ; The I/O standard should support the requested Current Strength.                                      ; Critical ; No Current Strength assignments found.                                   ; I/O                 ;                   ;
; Unchecked    ; IO_000019 ; I/O Properties Checks for One I/O ; The I/O standard should support the requested On Chip Termination value.                             ; Critical ; 0 such failures found.                                                   ; I/O                 ;                   ;
; Pass         ; IO_000020 ; I/O Properties Checks for One I/O ; The I/O standard should support the requested PCI Clamp Diode.                                       ; Critical ; 0 such failures found.                                                   ; I/O                 ;                   ;
; Inapplicable ; IO_000021 ; I/O Properties Checks for One I/O ; The I/O standard should support the requested Weak Pull Up value.                                    ; Critical ; No Weak Pull-Up Resistor assignments found.                              ; I/O                 ;                   ;
; Inapplicable ; IO_000022 ; I/O Properties Checks for One I/O ; The I/O standard should support the requested Bus Hold value.                                        ; Critical ; No Enable Bus-Hold Circuitry assignments found.                          ; I/O                 ;                   ;
; Inapplicable ; IO_000023 ; I/O Properties Checks for One I/O ; The I/O standard should support the Open Drain value.                                                ; Critical ; No open drain assignments found.                                         ; I/O                 ;                   ;
; Pass         ; IO_000024 ; I/O Properties Checks for One I/O ; The I/O direction should support the On Chip Termination value.                                      ; Critical ; 0 such failures found.                                                   ; I/O                 ;                   ;
; Inapplicable ; IO_000026 ; I/O Properties Checks for One I/O ; On Chip Termination and Current Strength should not be used at the same time.                        ; Critical ; No Current Strength assignments found.                                   ; I/O                 ;                   ;
; Inapplicable ; IO_000027 ; I/O Properties Checks for One I/O ; Weak Pull Up and Bus Hold should not be used at the same time.                                       ; Critical ; No Enable Bus-Hold Circuitry or Weak Pull-Up Resistor assignments found. ; I/O                 ;                   ;
; Inapplicable ; IO_000045 ; I/O Properties Checks for One I/O ; The I/O standard should support the requested Slew Rate value.                                       ; Critical ; No Slew Rate assignments found.                                          ; I/O                 ;                   ;
; Inapplicable ; IO_000046 ; I/O Properties Checks for One I/O ; The location should support the requested Slew Rate value.                                           ; Critical ; No Slew Rate assignments found.                                          ; I/O                 ;                   ;
; Inapplicable ; IO_000047 ; I/O Properties Checks for One I/O ; On Chip Termination and Slew Rate should not be used at the same time.                               ; Critical ; No Slew Rate assignments found.                                          ; I/O                 ;                   ;
; Unchecked    ; IO_000033 ; Electromigration Checks           ; Current density for consecutive I/Os should not exceed 160mA for row I/Os and 160mA for column I/Os. ; Critical ; 0 such failures found.                                                   ; I/O                 ;                   ;
; Inapplicable ; IO_000034 ; SI Related Distance Checks        ; Single-ended outputs should be 5 LAB row(s) away from a differential I/O.                            ; High     ; No Differential I/O Standard assignments found.                          ; I/O                 ;                   ;
; Inapplicable ; IO_000042 ; SI Related SSO Limit Checks       ; No more than 20 outputs are allowed in a VREF group when VREF is being read from.                    ; High     ; No VREF I/O Standard assignments found.                                  ; I/O                 ;                   ;
; ----         ; ----      ; Disclaimer                        ; OCT rules are checked but not reported.                                                              ; None     ; ----                                                                     ; On Chip Termination ;                   ;
+--------------+-----------+-----------------------------------+------------------------------------------------------------------------------------------------------+----------+--------------------------------------------------------------------------+---------------------+-------------------+


+--------------------------------------------------------------------------------------------------------------------------------------------------------------------------------------------------------------------------------------------------------------------------------------------------------------------------------------------------------------------------------------------------------------------------------------------------------------------------+
; I/O Rules Matrix                                                                                                                                                                                                                                                                                                                                                                                                                                                         ;
+--------------------+--------------+--------------+--------------+--------------+--------------+-----------+--------------+--------------+-----------+-----------+--------------+--------------+--------------+--------------+--------------+--------------+--------------+--------------+--------------+--------------+--------------+--------------+--------------+--------------+--------------+--------------+--------------+-----------+--------------+--------------+
; Pin/Rules          ; IO_000001    ; IO_000002    ; IO_000003    ; IO_000004    ; IO_000005    ; IO_000006 ; IO_000007    ; IO_000008    ; IO_000009 ; IO_000010 ; IO_000011    ; IO_000012    ; IO_000013    ; IO_000014    ; IO_000015    ; IO_000018    ; IO_000019    ; IO_000020    ; IO_000021    ; IO_000022    ; IO_000023    ; IO_000024    ; IO_000026    ; IO_000027    ; IO_000045    ; IO_000046    ; IO_000047    ; IO_000033 ; IO_000034    ; IO_000042    ;
+--------------------+--------------+--------------+--------------+--------------+--------------+-----------+--------------+--------------+-----------+-----------+--------------+--------------+--------------+--------------+--------------+--------------+--------------+--------------+--------------+--------------+--------------+--------------+--------------+--------------+--------------+--------------+--------------+-----------+--------------+--------------+
; Total Pass         ; 0            ; 0            ; 0            ; 0            ; 0            ; 0         ; 0            ; 0            ; 0         ; 0         ; 0            ; 0            ; 0            ; 0            ; 0            ; 0            ; 0            ; 259          ; 0            ; 0            ; 0            ; 129          ; 0            ; 0            ; 0            ; 0            ; 0            ; 0         ; 0            ; 0            ;
; Total Unchecked    ; 0            ; 0            ; 0            ; 0            ; 0            ; 388       ; 0            ; 0            ; 388       ; 388       ; 0            ; 129          ; 0            ; 0            ; 259          ; 0            ; 129          ; 0            ; 0            ; 0            ; 0            ; 0            ; 0            ; 0            ; 0            ; 0            ; 0            ; 388       ; 0            ; 0            ;
; Total Inapplicable ; 388          ; 388          ; 388          ; 388          ; 388          ; 0         ; 388          ; 388          ; 0         ; 0         ; 388          ; 259          ; 388          ; 388          ; 129          ; 388          ; 259          ; 129          ; 388          ; 388          ; 388          ; 259          ; 388          ; 388          ; 388          ; 388          ; 388          ; 0         ; 388          ; 388          ;
; Total Fail         ; 0            ; 0            ; 0            ; 0            ; 0            ; 0         ; 0            ; 0            ; 0         ; 0         ; 0            ; 0            ; 0            ; 0            ; 0            ; 0            ; 0            ; 0            ; 0            ; 0            ; 0            ; 0            ; 0            ; 0            ; 0            ; 0            ; 0            ; 0         ; 0            ; 0            ;
; clk                ; Inapplicable ; Inapplicable ; Inapplicable ; Inapplicable ; Inapplicable ; Unchecked ; Inapplicable ; Inapplicable ; Unchecked ; Unchecked ; Inapplicable ; Inapplicable ; Inapplicable ; Inapplicable ; Unchecked    ; Inapplicable ; Inapplicable ; Pass         ; Inapplicable ; Inapplicable ; Inapplicable ; Inapplicable ; Inapplicable ; Inapplicable ; Inapplicable ; Inapplicable ; Inapplicable ; Unchecked ; Inapplicable ; Inapplicable ;
; reset              ; Inapplicable ; Inapplicable ; Inapplicable ; Inapplicable ; Inapplicable ; Unchecked ; Inapplicable ; Inapplicable ; Unchecked ; Unchecked ; Inapplicable ; Inapplicable ; Inapplicable ; Inapplicable ; Unchecked    ; Inapplicable ; Inapplicable ; Pass         ; Inapplicable ; Inapplicable ; Inapplicable ; Inapplicable ; Inapplicable ; Inapplicable ; Inapplicable ; Inapplicable ; Inapplicable ; Unchecked ; Inapplicable ; Inapplicable ;
; start              ; Inapplicable ; Inapplicable ; Inapplicable ; Inapplicable ; Inapplicable ; Unchecked ; Inapplicable ; Inapplicable ; Unchecked ; Unchecked ; Inapplicable ; Inapplicable ; Inapplicable ; Inapplicable ; Unchecked    ; Inapplicable ; Inapplicable ; Pass         ; Inapplicable ; Inapplicable ; Inapplicable ; Inapplicable ; Inapplicable ; Inapplicable ; Inapplicable ; Inapplicable ; Inapplicable ; Unchecked ; Inapplicable ; Inapplicable ;
; plaintext[0]       ; Inapplicable ; Inapplicable ; Inapplicable ; Inapplicable ; Inapplicable ; Unchecked ; Inapplicable ; Inapplicable ; Unchecked ; Unchecked ; Inapplicable ; Inapplicable ; Inapplicable ; Inapplicable ; Unchecked    ; Inapplicable ; Inapplicable ; Pass         ; Inapplicable ; Inapplicable ; Inapplicable ; Inapplicable ; Inapplicable ; Inapplicable ; Inapplicable ; Inapplicable ; Inapplicable ; Unchecked ; Inapplicable ; Inapplicable ;
; plaintext[1]       ; Inapplicable ; Inapplicable ; Inapplicable ; Inapplicable ; Inapplicable ; Unchecked ; Inapplicable ; Inapplicable ; Unchecked ; Unchecked ; Inapplicable ; Inapplicable ; Inapplicable ; Inapplicable ; Unchecked    ; Inapplicable ; Inapplicable ; Pass         ; Inapplicable ; Inapplicable ; Inapplicable ; Inapplicable ; Inapplicable ; Inapplicable ; Inapplicable ; Inapplicable ; Inapplicable ; Unchecked ; Inapplicable ; Inapplicable ;
; plaintext[2]       ; Inapplicable ; Inapplicable ; Inapplicable ; Inapplicable ; Inapplicable ; Unchecked ; Inapplicable ; Inapplicable ; Unchecked ; Unchecked ; Inapplicable ; Inapplicable ; Inapplicable ; Inapplicable ; Unchecked    ; Inapplicable ; Inapplicable ; Pass         ; Inapplicable ; Inapplicable ; Inapplicable ; Inapplicable ; Inapplicable ; Inapplicable ; Inapplicable ; Inapplicable ; Inapplicable ; Unchecked ; Inapplicable ; Inapplicable ;
; plaintext[3]       ; Inapplicable ; Inapplicable ; Inapplicable ; Inapplicable ; Inapplicable ; Unchecked ; Inapplicable ; Inapplicable ; Unchecked ; Unchecked ; Inapplicable ; Inapplicable ; Inapplicable ; Inapplicable ; Unchecked    ; Inapplicable ; Inapplicable ; Pass         ; Inapplicable ; Inapplicable ; Inapplicable ; Inapplicable ; Inapplicable ; Inapplicable ; Inapplicable ; Inapplicable ; Inapplicable ; Unchecked ; Inapplicable ; Inapplicable ;
; plaintext[4]       ; Inapplicable ; Inapplicable ; Inapplicable ; Inapplicable ; Inapplicable ; Unchecked ; Inapplicable ; Inapplicable ; Unchecked ; Unchecked ; Inapplicable ; Inapplicable ; Inapplicable ; Inapplicable ; Unchecked    ; Inapplicable ; Inapplicable ; Pass         ; Inapplicable ; Inapplicable ; Inapplicable ; Inapplicable ; Inapplicable ; Inapplicable ; Inapplicable ; Inapplicable ; Inapplicable ; Unchecked ; Inapplicable ; Inapplicable ;
; plaintext[5]       ; Inapplicable ; Inapplicable ; Inapplicable ; Inapplicable ; Inapplicable ; Unchecked ; Inapplicable ; Inapplicable ; Unchecked ; Unchecked ; Inapplicable ; Inapplicable ; Inapplicable ; Inapplicable ; Unchecked    ; Inapplicable ; Inapplicable ; Pass         ; Inapplicable ; Inapplicable ; Inapplicable ; Inapplicable ; Inapplicable ; Inapplicable ; Inapplicable ; Inapplicable ; Inapplicable ; Unchecked ; Inapplicable ; Inapplicable ;
; plaintext[6]       ; Inapplicable ; Inapplicable ; Inapplicable ; Inapplicable ; Inapplicable ; Unchecked ; Inapplicable ; Inapplicable ; Unchecked ; Unchecked ; Inapplicable ; Inapplicable ; Inapplicable ; Inapplicable ; Unchecked    ; Inapplicable ; Inapplicable ; Pass         ; Inapplicable ; Inapplicable ; Inapplicable ; Inapplicable ; Inapplicable ; Inapplicable ; Inapplicable ; Inapplicable ; Inapplicable ; Unchecked ; Inapplicable ; Inapplicable ;
; plaintext[7]       ; Inapplicable ; Inapplicable ; Inapplicable ; Inapplicable ; Inapplicable ; Unchecked ; Inapplicable ; Inapplicable ; Unchecked ; Unchecked ; Inapplicable ; Inapplicable ; Inapplicable ; Inapplicable ; Unchecked    ; Inapplicable ; Inapplicable ; Pass         ; Inapplicable ; Inapplicable ; Inapplicable ; Inapplicable ; Inapplicable ; Inapplicable ; Inapplicable ; Inapplicable ; Inapplicable ; Unchecked ; Inapplicable ; Inapplicable ;
; plaintext[8]       ; Inapplicable ; Inapplicable ; Inapplicable ; Inapplicable ; Inapplicable ; Unchecked ; Inapplicable ; Inapplicable ; Unchecked ; Unchecked ; Inapplicable ; Inapplicable ; Inapplicable ; Inapplicable ; Unchecked    ; Inapplicable ; Inapplicable ; Pass         ; Inapplicable ; Inapplicable ; Inapplicable ; Inapplicable ; Inapplicable ; Inapplicable ; Inapplicable ; Inapplicable ; Inapplicable ; Unchecked ; Inapplicable ; Inapplicable ;
; plaintext[9]       ; Inapplicable ; Inapplicable ; Inapplicable ; Inapplicable ; Inapplicable ; Unchecked ; Inapplicable ; Inapplicable ; Unchecked ; Unchecked ; Inapplicable ; Inapplicable ; Inapplicable ; Inapplicable ; Unchecked    ; Inapplicable ; Inapplicable ; Pass         ; Inapplicable ; Inapplicable ; Inapplicable ; Inapplicable ; Inapplicable ; Inapplicable ; Inapplicable ; Inapplicable ; Inapplicable ; Unchecked ; Inapplicable ; Inapplicable ;
; plaintext[10]      ; Inapplicable ; Inapplicable ; Inapplicable ; Inapplicable ; Inapplicable ; Unchecked ; Inapplicable ; Inapplicable ; Unchecked ; Unchecked ; Inapplicable ; Inapplicable ; Inapplicable ; Inapplicable ; Unchecked    ; Inapplicable ; Inapplicable ; Pass         ; Inapplicable ; Inapplicable ; Inapplicable ; Inapplicable ; Inapplicable ; Inapplicable ; Inapplicable ; Inapplicable ; Inapplicable ; Unchecked ; Inapplicable ; Inapplicable ;
; plaintext[11]      ; Inapplicable ; Inapplicable ; Inapplicable ; Inapplicable ; Inapplicable ; Unchecked ; Inapplicable ; Inapplicable ; Unchecked ; Unchecked ; Inapplicable ; Inapplicable ; Inapplicable ; Inapplicable ; Unchecked    ; Inapplicable ; Inapplicable ; Pass         ; Inapplicable ; Inapplicable ; Inapplicable ; Inapplicable ; Inapplicable ; Inapplicable ; Inapplicable ; Inapplicable ; Inapplicable ; Unchecked ; Inapplicable ; Inapplicable ;
; plaintext[12]      ; Inapplicable ; Inapplicable ; Inapplicable ; Inapplicable ; Inapplicable ; Unchecked ; Inapplicable ; Inapplicable ; Unchecked ; Unchecked ; Inapplicable ; Inapplicable ; Inapplicable ; Inapplicable ; Unchecked    ; Inapplicable ; Inapplicable ; Pass         ; Inapplicable ; Inapplicable ; Inapplicable ; Inapplicable ; Inapplicable ; Inapplicable ; Inapplicable ; Inapplicable ; Inapplicable ; Unchecked ; Inapplicable ; Inapplicable ;
; plaintext[13]      ; Inapplicable ; Inapplicable ; Inapplicable ; Inapplicable ; Inapplicable ; Unchecked ; Inapplicable ; Inapplicable ; Unchecked ; Unchecked ; Inapplicable ; Inapplicable ; Inapplicable ; Inapplicable ; Unchecked    ; Inapplicable ; Inapplicable ; Pass         ; Inapplicable ; Inapplicable ; Inapplicable ; Inapplicable ; Inapplicable ; Inapplicable ; Inapplicable ; Inapplicable ; Inapplicable ; Unchecked ; Inapplicable ; Inapplicable ;
; plaintext[14]      ; Inapplicable ; Inapplicable ; Inapplicable ; Inapplicable ; Inapplicable ; Unchecked ; Inapplicable ; Inapplicable ; Unchecked ; Unchecked ; Inapplicable ; Inapplicable ; Inapplicable ; Inapplicable ; Unchecked    ; Inapplicable ; Inapplicable ; Pass         ; Inapplicable ; Inapplicable ; Inapplicable ; Inapplicable ; Inapplicable ; Inapplicable ; Inapplicable ; Inapplicable ; Inapplicable ; Unchecked ; Inapplicable ; Inapplicable ;
; plaintext[15]      ; Inapplicable ; Inapplicable ; Inapplicable ; Inapplicable ; Inapplicable ; Unchecked ; Inapplicable ; Inapplicable ; Unchecked ; Unchecked ; Inapplicable ; Inapplicable ; Inapplicable ; Inapplicable ; Unchecked    ; Inapplicable ; Inapplicable ; Pass         ; Inapplicable ; Inapplicable ; Inapplicable ; Inapplicable ; Inapplicable ; Inapplicable ; Inapplicable ; Inapplicable ; Inapplicable ; Unchecked ; Inapplicable ; Inapplicable ;
; plaintext[16]      ; Inapplicable ; Inapplicable ; Inapplicable ; Inapplicable ; Inapplicable ; Unchecked ; Inapplicable ; Inapplicable ; Unchecked ; Unchecked ; Inapplicable ; Inapplicable ; Inapplicable ; Inapplicable ; Unchecked    ; Inapplicable ; Inapplicable ; Pass         ; Inapplicable ; Inapplicable ; Inapplicable ; Inapplicable ; Inapplicable ; Inapplicable ; Inapplicable ; Inapplicable ; Inapplicable ; Unchecked ; Inapplicable ; Inapplicable ;
; plaintext[17]      ; Inapplicable ; Inapplicable ; Inapplicable ; Inapplicable ; Inapplicable ; Unchecked ; Inapplicable ; Inapplicable ; Unchecked ; Unchecked ; Inapplicable ; Inapplicable ; Inapplicable ; Inapplicable ; Unchecked    ; Inapplicable ; Inapplicable ; Pass         ; Inapplicable ; Inapplicable ; Inapplicable ; Inapplicable ; Inapplicable ; Inapplicable ; Inapplicable ; Inapplicable ; Inapplicable ; Unchecked ; Inapplicable ; Inapplicable ;
; plaintext[18]      ; Inapplicable ; Inapplicable ; Inapplicable ; Inapplicable ; Inapplicable ; Unchecked ; Inapplicable ; Inapplicable ; Unchecked ; Unchecked ; Inapplicable ; Inapplicable ; Inapplicable ; Inapplicable ; Unchecked    ; Inapplicable ; Inapplicable ; Pass         ; Inapplicable ; Inapplicable ; Inapplicable ; Inapplicable ; Inapplicable ; Inapplicable ; Inapplicable ; Inapplicable ; Inapplicable ; Unchecked ; Inapplicable ; Inapplicable ;
; plaintext[19]      ; Inapplicable ; Inapplicable ; Inapplicable ; Inapplicable ; Inapplicable ; Unchecked ; Inapplicable ; Inapplicable ; Unchecked ; Unchecked ; Inapplicable ; Inapplicable ; Inapplicable ; Inapplicable ; Unchecked    ; Inapplicable ; Inapplicable ; Pass         ; Inapplicable ; Inapplicable ; Inapplicable ; Inapplicable ; Inapplicable ; Inapplicable ; Inapplicable ; Inapplicable ; Inapplicable ; Unchecked ; Inapplicable ; Inapplicable ;
; plaintext[20]      ; Inapplicable ; Inapplicable ; Inapplicable ; Inapplicable ; Inapplicable ; Unchecked ; Inapplicable ; Inapplicable ; Unchecked ; Unchecked ; Inapplicable ; Inapplicable ; Inapplicable ; Inapplicable ; Unchecked    ; Inapplicable ; Inapplicable ; Pass         ; Inapplicable ; Inapplicable ; Inapplicable ; Inapplicable ; Inapplicable ; Inapplicable ; Inapplicable ; Inapplicable ; Inapplicable ; Unchecked ; Inapplicable ; Inapplicable ;
; plaintext[21]      ; Inapplicable ; Inapplicable ; Inapplicable ; Inapplicable ; Inapplicable ; Unchecked ; Inapplicable ; Inapplicable ; Unchecked ; Unchecked ; Inapplicable ; Inapplicable ; Inapplicable ; Inapplicable ; Unchecked    ; Inapplicable ; Inapplicable ; Pass         ; Inapplicable ; Inapplicable ; Inapplicable ; Inapplicable ; Inapplicable ; Inapplicable ; Inapplicable ; Inapplicable ; Inapplicable ; Unchecked ; Inapplicable ; Inapplicable ;
; plaintext[22]      ; Inapplicable ; Inapplicable ; Inapplicable ; Inapplicable ; Inapplicable ; Unchecked ; Inapplicable ; Inapplicable ; Unchecked ; Unchecked ; Inapplicable ; Inapplicable ; Inapplicable ; Inapplicable ; Unchecked    ; Inapplicable ; Inapplicable ; Pass         ; Inapplicable ; Inapplicable ; Inapplicable ; Inapplicable ; Inapplicable ; Inapplicable ; Inapplicable ; Inapplicable ; Inapplicable ; Unchecked ; Inapplicable ; Inapplicable ;
; plaintext[23]      ; Inapplicable ; Inapplicable ; Inapplicable ; Inapplicable ; Inapplicable ; Unchecked ; Inapplicable ; Inapplicable ; Unchecked ; Unchecked ; Inapplicable ; Inapplicable ; Inapplicable ; Inapplicable ; Unchecked    ; Inapplicable ; Inapplicable ; Pass         ; Inapplicable ; Inapplicable ; Inapplicable ; Inapplicable ; Inapplicable ; Inapplicable ; Inapplicable ; Inapplicable ; Inapplicable ; Unchecked ; Inapplicable ; Inapplicable ;
; plaintext[24]      ; Inapplicable ; Inapplicable ; Inapplicable ; Inapplicable ; Inapplicable ; Unchecked ; Inapplicable ; Inapplicable ; Unchecked ; Unchecked ; Inapplicable ; Inapplicable ; Inapplicable ; Inapplicable ; Unchecked    ; Inapplicable ; Inapplicable ; Pass         ; Inapplicable ; Inapplicable ; Inapplicable ; Inapplicable ; Inapplicable ; Inapplicable ; Inapplicable ; Inapplicable ; Inapplicable ; Unchecked ; Inapplicable ; Inapplicable ;
; plaintext[25]      ; Inapplicable ; Inapplicable ; Inapplicable ; Inapplicable ; Inapplicable ; Unchecked ; Inapplicable ; Inapplicable ; Unchecked ; Unchecked ; Inapplicable ; Inapplicable ; Inapplicable ; Inapplicable ; Unchecked    ; Inapplicable ; Inapplicable ; Pass         ; Inapplicable ; Inapplicable ; Inapplicable ; Inapplicable ; Inapplicable ; Inapplicable ; Inapplicable ; Inapplicable ; Inapplicable ; Unchecked ; Inapplicable ; Inapplicable ;
; plaintext[26]      ; Inapplicable ; Inapplicable ; Inapplicable ; Inapplicable ; Inapplicable ; Unchecked ; Inapplicable ; Inapplicable ; Unchecked ; Unchecked ; Inapplicable ; Inapplicable ; Inapplicable ; Inapplicable ; Unchecked    ; Inapplicable ; Inapplicable ; Pass         ; Inapplicable ; Inapplicable ; Inapplicable ; Inapplicable ; Inapplicable ; Inapplicable ; Inapplicable ; Inapplicable ; Inapplicable ; Unchecked ; Inapplicable ; Inapplicable ;
; plaintext[27]      ; Inapplicable ; Inapplicable ; Inapplicable ; Inapplicable ; Inapplicable ; Unchecked ; Inapplicable ; Inapplicable ; Unchecked ; Unchecked ; Inapplicable ; Inapplicable ; Inapplicable ; Inapplicable ; Unchecked    ; Inapplicable ; Inapplicable ; Pass         ; Inapplicable ; Inapplicable ; Inapplicable ; Inapplicable ; Inapplicable ; Inapplicable ; Inapplicable ; Inapplicable ; Inapplicable ; Unchecked ; Inapplicable ; Inapplicable ;
; plaintext[28]      ; Inapplicable ; Inapplicable ; Inapplicable ; Inapplicable ; Inapplicable ; Unchecked ; Inapplicable ; Inapplicable ; Unchecked ; Unchecked ; Inapplicable ; Inapplicable ; Inapplicable ; Inapplicable ; Unchecked    ; Inapplicable ; Inapplicable ; Pass         ; Inapplicable ; Inapplicable ; Inapplicable ; Inapplicable ; Inapplicable ; Inapplicable ; Inapplicable ; Inapplicable ; Inapplicable ; Unchecked ; Inapplicable ; Inapplicable ;
; plaintext[29]      ; Inapplicable ; Inapplicable ; Inapplicable ; Inapplicable ; Inapplicable ; Unchecked ; Inapplicable ; Inapplicable ; Unchecked ; Unchecked ; Inapplicable ; Inapplicable ; Inapplicable ; Inapplicable ; Unchecked    ; Inapplicable ; Inapplicable ; Pass         ; Inapplicable ; Inapplicable ; Inapplicable ; Inapplicable ; Inapplicable ; Inapplicable ; Inapplicable ; Inapplicable ; Inapplicable ; Unchecked ; Inapplicable ; Inapplicable ;
; plaintext[30]      ; Inapplicable ; Inapplicable ; Inapplicable ; Inapplicable ; Inapplicable ; Unchecked ; Inapplicable ; Inapplicable ; Unchecked ; Unchecked ; Inapplicable ; Inapplicable ; Inapplicable ; Inapplicable ; Unchecked    ; Inapplicable ; Inapplicable ; Pass         ; Inapplicable ; Inapplicable ; Inapplicable ; Inapplicable ; Inapplicable ; Inapplicable ; Inapplicable ; Inapplicable ; Inapplicable ; Unchecked ; Inapplicable ; Inapplicable ;
; plaintext[31]      ; Inapplicable ; Inapplicable ; Inapplicable ; Inapplicable ; Inapplicable ; Unchecked ; Inapplicable ; Inapplicable ; Unchecked ; Unchecked ; Inapplicable ; Inapplicable ; Inapplicable ; Inapplicable ; Unchecked    ; Inapplicable ; Inapplicable ; Pass         ; Inapplicable ; Inapplicable ; Inapplicable ; Inapplicable ; Inapplicable ; Inapplicable ; Inapplicable ; Inapplicable ; Inapplicable ; Unchecked ; Inapplicable ; Inapplicable ;
; plaintext[32]      ; Inapplicable ; Inapplicable ; Inapplicable ; Inapplicable ; Inapplicable ; Unchecked ; Inapplicable ; Inapplicable ; Unchecked ; Unchecked ; Inapplicable ; Inapplicable ; Inapplicable ; Inapplicable ; Unchecked    ; Inapplicable ; Inapplicable ; Pass         ; Inapplicable ; Inapplicable ; Inapplicable ; Inapplicable ; Inapplicable ; Inapplicable ; Inapplicable ; Inapplicable ; Inapplicable ; Unchecked ; Inapplicable ; Inapplicable ;
; plaintext[33]      ; Inapplicable ; Inapplicable ; Inapplicable ; Inapplicable ; Inapplicable ; Unchecked ; Inapplicable ; Inapplicable ; Unchecked ; Unchecked ; Inapplicable ; Inapplicable ; Inapplicable ; Inapplicable ; Unchecked    ; Inapplicable ; Inapplicable ; Pass         ; Inapplicable ; Inapplicable ; Inapplicable ; Inapplicable ; Inapplicable ; Inapplicable ; Inapplicable ; Inapplicable ; Inapplicable ; Unchecked ; Inapplicable ; Inapplicable ;
; plaintext[34]      ; Inapplicable ; Inapplicable ; Inapplicable ; Inapplicable ; Inapplicable ; Unchecked ; Inapplicable ; Inapplicable ; Unchecked ; Unchecked ; Inapplicable ; Inapplicable ; Inapplicable ; Inapplicable ; Unchecked    ; Inapplicable ; Inapplicable ; Pass         ; Inapplicable ; Inapplicable ; Inapplicable ; Inapplicable ; Inapplicable ; Inapplicable ; Inapplicable ; Inapplicable ; Inapplicable ; Unchecked ; Inapplicable ; Inapplicable ;
; plaintext[35]      ; Inapplicable ; Inapplicable ; Inapplicable ; Inapplicable ; Inapplicable ; Unchecked ; Inapplicable ; Inapplicable ; Unchecked ; Unchecked ; Inapplicable ; Inapplicable ; Inapplicable ; Inapplicable ; Unchecked    ; Inapplicable ; Inapplicable ; Pass         ; Inapplicable ; Inapplicable ; Inapplicable ; Inapplicable ; Inapplicable ; Inapplicable ; Inapplicable ; Inapplicable ; Inapplicable ; Unchecked ; Inapplicable ; Inapplicable ;
; plaintext[36]      ; Inapplicable ; Inapplicable ; Inapplicable ; Inapplicable ; Inapplicable ; Unchecked ; Inapplicable ; Inapplicable ; Unchecked ; Unchecked ; Inapplicable ; Inapplicable ; Inapplicable ; Inapplicable ; Unchecked    ; Inapplicable ; Inapplicable ; Pass         ; Inapplicable ; Inapplicable ; Inapplicable ; Inapplicable ; Inapplicable ; Inapplicable ; Inapplicable ; Inapplicable ; Inapplicable ; Unchecked ; Inapplicable ; Inapplicable ;
; plaintext[37]      ; Inapplicable ; Inapplicable ; Inapplicable ; Inapplicable ; Inapplicable ; Unchecked ; Inapplicable ; Inapplicable ; Unchecked ; Unchecked ; Inapplicable ; Inapplicable ; Inapplicable ; Inapplicable ; Unchecked    ; Inapplicable ; Inapplicable ; Pass         ; Inapplicable ; Inapplicable ; Inapplicable ; Inapplicable ; Inapplicable ; Inapplicable ; Inapplicable ; Inapplicable ; Inapplicable ; Unchecked ; Inapplicable ; Inapplicable ;
; plaintext[38]      ; Inapplicable ; Inapplicable ; Inapplicable ; Inapplicable ; Inapplicable ; Unchecked ; Inapplicable ; Inapplicable ; Unchecked ; Unchecked ; Inapplicable ; Inapplicable ; Inapplicable ; Inapplicable ; Unchecked    ; Inapplicable ; Inapplicable ; Pass         ; Inapplicable ; Inapplicable ; Inapplicable ; Inapplicable ; Inapplicable ; Inapplicable ; Inapplicable ; Inapplicable ; Inapplicable ; Unchecked ; Inapplicable ; Inapplicable ;
; plaintext[39]      ; Inapplicable ; Inapplicable ; Inapplicable ; Inapplicable ; Inapplicable ; Unchecked ; Inapplicable ; Inapplicable ; Unchecked ; Unchecked ; Inapplicable ; Inapplicable ; Inapplicable ; Inapplicable ; Unchecked    ; Inapplicable ; Inapplicable ; Pass         ; Inapplicable ; Inapplicable ; Inapplicable ; Inapplicable ; Inapplicable ; Inapplicable ; Inapplicable ; Inapplicable ; Inapplicable ; Unchecked ; Inapplicable ; Inapplicable ;
; plaintext[40]      ; Inapplicable ; Inapplicable ; Inapplicable ; Inapplicable ; Inapplicable ; Unchecked ; Inapplicable ; Inapplicable ; Unchecked ; Unchecked ; Inapplicable ; Inapplicable ; Inapplicable ; Inapplicable ; Unchecked    ; Inapplicable ; Inapplicable ; Pass         ; Inapplicable ; Inapplicable ; Inapplicable ; Inapplicable ; Inapplicable ; Inapplicable ; Inapplicable ; Inapplicable ; Inapplicable ; Unchecked ; Inapplicable ; Inapplicable ;
; plaintext[41]      ; Inapplicable ; Inapplicable ; Inapplicable ; Inapplicable ; Inapplicable ; Unchecked ; Inapplicable ; Inapplicable ; Unchecked ; Unchecked ; Inapplicable ; Inapplicable ; Inapplicable ; Inapplicable ; Unchecked    ; Inapplicable ; Inapplicable ; Pass         ; Inapplicable ; Inapplicable ; Inapplicable ; Inapplicable ; Inapplicable ; Inapplicable ; Inapplicable ; Inapplicable ; Inapplicable ; Unchecked ; Inapplicable ; Inapplicable ;
; plaintext[42]      ; Inapplicable ; Inapplicable ; Inapplicable ; Inapplicable ; Inapplicable ; Unchecked ; Inapplicable ; Inapplicable ; Unchecked ; Unchecked ; Inapplicable ; Inapplicable ; Inapplicable ; Inapplicable ; Unchecked    ; Inapplicable ; Inapplicable ; Pass         ; Inapplicable ; Inapplicable ; Inapplicable ; Inapplicable ; Inapplicable ; Inapplicable ; Inapplicable ; Inapplicable ; Inapplicable ; Unchecked ; Inapplicable ; Inapplicable ;
; plaintext[43]      ; Inapplicable ; Inapplicable ; Inapplicable ; Inapplicable ; Inapplicable ; Unchecked ; Inapplicable ; Inapplicable ; Unchecked ; Unchecked ; Inapplicable ; Inapplicable ; Inapplicable ; Inapplicable ; Unchecked    ; Inapplicable ; Inapplicable ; Pass         ; Inapplicable ; Inapplicable ; Inapplicable ; Inapplicable ; Inapplicable ; Inapplicable ; Inapplicable ; Inapplicable ; Inapplicable ; Unchecked ; Inapplicable ; Inapplicable ;
; plaintext[44]      ; Inapplicable ; Inapplicable ; Inapplicable ; Inapplicable ; Inapplicable ; Unchecked ; Inapplicable ; Inapplicable ; Unchecked ; Unchecked ; Inapplicable ; Inapplicable ; Inapplicable ; Inapplicable ; Unchecked    ; Inapplicable ; Inapplicable ; Pass         ; Inapplicable ; Inapplicable ; Inapplicable ; Inapplicable ; Inapplicable ; Inapplicable ; Inapplicable ; Inapplicable ; Inapplicable ; Unchecked ; Inapplicable ; Inapplicable ;
; plaintext[45]      ; Inapplicable ; Inapplicable ; Inapplicable ; Inapplicable ; Inapplicable ; Unchecked ; Inapplicable ; Inapplicable ; Unchecked ; Unchecked ; Inapplicable ; Inapplicable ; Inapplicable ; Inapplicable ; Unchecked    ; Inapplicable ; Inapplicable ; Pass         ; Inapplicable ; Inapplicable ; Inapplicable ; Inapplicable ; Inapplicable ; Inapplicable ; Inapplicable ; Inapplicable ; Inapplicable ; Unchecked ; Inapplicable ; Inapplicable ;
; plaintext[46]      ; Inapplicable ; Inapplicable ; Inapplicable ; Inapplicable ; Inapplicable ; Unchecked ; Inapplicable ; Inapplicable ; Unchecked ; Unchecked ; Inapplicable ; Inapplicable ; Inapplicable ; Inapplicable ; Unchecked    ; Inapplicable ; Inapplicable ; Pass         ; Inapplicable ; Inapplicable ; Inapplicable ; Inapplicable ; Inapplicable ; Inapplicable ; Inapplicable ; Inapplicable ; Inapplicable ; Unchecked ; Inapplicable ; Inapplicable ;
; plaintext[47]      ; Inapplicable ; Inapplicable ; Inapplicable ; Inapplicable ; Inapplicable ; Unchecked ; Inapplicable ; Inapplicable ; Unchecked ; Unchecked ; Inapplicable ; Inapplicable ; Inapplicable ; Inapplicable ; Unchecked    ; Inapplicable ; Inapplicable ; Pass         ; Inapplicable ; Inapplicable ; Inapplicable ; Inapplicable ; Inapplicable ; Inapplicable ; Inapplicable ; Inapplicable ; Inapplicable ; Unchecked ; Inapplicable ; Inapplicable ;
; plaintext[48]      ; Inapplicable ; Inapplicable ; Inapplicable ; Inapplicable ; Inapplicable ; Unchecked ; Inapplicable ; Inapplicable ; Unchecked ; Unchecked ; Inapplicable ; Inapplicable ; Inapplicable ; Inapplicable ; Unchecked    ; Inapplicable ; Inapplicable ; Pass         ; Inapplicable ; Inapplicable ; Inapplicable ; Inapplicable ; Inapplicable ; Inapplicable ; Inapplicable ; Inapplicable ; Inapplicable ; Unchecked ; Inapplicable ; Inapplicable ;
; plaintext[49]      ; Inapplicable ; Inapplicable ; Inapplicable ; Inapplicable ; Inapplicable ; Unchecked ; Inapplicable ; Inapplicable ; Unchecked ; Unchecked ; Inapplicable ; Inapplicable ; Inapplicable ; Inapplicable ; Unchecked    ; Inapplicable ; Inapplicable ; Pass         ; Inapplicable ; Inapplicable ; Inapplicable ; Inapplicable ; Inapplicable ; Inapplicable ; Inapplicable ; Inapplicable ; Inapplicable ; Unchecked ; Inapplicable ; Inapplicable ;
; plaintext[50]      ; Inapplicable ; Inapplicable ; Inapplicable ; Inapplicable ; Inapplicable ; Unchecked ; Inapplicable ; Inapplicable ; Unchecked ; Unchecked ; Inapplicable ; Inapplicable ; Inapplicable ; Inapplicable ; Unchecked    ; Inapplicable ; Inapplicable ; Pass         ; Inapplicable ; Inapplicable ; Inapplicable ; Inapplicable ; Inapplicable ; Inapplicable ; Inapplicable ; Inapplicable ; Inapplicable ; Unchecked ; Inapplicable ; Inapplicable ;
; plaintext[51]      ; Inapplicable ; Inapplicable ; Inapplicable ; Inapplicable ; Inapplicable ; Unchecked ; Inapplicable ; Inapplicable ; Unchecked ; Unchecked ; Inapplicable ; Inapplicable ; Inapplicable ; Inapplicable ; Unchecked    ; Inapplicable ; Inapplicable ; Pass         ; Inapplicable ; Inapplicable ; Inapplicable ; Inapplicable ; Inapplicable ; Inapplicable ; Inapplicable ; Inapplicable ; Inapplicable ; Unchecked ; Inapplicable ; Inapplicable ;
; plaintext[52]      ; Inapplicable ; Inapplicable ; Inapplicable ; Inapplicable ; Inapplicable ; Unchecked ; Inapplicable ; Inapplicable ; Unchecked ; Unchecked ; Inapplicable ; Inapplicable ; Inapplicable ; Inapplicable ; Unchecked    ; Inapplicable ; Inapplicable ; Pass         ; Inapplicable ; Inapplicable ; Inapplicable ; Inapplicable ; Inapplicable ; Inapplicable ; Inapplicable ; Inapplicable ; Inapplicable ; Unchecked ; Inapplicable ; Inapplicable ;
; plaintext[53]      ; Inapplicable ; Inapplicable ; Inapplicable ; Inapplicable ; Inapplicable ; Unchecked ; Inapplicable ; Inapplicable ; Unchecked ; Unchecked ; Inapplicable ; Inapplicable ; Inapplicable ; Inapplicable ; Unchecked    ; Inapplicable ; Inapplicable ; Pass         ; Inapplicable ; Inapplicable ; Inapplicable ; Inapplicable ; Inapplicable ; Inapplicable ; Inapplicable ; Inapplicable ; Inapplicable ; Unchecked ; Inapplicable ; Inapplicable ;
; plaintext[54]      ; Inapplicable ; Inapplicable ; Inapplicable ; Inapplicable ; Inapplicable ; Unchecked ; Inapplicable ; Inapplicable ; Unchecked ; Unchecked ; Inapplicable ; Inapplicable ; Inapplicable ; Inapplicable ; Unchecked    ; Inapplicable ; Inapplicable ; Pass         ; Inapplicable ; Inapplicable ; Inapplicable ; Inapplicable ; Inapplicable ; Inapplicable ; Inapplicable ; Inapplicable ; Inapplicable ; Unchecked ; Inapplicable ; Inapplicable ;
; plaintext[55]      ; Inapplicable ; Inapplicable ; Inapplicable ; Inapplicable ; Inapplicable ; Unchecked ; Inapplicable ; Inapplicable ; Unchecked ; Unchecked ; Inapplicable ; Inapplicable ; Inapplicable ; Inapplicable ; Unchecked    ; Inapplicable ; Inapplicable ; Pass         ; Inapplicable ; Inapplicable ; Inapplicable ; Inapplicable ; Inapplicable ; Inapplicable ; Inapplicable ; Inapplicable ; Inapplicable ; Unchecked ; Inapplicable ; Inapplicable ;
; plaintext[56]      ; Inapplicable ; Inapplicable ; Inapplicable ; Inapplicable ; Inapplicable ; Unchecked ; Inapplicable ; Inapplicable ; Unchecked ; Unchecked ; Inapplicable ; Inapplicable ; Inapplicable ; Inapplicable ; Unchecked    ; Inapplicable ; Inapplicable ; Pass         ; Inapplicable ; Inapplicable ; Inapplicable ; Inapplicable ; Inapplicable ; Inapplicable ; Inapplicable ; Inapplicable ; Inapplicable ; Unchecked ; Inapplicable ; Inapplicable ;
; plaintext[57]      ; Inapplicable ; Inapplicable ; Inapplicable ; Inapplicable ; Inapplicable ; Unchecked ; Inapplicable ; Inapplicable ; Unchecked ; Unchecked ; Inapplicable ; Inapplicable ; Inapplicable ; Inapplicable ; Unchecked    ; Inapplicable ; Inapplicable ; Pass         ; Inapplicable ; Inapplicable ; Inapplicable ; Inapplicable ; Inapplicable ; Inapplicable ; Inapplicable ; Inapplicable ; Inapplicable ; Unchecked ; Inapplicable ; Inapplicable ;
; plaintext[58]      ; Inapplicable ; Inapplicable ; Inapplicable ; Inapplicable ; Inapplicable ; Unchecked ; Inapplicable ; Inapplicable ; Unchecked ; Unchecked ; Inapplicable ; Inapplicable ; Inapplicable ; Inapplicable ; Unchecked    ; Inapplicable ; Inapplicable ; Pass         ; Inapplicable ; Inapplicable ; Inapplicable ; Inapplicable ; Inapplicable ; Inapplicable ; Inapplicable ; Inapplicable ; Inapplicable ; Unchecked ; Inapplicable ; Inapplicable ;
; plaintext[59]      ; Inapplicable ; Inapplicable ; Inapplicable ; Inapplicable ; Inapplicable ; Unchecked ; Inapplicable ; Inapplicable ; Unchecked ; Unchecked ; Inapplicable ; Inapplicable ; Inapplicable ; Inapplicable ; Unchecked    ; Inapplicable ; Inapplicable ; Pass         ; Inapplicable ; Inapplicable ; Inapplicable ; Inapplicable ; Inapplicable ; Inapplicable ; Inapplicable ; Inapplicable ; Inapplicable ; Unchecked ; Inapplicable ; Inapplicable ;
; plaintext[60]      ; Inapplicable ; Inapplicable ; Inapplicable ; Inapplicable ; Inapplicable ; Unchecked ; Inapplicable ; Inapplicable ; Unchecked ; Unchecked ; Inapplicable ; Inapplicable ; Inapplicable ; Inapplicable ; Unchecked    ; Inapplicable ; Inapplicable ; Pass         ; Inapplicable ; Inapplicable ; Inapplicable ; Inapplicable ; Inapplicable ; Inapplicable ; Inapplicable ; Inapplicable ; Inapplicable ; Unchecked ; Inapplicable ; Inapplicable ;
; plaintext[61]      ; Inapplicable ; Inapplicable ; Inapplicable ; Inapplicable ; Inapplicable ; Unchecked ; Inapplicable ; Inapplicable ; Unchecked ; Unchecked ; Inapplicable ; Inapplicable ; Inapplicable ; Inapplicable ; Unchecked    ; Inapplicable ; Inapplicable ; Pass         ; Inapplicable ; Inapplicable ; Inapplicable ; Inapplicable ; Inapplicable ; Inapplicable ; Inapplicable ; Inapplicable ; Inapplicable ; Unchecked ; Inapplicable ; Inapplicable ;
; plaintext[62]      ; Inapplicable ; Inapplicable ; Inapplicable ; Inapplicable ; Inapplicable ; Unchecked ; Inapplicable ; Inapplicable ; Unchecked ; Unchecked ; Inapplicable ; Inapplicable ; Inapplicable ; Inapplicable ; Unchecked    ; Inapplicable ; Inapplicable ; Pass         ; Inapplicable ; Inapplicable ; Inapplicable ; Inapplicable ; Inapplicable ; Inapplicable ; Inapplicable ; Inapplicable ; Inapplicable ; Unchecked ; Inapplicable ; Inapplicable ;
; plaintext[63]      ; Inapplicable ; Inapplicable ; Inapplicable ; Inapplicable ; Inapplicable ; Unchecked ; Inapplicable ; Inapplicable ; Unchecked ; Unchecked ; Inapplicable ; Inapplicable ; Inapplicable ; Inapplicable ; Unchecked    ; Inapplicable ; Inapplicable ; Pass         ; Inapplicable ; Inapplicable ; Inapplicable ; Inapplicable ; Inapplicable ; Inapplicable ; Inapplicable ; Inapplicable ; Inapplicable ; Unchecked ; Inapplicable ; Inapplicable ;
; plaintext[64]      ; Inapplicable ; Inapplicable ; Inapplicable ; Inapplicable ; Inapplicable ; Unchecked ; Inapplicable ; Inapplicable ; Unchecked ; Unchecked ; Inapplicable ; Inapplicable ; Inapplicable ; Inapplicable ; Unchecked    ; Inapplicable ; Inapplicable ; Pass         ; Inapplicable ; Inapplicable ; Inapplicable ; Inapplicable ; Inapplicable ; Inapplicable ; Inapplicable ; Inapplicable ; Inapplicable ; Unchecked ; Inapplicable ; Inapplicable ;
; plaintext[65]      ; Inapplicable ; Inapplicable ; Inapplicable ; Inapplicable ; Inapplicable ; Unchecked ; Inapplicable ; Inapplicable ; Unchecked ; Unchecked ; Inapplicable ; Inapplicable ; Inapplicable ; Inapplicable ; Unchecked    ; Inapplicable ; Inapplicable ; Pass         ; Inapplicable ; Inapplicable ; Inapplicable ; Inapplicable ; Inapplicable ; Inapplicable ; Inapplicable ; Inapplicable ; Inapplicable ; Unchecked ; Inapplicable ; Inapplicable ;
; plaintext[66]      ; Inapplicable ; Inapplicable ; Inapplicable ; Inapplicable ; Inapplicable ; Unchecked ; Inapplicable ; Inapplicable ; Unchecked ; Unchecked ; Inapplicable ; Inapplicable ; Inapplicable ; Inapplicable ; Unchecked    ; Inapplicable ; Inapplicable ; Pass         ; Inapplicable ; Inapplicable ; Inapplicable ; Inapplicable ; Inapplicable ; Inapplicable ; Inapplicable ; Inapplicable ; Inapplicable ; Unchecked ; Inapplicable ; Inapplicable ;
; plaintext[67]      ; Inapplicable ; Inapplicable ; Inapplicable ; Inapplicable ; Inapplicable ; Unchecked ; Inapplicable ; Inapplicable ; Unchecked ; Unchecked ; Inapplicable ; Inapplicable ; Inapplicable ; Inapplicable ; Unchecked    ; Inapplicable ; Inapplicable ; Pass         ; Inapplicable ; Inapplicable ; Inapplicable ; Inapplicable ; Inapplicable ; Inapplicable ; Inapplicable ; Inapplicable ; Inapplicable ; Unchecked ; Inapplicable ; Inapplicable ;
; plaintext[68]      ; Inapplicable ; Inapplicable ; Inapplicable ; Inapplicable ; Inapplicable ; Unchecked ; Inapplicable ; Inapplicable ; Unchecked ; Unchecked ; Inapplicable ; Inapplicable ; Inapplicable ; Inapplicable ; Unchecked    ; Inapplicable ; Inapplicable ; Pass         ; Inapplicable ; Inapplicable ; Inapplicable ; Inapplicable ; Inapplicable ; Inapplicable ; Inapplicable ; Inapplicable ; Inapplicable ; Unchecked ; Inapplicable ; Inapplicable ;
; plaintext[69]      ; Inapplicable ; Inapplicable ; Inapplicable ; Inapplicable ; Inapplicable ; Unchecked ; Inapplicable ; Inapplicable ; Unchecked ; Unchecked ; Inapplicable ; Inapplicable ; Inapplicable ; Inapplicable ; Unchecked    ; Inapplicable ; Inapplicable ; Pass         ; Inapplicable ; Inapplicable ; Inapplicable ; Inapplicable ; Inapplicable ; Inapplicable ; Inapplicable ; Inapplicable ; Inapplicable ; Unchecked ; Inapplicable ; Inapplicable ;
; plaintext[70]      ; Inapplicable ; Inapplicable ; Inapplicable ; Inapplicable ; Inapplicable ; Unchecked ; Inapplicable ; Inapplicable ; Unchecked ; Unchecked ; Inapplicable ; Inapplicable ; Inapplicable ; Inapplicable ; Unchecked    ; Inapplicable ; Inapplicable ; Pass         ; Inapplicable ; Inapplicable ; Inapplicable ; Inapplicable ; Inapplicable ; Inapplicable ; Inapplicable ; Inapplicable ; Inapplicable ; Unchecked ; Inapplicable ; Inapplicable ;
; plaintext[71]      ; Inapplicable ; Inapplicable ; Inapplicable ; Inapplicable ; Inapplicable ; Unchecked ; Inapplicable ; Inapplicable ; Unchecked ; Unchecked ; Inapplicable ; Inapplicable ; Inapplicable ; Inapplicable ; Unchecked    ; Inapplicable ; Inapplicable ; Pass         ; Inapplicable ; Inapplicable ; Inapplicable ; Inapplicable ; Inapplicable ; Inapplicable ; Inapplicable ; Inapplicable ; Inapplicable ; Unchecked ; Inapplicable ; Inapplicable ;
; plaintext[72]      ; Inapplicable ; Inapplicable ; Inapplicable ; Inapplicable ; Inapplicable ; Unchecked ; Inapplicable ; Inapplicable ; Unchecked ; Unchecked ; Inapplicable ; Inapplicable ; Inapplicable ; Inapplicable ; Unchecked    ; Inapplicable ; Inapplicable ; Pass         ; Inapplicable ; Inapplicable ; Inapplicable ; Inapplicable ; Inapplicable ; Inapplicable ; Inapplicable ; Inapplicable ; Inapplicable ; Unchecked ; Inapplicable ; Inapplicable ;
; plaintext[73]      ; Inapplicable ; Inapplicable ; Inapplicable ; Inapplicable ; Inapplicable ; Unchecked ; Inapplicable ; Inapplicable ; Unchecked ; Unchecked ; Inapplicable ; Inapplicable ; Inapplicable ; Inapplicable ; Unchecked    ; Inapplicable ; Inapplicable ; Pass         ; Inapplicable ; Inapplicable ; Inapplicable ; Inapplicable ; Inapplicable ; Inapplicable ; Inapplicable ; Inapplicable ; Inapplicable ; Unchecked ; Inapplicable ; Inapplicable ;
; plaintext[74]      ; Inapplicable ; Inapplicable ; Inapplicable ; Inapplicable ; Inapplicable ; Unchecked ; Inapplicable ; Inapplicable ; Unchecked ; Unchecked ; Inapplicable ; Inapplicable ; Inapplicable ; Inapplicable ; Unchecked    ; Inapplicable ; Inapplicable ; Pass         ; Inapplicable ; Inapplicable ; Inapplicable ; Inapplicable ; Inapplicable ; Inapplicable ; Inapplicable ; Inapplicable ; Inapplicable ; Unchecked ; Inapplicable ; Inapplicable ;
; plaintext[75]      ; Inapplicable ; Inapplicable ; Inapplicable ; Inapplicable ; Inapplicable ; Unchecked ; Inapplicable ; Inapplicable ; Unchecked ; Unchecked ; Inapplicable ; Inapplicable ; Inapplicable ; Inapplicable ; Unchecked    ; Inapplicable ; Inapplicable ; Pass         ; Inapplicable ; Inapplicable ; Inapplicable ; Inapplicable ; Inapplicable ; Inapplicable ; Inapplicable ; Inapplicable ; Inapplicable ; Unchecked ; Inapplicable ; Inapplicable ;
; plaintext[76]      ; Inapplicable ; Inapplicable ; Inapplicable ; Inapplicable ; Inapplicable ; Unchecked ; Inapplicable ; Inapplicable ; Unchecked ; Unchecked ; Inapplicable ; Inapplicable ; Inapplicable ; Inapplicable ; Unchecked    ; Inapplicable ; Inapplicable ; Pass         ; Inapplicable ; Inapplicable ; Inapplicable ; Inapplicable ; Inapplicable ; Inapplicable ; Inapplicable ; Inapplicable ; Inapplicable ; Unchecked ; Inapplicable ; Inapplicable ;
; plaintext[77]      ; Inapplicable ; Inapplicable ; Inapplicable ; Inapplicable ; Inapplicable ; Unchecked ; Inapplicable ; Inapplicable ; Unchecked ; Unchecked ; Inapplicable ; Inapplicable ; Inapplicable ; Inapplicable ; Unchecked    ; Inapplicable ; Inapplicable ; Pass         ; Inapplicable ; Inapplicable ; Inapplicable ; Inapplicable ; Inapplicable ; Inapplicable ; Inapplicable ; Inapplicable ; Inapplicable ; Unchecked ; Inapplicable ; Inapplicable ;
; plaintext[78]      ; Inapplicable ; Inapplicable ; Inapplicable ; Inapplicable ; Inapplicable ; Unchecked ; Inapplicable ; Inapplicable ; Unchecked ; Unchecked ; Inapplicable ; Inapplicable ; Inapplicable ; Inapplicable ; Unchecked    ; Inapplicable ; Inapplicable ; Pass         ; Inapplicable ; Inapplicable ; Inapplicable ; Inapplicable ; Inapplicable ; Inapplicable ; Inapplicable ; Inapplicable ; Inapplicable ; Unchecked ; Inapplicable ; Inapplicable ;
; plaintext[79]      ; Inapplicable ; Inapplicable ; Inapplicable ; Inapplicable ; Inapplicable ; Unchecked ; Inapplicable ; Inapplicable ; Unchecked ; Unchecked ; Inapplicable ; Inapplicable ; Inapplicable ; Inapplicable ; Unchecked    ; Inapplicable ; Inapplicable ; Pass         ; Inapplicable ; Inapplicable ; Inapplicable ; Inapplicable ; Inapplicable ; Inapplicable ; Inapplicable ; Inapplicable ; Inapplicable ; Unchecked ; Inapplicable ; Inapplicable ;
; plaintext[80]      ; Inapplicable ; Inapplicable ; Inapplicable ; Inapplicable ; Inapplicable ; Unchecked ; Inapplicable ; Inapplicable ; Unchecked ; Unchecked ; Inapplicable ; Inapplicable ; Inapplicable ; Inapplicable ; Unchecked    ; Inapplicable ; Inapplicable ; Pass         ; Inapplicable ; Inapplicable ; Inapplicable ; Inapplicable ; Inapplicable ; Inapplicable ; Inapplicable ; Inapplicable ; Inapplicable ; Unchecked ; Inapplicable ; Inapplicable ;
; plaintext[81]      ; Inapplicable ; Inapplicable ; Inapplicable ; Inapplicable ; Inapplicable ; Unchecked ; Inapplicable ; Inapplicable ; Unchecked ; Unchecked ; Inapplicable ; Inapplicable ; Inapplicable ; Inapplicable ; Unchecked    ; Inapplicable ; Inapplicable ; Pass         ; Inapplicable ; Inapplicable ; Inapplicable ; Inapplicable ; Inapplicable ; Inapplicable ; Inapplicable ; Inapplicable ; Inapplicable ; Unchecked ; Inapplicable ; Inapplicable ;
; plaintext[82]      ; Inapplicable ; Inapplicable ; Inapplicable ; Inapplicable ; Inapplicable ; Unchecked ; Inapplicable ; Inapplicable ; Unchecked ; Unchecked ; Inapplicable ; Inapplicable ; Inapplicable ; Inapplicable ; Unchecked    ; Inapplicable ; Inapplicable ; Pass         ; Inapplicable ; Inapplicable ; Inapplicable ; Inapplicable ; Inapplicable ; Inapplicable ; Inapplicable ; Inapplicable ; Inapplicable ; Unchecked ; Inapplicable ; Inapplicable ;
; plaintext[83]      ; Inapplicable ; Inapplicable ; Inapplicable ; Inapplicable ; Inapplicable ; Unchecked ; Inapplicable ; Inapplicable ; Unchecked ; Unchecked ; Inapplicable ; Inapplicable ; Inapplicable ; Inapplicable ; Unchecked    ; Inapplicable ; Inapplicable ; Pass         ; Inapplicable ; Inapplicable ; Inapplicable ; Inapplicable ; Inapplicable ; Inapplicable ; Inapplicable ; Inapplicable ; Inapplicable ; Unchecked ; Inapplicable ; Inapplicable ;
; plaintext[84]      ; Inapplicable ; Inapplicable ; Inapplicable ; Inapplicable ; Inapplicable ; Unchecked ; Inapplicable ; Inapplicable ; Unchecked ; Unchecked ; Inapplicable ; Inapplicable ; Inapplicable ; Inapplicable ; Unchecked    ; Inapplicable ; Inapplicable ; Pass         ; Inapplicable ; Inapplicable ; Inapplicable ; Inapplicable ; Inapplicable ; Inapplicable ; Inapplicable ; Inapplicable ; Inapplicable ; Unchecked ; Inapplicable ; Inapplicable ;
; plaintext[85]      ; Inapplicable ; Inapplicable ; Inapplicable ; Inapplicable ; Inapplicable ; Unchecked ; Inapplicable ; Inapplicable ; Unchecked ; Unchecked ; Inapplicable ; Inapplicable ; Inapplicable ; Inapplicable ; Unchecked    ; Inapplicable ; Inapplicable ; Pass         ; Inapplicable ; Inapplicable ; Inapplicable ; Inapplicable ; Inapplicable ; Inapplicable ; Inapplicable ; Inapplicable ; Inapplicable ; Unchecked ; Inapplicable ; Inapplicable ;
; plaintext[86]      ; Inapplicable ; Inapplicable ; Inapplicable ; Inapplicable ; Inapplicable ; Unchecked ; Inapplicable ; Inapplicable ; Unchecked ; Unchecked ; Inapplicable ; Inapplicable ; Inapplicable ; Inapplicable ; Unchecked    ; Inapplicable ; Inapplicable ; Pass         ; Inapplicable ; Inapplicable ; Inapplicable ; Inapplicable ; Inapplicable ; Inapplicable ; Inapplicable ; Inapplicable ; Inapplicable ; Unchecked ; Inapplicable ; Inapplicable ;
; plaintext[87]      ; Inapplicable ; Inapplicable ; Inapplicable ; Inapplicable ; Inapplicable ; Unchecked ; Inapplicable ; Inapplicable ; Unchecked ; Unchecked ; Inapplicable ; Inapplicable ; Inapplicable ; Inapplicable ; Unchecked    ; Inapplicable ; Inapplicable ; Pass         ; Inapplicable ; Inapplicable ; Inapplicable ; Inapplicable ; Inapplicable ; Inapplicable ; Inapplicable ; Inapplicable ; Inapplicable ; Unchecked ; Inapplicable ; Inapplicable ;
; plaintext[88]      ; Inapplicable ; Inapplicable ; Inapplicable ; Inapplicable ; Inapplicable ; Unchecked ; Inapplicable ; Inapplicable ; Unchecked ; Unchecked ; Inapplicable ; Inapplicable ; Inapplicable ; Inapplicable ; Unchecked    ; Inapplicable ; Inapplicable ; Pass         ; Inapplicable ; Inapplicable ; Inapplicable ; Inapplicable ; Inapplicable ; Inapplicable ; Inapplicable ; Inapplicable ; Inapplicable ; Unchecked ; Inapplicable ; Inapplicable ;
; plaintext[89]      ; Inapplicable ; Inapplicable ; Inapplicable ; Inapplicable ; Inapplicable ; Unchecked ; Inapplicable ; Inapplicable ; Unchecked ; Unchecked ; Inapplicable ; Inapplicable ; Inapplicable ; Inapplicable ; Unchecked    ; Inapplicable ; Inapplicable ; Pass         ; Inapplicable ; Inapplicable ; Inapplicable ; Inapplicable ; Inapplicable ; Inapplicable ; Inapplicable ; Inapplicable ; Inapplicable ; Unchecked ; Inapplicable ; Inapplicable ;
; plaintext[90]      ; Inapplicable ; Inapplicable ; Inapplicable ; Inapplicable ; Inapplicable ; Unchecked ; Inapplicable ; Inapplicable ; Unchecked ; Unchecked ; Inapplicable ; Inapplicable ; Inapplicable ; Inapplicable ; Unchecked    ; Inapplicable ; Inapplicable ; Pass         ; Inapplicable ; Inapplicable ; Inapplicable ; Inapplicable ; Inapplicable ; Inapplicable ; Inapplicable ; Inapplicable ; Inapplicable ; Unchecked ; Inapplicable ; Inapplicable ;
; plaintext[91]      ; Inapplicable ; Inapplicable ; Inapplicable ; Inapplicable ; Inapplicable ; Unchecked ; Inapplicable ; Inapplicable ; Unchecked ; Unchecked ; Inapplicable ; Inapplicable ; Inapplicable ; Inapplicable ; Unchecked    ; Inapplicable ; Inapplicable ; Pass         ; Inapplicable ; Inapplicable ; Inapplicable ; Inapplicable ; Inapplicable ; Inapplicable ; Inapplicable ; Inapplicable ; Inapplicable ; Unchecked ; Inapplicable ; Inapplicable ;
; plaintext[92]      ; Inapplicable ; Inapplicable ; Inapplicable ; Inapplicable ; Inapplicable ; Unchecked ; Inapplicable ; Inapplicable ; Unchecked ; Unchecked ; Inapplicable ; Inapplicable ; Inapplicable ; Inapplicable ; Unchecked    ; Inapplicable ; Inapplicable ; Pass         ; Inapplicable ; Inapplicable ; Inapplicable ; Inapplicable ; Inapplicable ; Inapplicable ; Inapplicable ; Inapplicable ; Inapplicable ; Unchecked ; Inapplicable ; Inapplicable ;
; plaintext[93]      ; Inapplicable ; Inapplicable ; Inapplicable ; Inapplicable ; Inapplicable ; Unchecked ; Inapplicable ; Inapplicable ; Unchecked ; Unchecked ; Inapplicable ; Inapplicable ; Inapplicable ; Inapplicable ; Unchecked    ; Inapplicable ; Inapplicable ; Pass         ; Inapplicable ; Inapplicable ; Inapplicable ; Inapplicable ; Inapplicable ; Inapplicable ; Inapplicable ; Inapplicable ; Inapplicable ; Unchecked ; Inapplicable ; Inapplicable ;
; plaintext[94]      ; Inapplicable ; Inapplicable ; Inapplicable ; Inapplicable ; Inapplicable ; Unchecked ; Inapplicable ; Inapplicable ; Unchecked ; Unchecked ; Inapplicable ; Inapplicable ; Inapplicable ; Inapplicable ; Unchecked    ; Inapplicable ; Inapplicable ; Pass         ; Inapplicable ; Inapplicable ; Inapplicable ; Inapplicable ; Inapplicable ; Inapplicable ; Inapplicable ; Inapplicable ; Inapplicable ; Unchecked ; Inapplicable ; Inapplicable ;
; plaintext[95]      ; Inapplicable ; Inapplicable ; Inapplicable ; Inapplicable ; Inapplicable ; Unchecked ; Inapplicable ; Inapplicable ; Unchecked ; Unchecked ; Inapplicable ; Inapplicable ; Inapplicable ; Inapplicable ; Unchecked    ; Inapplicable ; Inapplicable ; Pass         ; Inapplicable ; Inapplicable ; Inapplicable ; Inapplicable ; Inapplicable ; Inapplicable ; Inapplicable ; Inapplicable ; Inapplicable ; Unchecked ; Inapplicable ; Inapplicable ;
; plaintext[96]      ; Inapplicable ; Inapplicable ; Inapplicable ; Inapplicable ; Inapplicable ; Unchecked ; Inapplicable ; Inapplicable ; Unchecked ; Unchecked ; Inapplicable ; Inapplicable ; Inapplicable ; Inapplicable ; Unchecked    ; Inapplicable ; Inapplicable ; Pass         ; Inapplicable ; Inapplicable ; Inapplicable ; Inapplicable ; Inapplicable ; Inapplicable ; Inapplicable ; Inapplicable ; Inapplicable ; Unchecked ; Inapplicable ; Inapplicable ;
; plaintext[97]      ; Inapplicable ; Inapplicable ; Inapplicable ; Inapplicable ; Inapplicable ; Unchecked ; Inapplicable ; Inapplicable ; Unchecked ; Unchecked ; Inapplicable ; Inapplicable ; Inapplicable ; Inapplicable ; Unchecked    ; Inapplicable ; Inapplicable ; Pass         ; Inapplicable ; Inapplicable ; Inapplicable ; Inapplicable ; Inapplicable ; Inapplicable ; Inapplicable ; Inapplicable ; Inapplicable ; Unchecked ; Inapplicable ; Inapplicable ;
; plaintext[98]      ; Inapplicable ; Inapplicable ; Inapplicable ; Inapplicable ; Inapplicable ; Unchecked ; Inapplicable ; Inapplicable ; Unchecked ; Unchecked ; Inapplicable ; Inapplicable ; Inapplicable ; Inapplicable ; Unchecked    ; Inapplicable ; Inapplicable ; Pass         ; Inapplicable ; Inapplicable ; Inapplicable ; Inapplicable ; Inapplicable ; Inapplicable ; Inapplicable ; Inapplicable ; Inapplicable ; Unchecked ; Inapplicable ; Inapplicable ;
; plaintext[99]      ; Inapplicable ; Inapplicable ; Inapplicable ; Inapplicable ; Inapplicable ; Unchecked ; Inapplicable ; Inapplicable ; Unchecked ; Unchecked ; Inapplicable ; Inapplicable ; Inapplicable ; Inapplicable ; Unchecked    ; Inapplicable ; Inapplicable ; Pass         ; Inapplicable ; Inapplicable ; Inapplicable ; Inapplicable ; Inapplicable ; Inapplicable ; Inapplicable ; Inapplicable ; Inapplicable ; Unchecked ; Inapplicable ; Inapplicable ;
; plaintext[100]     ; Inapplicable ; Inapplicable ; Inapplicable ; Inapplicable ; Inapplicable ; Unchecked ; Inapplicable ; Inapplicable ; Unchecked ; Unchecked ; Inapplicable ; Inapplicable ; Inapplicable ; Inapplicable ; Unchecked    ; Inapplicable ; Inapplicable ; Pass         ; Inapplicable ; Inapplicable ; Inapplicable ; Inapplicable ; Inapplicable ; Inapplicable ; Inapplicable ; Inapplicable ; Inapplicable ; Unchecked ; Inapplicable ; Inapplicable ;
; plaintext[101]     ; Inapplicable ; Inapplicable ; Inapplicable ; Inapplicable ; Inapplicable ; Unchecked ; Inapplicable ; Inapplicable ; Unchecked ; Unchecked ; Inapplicable ; Inapplicable ; Inapplicable ; Inapplicable ; Unchecked    ; Inapplicable ; Inapplicable ; Pass         ; Inapplicable ; Inapplicable ; Inapplicable ; Inapplicable ; Inapplicable ; Inapplicable ; Inapplicable ; Inapplicable ; Inapplicable ; Unchecked ; Inapplicable ; Inapplicable ;
; plaintext[102]     ; Inapplicable ; Inapplicable ; Inapplicable ; Inapplicable ; Inapplicable ; Unchecked ; Inapplicable ; Inapplicable ; Unchecked ; Unchecked ; Inapplicable ; Inapplicable ; Inapplicable ; Inapplicable ; Unchecked    ; Inapplicable ; Inapplicable ; Pass         ; Inapplicable ; Inapplicable ; Inapplicable ; Inapplicable ; Inapplicable ; Inapplicable ; Inapplicable ; Inapplicable ; Inapplicable ; Unchecked ; Inapplicable ; Inapplicable ;
; plaintext[103]     ; Inapplicable ; Inapplicable ; Inapplicable ; Inapplicable ; Inapplicable ; Unchecked ; Inapplicable ; Inapplicable ; Unchecked ; Unchecked ; Inapplicable ; Inapplicable ; Inapplicable ; Inapplicable ; Unchecked    ; Inapplicable ; Inapplicable ; Pass         ; Inapplicable ; Inapplicable ; Inapplicable ; Inapplicable ; Inapplicable ; Inapplicable ; Inapplicable ; Inapplicable ; Inapplicable ; Unchecked ; Inapplicable ; Inapplicable ;
; plaintext[104]     ; Inapplicable ; Inapplicable ; Inapplicable ; Inapplicable ; Inapplicable ; Unchecked ; Inapplicable ; Inapplicable ; Unchecked ; Unchecked ; Inapplicable ; Inapplicable ; Inapplicable ; Inapplicable ; Unchecked    ; Inapplicable ; Inapplicable ; Pass         ; Inapplicable ; Inapplicable ; Inapplicable ; Inapplicable ; Inapplicable ; Inapplicable ; Inapplicable ; Inapplicable ; Inapplicable ; Unchecked ; Inapplicable ; Inapplicable ;
; plaintext[105]     ; Inapplicable ; Inapplicable ; Inapplicable ; Inapplicable ; Inapplicable ; Unchecked ; Inapplicable ; Inapplicable ; Unchecked ; Unchecked ; Inapplicable ; Inapplicable ; Inapplicable ; Inapplicable ; Unchecked    ; Inapplicable ; Inapplicable ; Pass         ; Inapplicable ; Inapplicable ; Inapplicable ; Inapplicable ; Inapplicable ; Inapplicable ; Inapplicable ; Inapplicable ; Inapplicable ; Unchecked ; Inapplicable ; Inapplicable ;
; plaintext[106]     ; Inapplicable ; Inapplicable ; Inapplicable ; Inapplicable ; Inapplicable ; Unchecked ; Inapplicable ; Inapplicable ; Unchecked ; Unchecked ; Inapplicable ; Inapplicable ; Inapplicable ; Inapplicable ; Unchecked    ; Inapplicable ; Inapplicable ; Pass         ; Inapplicable ; Inapplicable ; Inapplicable ; Inapplicable ; Inapplicable ; Inapplicable ; Inapplicable ; Inapplicable ; Inapplicable ; Unchecked ; Inapplicable ; Inapplicable ;
; plaintext[107]     ; Inapplicable ; Inapplicable ; Inapplicable ; Inapplicable ; Inapplicable ; Unchecked ; Inapplicable ; Inapplicable ; Unchecked ; Unchecked ; Inapplicable ; Inapplicable ; Inapplicable ; Inapplicable ; Unchecked    ; Inapplicable ; Inapplicable ; Pass         ; Inapplicable ; Inapplicable ; Inapplicable ; Inapplicable ; Inapplicable ; Inapplicable ; Inapplicable ; Inapplicable ; Inapplicable ; Unchecked ; Inapplicable ; Inapplicable ;
; plaintext[108]     ; Inapplicable ; Inapplicable ; Inapplicable ; Inapplicable ; Inapplicable ; Unchecked ; Inapplicable ; Inapplicable ; Unchecked ; Unchecked ; Inapplicable ; Inapplicable ; Inapplicable ; Inapplicable ; Unchecked    ; Inapplicable ; Inapplicable ; Pass         ; Inapplicable ; Inapplicable ; Inapplicable ; Inapplicable ; Inapplicable ; Inapplicable ; Inapplicable ; Inapplicable ; Inapplicable ; Unchecked ; Inapplicable ; Inapplicable ;
; plaintext[109]     ; Inapplicable ; Inapplicable ; Inapplicable ; Inapplicable ; Inapplicable ; Unchecked ; Inapplicable ; Inapplicable ; Unchecked ; Unchecked ; Inapplicable ; Inapplicable ; Inapplicable ; Inapplicable ; Unchecked    ; Inapplicable ; Inapplicable ; Pass         ; Inapplicable ; Inapplicable ; Inapplicable ; Inapplicable ; Inapplicable ; Inapplicable ; Inapplicable ; Inapplicable ; Inapplicable ; Unchecked ; Inapplicable ; Inapplicable ;
; plaintext[110]     ; Inapplicable ; Inapplicable ; Inapplicable ; Inapplicable ; Inapplicable ; Unchecked ; Inapplicable ; Inapplicable ; Unchecked ; Unchecked ; Inapplicable ; Inapplicable ; Inapplicable ; Inapplicable ; Unchecked    ; Inapplicable ; Inapplicable ; Pass         ; Inapplicable ; Inapplicable ; Inapplicable ; Inapplicable ; Inapplicable ; Inapplicable ; Inapplicable ; Inapplicable ; Inapplicable ; Unchecked ; Inapplicable ; Inapplicable ;
; plaintext[111]     ; Inapplicable ; Inapplicable ; Inapplicable ; Inapplicable ; Inapplicable ; Unchecked ; Inapplicable ; Inapplicable ; Unchecked ; Unchecked ; Inapplicable ; Inapplicable ; Inapplicable ; Inapplicable ; Unchecked    ; Inapplicable ; Inapplicable ; Pass         ; Inapplicable ; Inapplicable ; Inapplicable ; Inapplicable ; Inapplicable ; Inapplicable ; Inapplicable ; Inapplicable ; Inapplicable ; Unchecked ; Inapplicable ; Inapplicable ;
; plaintext[112]     ; Inapplicable ; Inapplicable ; Inapplicable ; Inapplicable ; Inapplicable ; Unchecked ; Inapplicable ; Inapplicable ; Unchecked ; Unchecked ; Inapplicable ; Inapplicable ; Inapplicable ; Inapplicable ; Unchecked    ; Inapplicable ; Inapplicable ; Pass         ; Inapplicable ; Inapplicable ; Inapplicable ; Inapplicable ; Inapplicable ; Inapplicable ; Inapplicable ; Inapplicable ; Inapplicable ; Unchecked ; Inapplicable ; Inapplicable ;
; plaintext[113]     ; Inapplicable ; Inapplicable ; Inapplicable ; Inapplicable ; Inapplicable ; Unchecked ; Inapplicable ; Inapplicable ; Unchecked ; Unchecked ; Inapplicable ; Inapplicable ; Inapplicable ; Inapplicable ; Unchecked    ; Inapplicable ; Inapplicable ; Pass         ; Inapplicable ; Inapplicable ; Inapplicable ; Inapplicable ; Inapplicable ; Inapplicable ; Inapplicable ; Inapplicable ; Inapplicable ; Unchecked ; Inapplicable ; Inapplicable ;
; plaintext[114]     ; Inapplicable ; Inapplicable ; Inapplicable ; Inapplicable ; Inapplicable ; Unchecked ; Inapplicable ; Inapplicable ; Unchecked ; Unchecked ; Inapplicable ; Inapplicable ; Inapplicable ; Inapplicable ; Unchecked    ; Inapplicable ; Inapplicable ; Pass         ; Inapplicable ; Inapplicable ; Inapplicable ; Inapplicable ; Inapplicable ; Inapplicable ; Inapplicable ; Inapplicable ; Inapplicable ; Unchecked ; Inapplicable ; Inapplicable ;
; plaintext[115]     ; Inapplicable ; Inapplicable ; Inapplicable ; Inapplicable ; Inapplicable ; Unchecked ; Inapplicable ; Inapplicable ; Unchecked ; Unchecked ; Inapplicable ; Inapplicable ; Inapplicable ; Inapplicable ; Unchecked    ; Inapplicable ; Inapplicable ; Pass         ; Inapplicable ; Inapplicable ; Inapplicable ; Inapplicable ; Inapplicable ; Inapplicable ; Inapplicable ; Inapplicable ; Inapplicable ; Unchecked ; Inapplicable ; Inapplicable ;
; plaintext[116]     ; Inapplicable ; Inapplicable ; Inapplicable ; Inapplicable ; Inapplicable ; Unchecked ; Inapplicable ; Inapplicable ; Unchecked ; Unchecked ; Inapplicable ; Inapplicable ; Inapplicable ; Inapplicable ; Unchecked    ; Inapplicable ; Inapplicable ; Pass         ; Inapplicable ; Inapplicable ; Inapplicable ; Inapplicable ; Inapplicable ; Inapplicable ; Inapplicable ; Inapplicable ; Inapplicable ; Unchecked ; Inapplicable ; Inapplicable ;
; plaintext[117]     ; Inapplicable ; Inapplicable ; Inapplicable ; Inapplicable ; Inapplicable ; Unchecked ; Inapplicable ; Inapplicable ; Unchecked ; Unchecked ; Inapplicable ; Inapplicable ; Inapplicable ; Inapplicable ; Unchecked    ; Inapplicable ; Inapplicable ; Pass         ; Inapplicable ; Inapplicable ; Inapplicable ; Inapplicable ; Inapplicable ; Inapplicable ; Inapplicable ; Inapplicable ; Inapplicable ; Unchecked ; Inapplicable ; Inapplicable ;
; plaintext[118]     ; Inapplicable ; Inapplicable ; Inapplicable ; Inapplicable ; Inapplicable ; Unchecked ; Inapplicable ; Inapplicable ; Unchecked ; Unchecked ; Inapplicable ; Inapplicable ; Inapplicable ; Inapplicable ; Unchecked    ; Inapplicable ; Inapplicable ; Pass         ; Inapplicable ; Inapplicable ; Inapplicable ; Inapplicable ; Inapplicable ; Inapplicable ; Inapplicable ; Inapplicable ; Inapplicable ; Unchecked ; Inapplicable ; Inapplicable ;
; plaintext[119]     ; Inapplicable ; Inapplicable ; Inapplicable ; Inapplicable ; Inapplicable ; Unchecked ; Inapplicable ; Inapplicable ; Unchecked ; Unchecked ; Inapplicable ; Inapplicable ; Inapplicable ; Inapplicable ; Unchecked    ; Inapplicable ; Inapplicable ; Pass         ; Inapplicable ; Inapplicable ; Inapplicable ; Inapplicable ; Inapplicable ; Inapplicable ; Inapplicable ; Inapplicable ; Inapplicable ; Unchecked ; Inapplicable ; Inapplicable ;
; plaintext[120]     ; Inapplicable ; Inapplicable ; Inapplicable ; Inapplicable ; Inapplicable ; Unchecked ; Inapplicable ; Inapplicable ; Unchecked ; Unchecked ; Inapplicable ; Inapplicable ; Inapplicable ; Inapplicable ; Unchecked    ; Inapplicable ; Inapplicable ; Pass         ; Inapplicable ; Inapplicable ; Inapplicable ; Inapplicable ; Inapplicable ; Inapplicable ; Inapplicable ; Inapplicable ; Inapplicable ; Unchecked ; Inapplicable ; Inapplicable ;
; plaintext[121]     ; Inapplicable ; Inapplicable ; Inapplicable ; Inapplicable ; Inapplicable ; Unchecked ; Inapplicable ; Inapplicable ; Unchecked ; Unchecked ; Inapplicable ; Inapplicable ; Inapplicable ; Inapplicable ; Unchecked    ; Inapplicable ; Inapplicable ; Pass         ; Inapplicable ; Inapplicable ; Inapplicable ; Inapplicable ; Inapplicable ; Inapplicable ; Inapplicable ; Inapplicable ; Inapplicable ; Unchecked ; Inapplicable ; Inapplicable ;
; plaintext[122]     ; Inapplicable ; Inapplicable ; Inapplicable ; Inapplicable ; Inapplicable ; Unchecked ; Inapplicable ; Inapplicable ; Unchecked ; Unchecked ; Inapplicable ; Inapplicable ; Inapplicable ; Inapplicable ; Unchecked    ; Inapplicable ; Inapplicable ; Pass         ; Inapplicable ; Inapplicable ; Inapplicable ; Inapplicable ; Inapplicable ; Inapplicable ; Inapplicable ; Inapplicable ; Inapplicable ; Unchecked ; Inapplicable ; Inapplicable ;
; plaintext[123]     ; Inapplicable ; Inapplicable ; Inapplicable ; Inapplicable ; Inapplicable ; Unchecked ; Inapplicable ; Inapplicable ; Unchecked ; Unchecked ; Inapplicable ; Inapplicable ; Inapplicable ; Inapplicable ; Unchecked    ; Inapplicable ; Inapplicable ; Pass         ; Inapplicable ; Inapplicable ; Inapplicable ; Inapplicable ; Inapplicable ; Inapplicable ; Inapplicable ; Inapplicable ; Inapplicable ; Unchecked ; Inapplicable ; Inapplicable ;
; plaintext[124]     ; Inapplicable ; Inapplicable ; Inapplicable ; Inapplicable ; Inapplicable ; Unchecked ; Inapplicable ; Inapplicable ; Unchecked ; Unchecked ; Inapplicable ; Inapplicable ; Inapplicable ; Inapplicable ; Unchecked    ; Inapplicable ; Inapplicable ; Pass         ; Inapplicable ; Inapplicable ; Inapplicable ; Inapplicable ; Inapplicable ; Inapplicable ; Inapplicable ; Inapplicable ; Inapplicable ; Unchecked ; Inapplicable ; Inapplicable ;
; plaintext[125]     ; Inapplicable ; Inapplicable ; Inapplicable ; Inapplicable ; Inapplicable ; Unchecked ; Inapplicable ; Inapplicable ; Unchecked ; Unchecked ; Inapplicable ; Inapplicable ; Inapplicable ; Inapplicable ; Unchecked    ; Inapplicable ; Inapplicable ; Pass         ; Inapplicable ; Inapplicable ; Inapplicable ; Inapplicable ; Inapplicable ; Inapplicable ; Inapplicable ; Inapplicable ; Inapplicable ; Unchecked ; Inapplicable ; Inapplicable ;
; plaintext[126]     ; Inapplicable ; Inapplicable ; Inapplicable ; Inapplicable ; Inapplicable ; Unchecked ; Inapplicable ; Inapplicable ; Unchecked ; Unchecked ; Inapplicable ; Inapplicable ; Inapplicable ; Inapplicable ; Unchecked    ; Inapplicable ; Inapplicable ; Pass         ; Inapplicable ; Inapplicable ; Inapplicable ; Inapplicable ; Inapplicable ; Inapplicable ; Inapplicable ; Inapplicable ; Inapplicable ; Unchecked ; Inapplicable ; Inapplicable ;
; plaintext[127]     ; Inapplicable ; Inapplicable ; Inapplicable ; Inapplicable ; Inapplicable ; Unchecked ; Inapplicable ; Inapplicable ; Unchecked ; Unchecked ; Inapplicable ; Inapplicable ; Inapplicable ; Inapplicable ; Unchecked    ; Inapplicable ; Inapplicable ; Pass         ; Inapplicable ; Inapplicable ; Inapplicable ; Inapplicable ; Inapplicable ; Inapplicable ; Inapplicable ; Inapplicable ; Inapplicable ; Unchecked ; Inapplicable ; Inapplicable ;
; key[0]             ; Inapplicable ; Inapplicable ; Inapplicable ; Inapplicable ; Inapplicable ; Unchecked ; Inapplicable ; Inapplicable ; Unchecked ; Unchecked ; Inapplicable ; Inapplicable ; Inapplicable ; Inapplicable ; Unchecked    ; Inapplicable ; Inapplicable ; Pass         ; Inapplicable ; Inapplicable ; Inapplicable ; Inapplicable ; Inapplicable ; Inapplicable ; Inapplicable ; Inapplicable ; Inapplicable ; Unchecked ; Inapplicable ; Inapplicable ;
; key[1]             ; Inapplicable ; Inapplicable ; Inapplicable ; Inapplicable ; Inapplicable ; Unchecked ; Inapplicable ; Inapplicable ; Unchecked ; Unchecked ; Inapplicable ; Inapplicable ; Inapplicable ; Inapplicable ; Unchecked    ; Inapplicable ; Inapplicable ; Pass         ; Inapplicable ; Inapplicable ; Inapplicable ; Inapplicable ; Inapplicable ; Inapplicable ; Inapplicable ; Inapplicable ; Inapplicable ; Unchecked ; Inapplicable ; Inapplicable ;
; key[2]             ; Inapplicable ; Inapplicable ; Inapplicable ; Inapplicable ; Inapplicable ; Unchecked ; Inapplicable ; Inapplicable ; Unchecked ; Unchecked ; Inapplicable ; Inapplicable ; Inapplicable ; Inapplicable ; Unchecked    ; Inapplicable ; Inapplicable ; Pass         ; Inapplicable ; Inapplicable ; Inapplicable ; Inapplicable ; Inapplicable ; Inapplicable ; Inapplicable ; Inapplicable ; Inapplicable ; Unchecked ; Inapplicable ; Inapplicable ;
; key[3]             ; Inapplicable ; Inapplicable ; Inapplicable ; Inapplicable ; Inapplicable ; Unchecked ; Inapplicable ; Inapplicable ; Unchecked ; Unchecked ; Inapplicable ; Inapplicable ; Inapplicable ; Inapplicable ; Unchecked    ; Inapplicable ; Inapplicable ; Pass         ; Inapplicable ; Inapplicable ; Inapplicable ; Inapplicable ; Inapplicable ; Inapplicable ; Inapplicable ; Inapplicable ; Inapplicable ; Unchecked ; Inapplicable ; Inapplicable ;
; key[4]             ; Inapplicable ; Inapplicable ; Inapplicable ; Inapplicable ; Inapplicable ; Unchecked ; Inapplicable ; Inapplicable ; Unchecked ; Unchecked ; Inapplicable ; Inapplicable ; Inapplicable ; Inapplicable ; Unchecked    ; Inapplicable ; Inapplicable ; Pass         ; Inapplicable ; Inapplicable ; Inapplicable ; Inapplicable ; Inapplicable ; Inapplicable ; Inapplicable ; Inapplicable ; Inapplicable ; Unchecked ; Inapplicable ; Inapplicable ;
; key[5]             ; Inapplicable ; Inapplicable ; Inapplicable ; Inapplicable ; Inapplicable ; Unchecked ; Inapplicable ; Inapplicable ; Unchecked ; Unchecked ; Inapplicable ; Inapplicable ; Inapplicable ; Inapplicable ; Unchecked    ; Inapplicable ; Inapplicable ; Pass         ; Inapplicable ; Inapplicable ; Inapplicable ; Inapplicable ; Inapplicable ; Inapplicable ; Inapplicable ; Inapplicable ; Inapplicable ; Unchecked ; Inapplicable ; Inapplicable ;
; key[6]             ; Inapplicable ; Inapplicable ; Inapplicable ; Inapplicable ; Inapplicable ; Unchecked ; Inapplicable ; Inapplicable ; Unchecked ; Unchecked ; Inapplicable ; Inapplicable ; Inapplicable ; Inapplicable ; Unchecked    ; Inapplicable ; Inapplicable ; Pass         ; Inapplicable ; Inapplicable ; Inapplicable ; Inapplicable ; Inapplicable ; Inapplicable ; Inapplicable ; Inapplicable ; Inapplicable ; Unchecked ; Inapplicable ; Inapplicable ;
; key[7]             ; Inapplicable ; Inapplicable ; Inapplicable ; Inapplicable ; Inapplicable ; Unchecked ; Inapplicable ; Inapplicable ; Unchecked ; Unchecked ; Inapplicable ; Inapplicable ; Inapplicable ; Inapplicable ; Unchecked    ; Inapplicable ; Inapplicable ; Pass         ; Inapplicable ; Inapplicable ; Inapplicable ; Inapplicable ; Inapplicable ; Inapplicable ; Inapplicable ; Inapplicable ; Inapplicable ; Unchecked ; Inapplicable ; Inapplicable ;
; key[8]             ; Inapplicable ; Inapplicable ; Inapplicable ; Inapplicable ; Inapplicable ; Unchecked ; Inapplicable ; Inapplicable ; Unchecked ; Unchecked ; Inapplicable ; Inapplicable ; Inapplicable ; Inapplicable ; Unchecked    ; Inapplicable ; Inapplicable ; Pass         ; Inapplicable ; Inapplicable ; Inapplicable ; Inapplicable ; Inapplicable ; Inapplicable ; Inapplicable ; Inapplicable ; Inapplicable ; Unchecked ; Inapplicable ; Inapplicable ;
; key[9]             ; Inapplicable ; Inapplicable ; Inapplicable ; Inapplicable ; Inapplicable ; Unchecked ; Inapplicable ; Inapplicable ; Unchecked ; Unchecked ; Inapplicable ; Inapplicable ; Inapplicable ; Inapplicable ; Unchecked    ; Inapplicable ; Inapplicable ; Pass         ; Inapplicable ; Inapplicable ; Inapplicable ; Inapplicable ; Inapplicable ; Inapplicable ; Inapplicable ; Inapplicable ; Inapplicable ; Unchecked ; Inapplicable ; Inapplicable ;
; key[10]            ; Inapplicable ; Inapplicable ; Inapplicable ; Inapplicable ; Inapplicable ; Unchecked ; Inapplicable ; Inapplicable ; Unchecked ; Unchecked ; Inapplicable ; Inapplicable ; Inapplicable ; Inapplicable ; Unchecked    ; Inapplicable ; Inapplicable ; Pass         ; Inapplicable ; Inapplicable ; Inapplicable ; Inapplicable ; Inapplicable ; Inapplicable ; Inapplicable ; Inapplicable ; Inapplicable ; Unchecked ; Inapplicable ; Inapplicable ;
; key[11]            ; Inapplicable ; Inapplicable ; Inapplicable ; Inapplicable ; Inapplicable ; Unchecked ; Inapplicable ; Inapplicable ; Unchecked ; Unchecked ; Inapplicable ; Inapplicable ; Inapplicable ; Inapplicable ; Unchecked    ; Inapplicable ; Inapplicable ; Pass         ; Inapplicable ; Inapplicable ; Inapplicable ; Inapplicable ; Inapplicable ; Inapplicable ; Inapplicable ; Inapplicable ; Inapplicable ; Unchecked ; Inapplicable ; Inapplicable ;
; key[12]            ; Inapplicable ; Inapplicable ; Inapplicable ; Inapplicable ; Inapplicable ; Unchecked ; Inapplicable ; Inapplicable ; Unchecked ; Unchecked ; Inapplicable ; Inapplicable ; Inapplicable ; Inapplicable ; Unchecked    ; Inapplicable ; Inapplicable ; Pass         ; Inapplicable ; Inapplicable ; Inapplicable ; Inapplicable ; Inapplicable ; Inapplicable ; Inapplicable ; Inapplicable ; Inapplicable ; Unchecked ; Inapplicable ; Inapplicable ;
; key[13]            ; Inapplicable ; Inapplicable ; Inapplicable ; Inapplicable ; Inapplicable ; Unchecked ; Inapplicable ; Inapplicable ; Unchecked ; Unchecked ; Inapplicable ; Inapplicable ; Inapplicable ; Inapplicable ; Unchecked    ; Inapplicable ; Inapplicable ; Pass         ; Inapplicable ; Inapplicable ; Inapplicable ; Inapplicable ; Inapplicable ; Inapplicable ; Inapplicable ; Inapplicable ; Inapplicable ; Unchecked ; Inapplicable ; Inapplicable ;
; key[14]            ; Inapplicable ; Inapplicable ; Inapplicable ; Inapplicable ; Inapplicable ; Unchecked ; Inapplicable ; Inapplicable ; Unchecked ; Unchecked ; Inapplicable ; Inapplicable ; Inapplicable ; Inapplicable ; Unchecked    ; Inapplicable ; Inapplicable ; Pass         ; Inapplicable ; Inapplicable ; Inapplicable ; Inapplicable ; Inapplicable ; Inapplicable ; Inapplicable ; Inapplicable ; Inapplicable ; Unchecked ; Inapplicable ; Inapplicable ;
; key[15]            ; Inapplicable ; Inapplicable ; Inapplicable ; Inapplicable ; Inapplicable ; Unchecked ; Inapplicable ; Inapplicable ; Unchecked ; Unchecked ; Inapplicable ; Inapplicable ; Inapplicable ; Inapplicable ; Unchecked    ; Inapplicable ; Inapplicable ; Pass         ; Inapplicable ; Inapplicable ; Inapplicable ; Inapplicable ; Inapplicable ; Inapplicable ; Inapplicable ; Inapplicable ; Inapplicable ; Unchecked ; Inapplicable ; Inapplicable ;
; key[16]            ; Inapplicable ; Inapplicable ; Inapplicable ; Inapplicable ; Inapplicable ; Unchecked ; Inapplicable ; Inapplicable ; Unchecked ; Unchecked ; Inapplicable ; Inapplicable ; Inapplicable ; Inapplicable ; Unchecked    ; Inapplicable ; Inapplicable ; Pass         ; Inapplicable ; Inapplicable ; Inapplicable ; Inapplicable ; Inapplicable ; Inapplicable ; Inapplicable ; Inapplicable ; Inapplicable ; Unchecked ; Inapplicable ; Inapplicable ;
; key[17]            ; Inapplicable ; Inapplicable ; Inapplicable ; Inapplicable ; Inapplicable ; Unchecked ; Inapplicable ; Inapplicable ; Unchecked ; Unchecked ; Inapplicable ; Inapplicable ; Inapplicable ; Inapplicable ; Unchecked    ; Inapplicable ; Inapplicable ; Pass         ; Inapplicable ; Inapplicable ; Inapplicable ; Inapplicable ; Inapplicable ; Inapplicable ; Inapplicable ; Inapplicable ; Inapplicable ; Unchecked ; Inapplicable ; Inapplicable ;
; key[18]            ; Inapplicable ; Inapplicable ; Inapplicable ; Inapplicable ; Inapplicable ; Unchecked ; Inapplicable ; Inapplicable ; Unchecked ; Unchecked ; Inapplicable ; Inapplicable ; Inapplicable ; Inapplicable ; Unchecked    ; Inapplicable ; Inapplicable ; Pass         ; Inapplicable ; Inapplicable ; Inapplicable ; Inapplicable ; Inapplicable ; Inapplicable ; Inapplicable ; Inapplicable ; Inapplicable ; Unchecked ; Inapplicable ; Inapplicable ;
; key[19]            ; Inapplicable ; Inapplicable ; Inapplicable ; Inapplicable ; Inapplicable ; Unchecked ; Inapplicable ; Inapplicable ; Unchecked ; Unchecked ; Inapplicable ; Inapplicable ; Inapplicable ; Inapplicable ; Unchecked    ; Inapplicable ; Inapplicable ; Pass         ; Inapplicable ; Inapplicable ; Inapplicable ; Inapplicable ; Inapplicable ; Inapplicable ; Inapplicable ; Inapplicable ; Inapplicable ; Unchecked ; Inapplicable ; Inapplicable ;
; key[20]            ; Inapplicable ; Inapplicable ; Inapplicable ; Inapplicable ; Inapplicable ; Unchecked ; Inapplicable ; Inapplicable ; Unchecked ; Unchecked ; Inapplicable ; Inapplicable ; Inapplicable ; Inapplicable ; Unchecked    ; Inapplicable ; Inapplicable ; Pass         ; Inapplicable ; Inapplicable ; Inapplicable ; Inapplicable ; Inapplicable ; Inapplicable ; Inapplicable ; Inapplicable ; Inapplicable ; Unchecked ; Inapplicable ; Inapplicable ;
; key[21]            ; Inapplicable ; Inapplicable ; Inapplicable ; Inapplicable ; Inapplicable ; Unchecked ; Inapplicable ; Inapplicable ; Unchecked ; Unchecked ; Inapplicable ; Inapplicable ; Inapplicable ; Inapplicable ; Unchecked    ; Inapplicable ; Inapplicable ; Pass         ; Inapplicable ; Inapplicable ; Inapplicable ; Inapplicable ; Inapplicable ; Inapplicable ; Inapplicable ; Inapplicable ; Inapplicable ; Unchecked ; Inapplicable ; Inapplicable ;
; key[22]            ; Inapplicable ; Inapplicable ; Inapplicable ; Inapplicable ; Inapplicable ; Unchecked ; Inapplicable ; Inapplicable ; Unchecked ; Unchecked ; Inapplicable ; Inapplicable ; Inapplicable ; Inapplicable ; Unchecked    ; Inapplicable ; Inapplicable ; Pass         ; Inapplicable ; Inapplicable ; Inapplicable ; Inapplicable ; Inapplicable ; Inapplicable ; Inapplicable ; Inapplicable ; Inapplicable ; Unchecked ; Inapplicable ; Inapplicable ;
; key[23]            ; Inapplicable ; Inapplicable ; Inapplicable ; Inapplicable ; Inapplicable ; Unchecked ; Inapplicable ; Inapplicable ; Unchecked ; Unchecked ; Inapplicable ; Inapplicable ; Inapplicable ; Inapplicable ; Unchecked    ; Inapplicable ; Inapplicable ; Pass         ; Inapplicable ; Inapplicable ; Inapplicable ; Inapplicable ; Inapplicable ; Inapplicable ; Inapplicable ; Inapplicable ; Inapplicable ; Unchecked ; Inapplicable ; Inapplicable ;
; key[24]            ; Inapplicable ; Inapplicable ; Inapplicable ; Inapplicable ; Inapplicable ; Unchecked ; Inapplicable ; Inapplicable ; Unchecked ; Unchecked ; Inapplicable ; Inapplicable ; Inapplicable ; Inapplicable ; Unchecked    ; Inapplicable ; Inapplicable ; Pass         ; Inapplicable ; Inapplicable ; Inapplicable ; Inapplicable ; Inapplicable ; Inapplicable ; Inapplicable ; Inapplicable ; Inapplicable ; Unchecked ; Inapplicable ; Inapplicable ;
; key[25]            ; Inapplicable ; Inapplicable ; Inapplicable ; Inapplicable ; Inapplicable ; Unchecked ; Inapplicable ; Inapplicable ; Unchecked ; Unchecked ; Inapplicable ; Inapplicable ; Inapplicable ; Inapplicable ; Unchecked    ; Inapplicable ; Inapplicable ; Pass         ; Inapplicable ; Inapplicable ; Inapplicable ; Inapplicable ; Inapplicable ; Inapplicable ; Inapplicable ; Inapplicable ; Inapplicable ; Unchecked ; Inapplicable ; Inapplicable ;
; key[26]            ; Inapplicable ; Inapplicable ; Inapplicable ; Inapplicable ; Inapplicable ; Unchecked ; Inapplicable ; Inapplicable ; Unchecked ; Unchecked ; Inapplicable ; Inapplicable ; Inapplicable ; Inapplicable ; Unchecked    ; Inapplicable ; Inapplicable ; Pass         ; Inapplicable ; Inapplicable ; Inapplicable ; Inapplicable ; Inapplicable ; Inapplicable ; Inapplicable ; Inapplicable ; Inapplicable ; Unchecked ; Inapplicable ; Inapplicable ;
; key[27]            ; Inapplicable ; Inapplicable ; Inapplicable ; Inapplicable ; Inapplicable ; Unchecked ; Inapplicable ; Inapplicable ; Unchecked ; Unchecked ; Inapplicable ; Inapplicable ; Inapplicable ; Inapplicable ; Unchecked    ; Inapplicable ; Inapplicable ; Pass         ; Inapplicable ; Inapplicable ; Inapplicable ; Inapplicable ; Inapplicable ; Inapplicable ; Inapplicable ; Inapplicable ; Inapplicable ; Unchecked ; Inapplicable ; Inapplicable ;
; key[28]            ; Inapplicable ; Inapplicable ; Inapplicable ; Inapplicable ; Inapplicable ; Unchecked ; Inapplicable ; Inapplicable ; Unchecked ; Unchecked ; Inapplicable ; Inapplicable ; Inapplicable ; Inapplicable ; Unchecked    ; Inapplicable ; Inapplicable ; Pass         ; Inapplicable ; Inapplicable ; Inapplicable ; Inapplicable ; Inapplicable ; Inapplicable ; Inapplicable ; Inapplicable ; Inapplicable ; Unchecked ; Inapplicable ; Inapplicable ;
; key[29]            ; Inapplicable ; Inapplicable ; Inapplicable ; Inapplicable ; Inapplicable ; Unchecked ; Inapplicable ; Inapplicable ; Unchecked ; Unchecked ; Inapplicable ; Inapplicable ; Inapplicable ; Inapplicable ; Unchecked    ; Inapplicable ; Inapplicable ; Pass         ; Inapplicable ; Inapplicable ; Inapplicable ; Inapplicable ; Inapplicable ; Inapplicable ; Inapplicable ; Inapplicable ; Inapplicable ; Unchecked ; Inapplicable ; Inapplicable ;
; key[30]            ; Inapplicable ; Inapplicable ; Inapplicable ; Inapplicable ; Inapplicable ; Unchecked ; Inapplicable ; Inapplicable ; Unchecked ; Unchecked ; Inapplicable ; Inapplicable ; Inapplicable ; Inapplicable ; Unchecked    ; Inapplicable ; Inapplicable ; Pass         ; Inapplicable ; Inapplicable ; Inapplicable ; Inapplicable ; Inapplicable ; Inapplicable ; Inapplicable ; Inapplicable ; Inapplicable ; Unchecked ; Inapplicable ; Inapplicable ;
; key[31]            ; Inapplicable ; Inapplicable ; Inapplicable ; Inapplicable ; Inapplicable ; Unchecked ; Inapplicable ; Inapplicable ; Unchecked ; Unchecked ; Inapplicable ; Inapplicable ; Inapplicable ; Inapplicable ; Unchecked    ; Inapplicable ; Inapplicable ; Pass         ; Inapplicable ; Inapplicable ; Inapplicable ; Inapplicable ; Inapplicable ; Inapplicable ; Inapplicable ; Inapplicable ; Inapplicable ; Unchecked ; Inapplicable ; Inapplicable ;
; key[32]            ; Inapplicable ; Inapplicable ; Inapplicable ; Inapplicable ; Inapplicable ; Unchecked ; Inapplicable ; Inapplicable ; Unchecked ; Unchecked ; Inapplicable ; Inapplicable ; Inapplicable ; Inapplicable ; Unchecked    ; Inapplicable ; Inapplicable ; Pass         ; Inapplicable ; Inapplicable ; Inapplicable ; Inapplicable ; Inapplicable ; Inapplicable ; Inapplicable ; Inapplicable ; Inapplicable ; Unchecked ; Inapplicable ; Inapplicable ;
; key[33]            ; Inapplicable ; Inapplicable ; Inapplicable ; Inapplicable ; Inapplicable ; Unchecked ; Inapplicable ; Inapplicable ; Unchecked ; Unchecked ; Inapplicable ; Inapplicable ; Inapplicable ; Inapplicable ; Unchecked    ; Inapplicable ; Inapplicable ; Pass         ; Inapplicable ; Inapplicable ; Inapplicable ; Inapplicable ; Inapplicable ; Inapplicable ; Inapplicable ; Inapplicable ; Inapplicable ; Unchecked ; Inapplicable ; Inapplicable ;
; key[34]            ; Inapplicable ; Inapplicable ; Inapplicable ; Inapplicable ; Inapplicable ; Unchecked ; Inapplicable ; Inapplicable ; Unchecked ; Unchecked ; Inapplicable ; Inapplicable ; Inapplicable ; Inapplicable ; Unchecked    ; Inapplicable ; Inapplicable ; Pass         ; Inapplicable ; Inapplicable ; Inapplicable ; Inapplicable ; Inapplicable ; Inapplicable ; Inapplicable ; Inapplicable ; Inapplicable ; Unchecked ; Inapplicable ; Inapplicable ;
; key[35]            ; Inapplicable ; Inapplicable ; Inapplicable ; Inapplicable ; Inapplicable ; Unchecked ; Inapplicable ; Inapplicable ; Unchecked ; Unchecked ; Inapplicable ; Inapplicable ; Inapplicable ; Inapplicable ; Unchecked    ; Inapplicable ; Inapplicable ; Pass         ; Inapplicable ; Inapplicable ; Inapplicable ; Inapplicable ; Inapplicable ; Inapplicable ; Inapplicable ; Inapplicable ; Inapplicable ; Unchecked ; Inapplicable ; Inapplicable ;
; key[36]            ; Inapplicable ; Inapplicable ; Inapplicable ; Inapplicable ; Inapplicable ; Unchecked ; Inapplicable ; Inapplicable ; Unchecked ; Unchecked ; Inapplicable ; Inapplicable ; Inapplicable ; Inapplicable ; Unchecked    ; Inapplicable ; Inapplicable ; Pass         ; Inapplicable ; Inapplicable ; Inapplicable ; Inapplicable ; Inapplicable ; Inapplicable ; Inapplicable ; Inapplicable ; Inapplicable ; Unchecked ; Inapplicable ; Inapplicable ;
; key[37]            ; Inapplicable ; Inapplicable ; Inapplicable ; Inapplicable ; Inapplicable ; Unchecked ; Inapplicable ; Inapplicable ; Unchecked ; Unchecked ; Inapplicable ; Inapplicable ; Inapplicable ; Inapplicable ; Unchecked    ; Inapplicable ; Inapplicable ; Pass         ; Inapplicable ; Inapplicable ; Inapplicable ; Inapplicable ; Inapplicable ; Inapplicable ; Inapplicable ; Inapplicable ; Inapplicable ; Unchecked ; Inapplicable ; Inapplicable ;
; key[38]            ; Inapplicable ; Inapplicable ; Inapplicable ; Inapplicable ; Inapplicable ; Unchecked ; Inapplicable ; Inapplicable ; Unchecked ; Unchecked ; Inapplicable ; Inapplicable ; Inapplicable ; Inapplicable ; Unchecked    ; Inapplicable ; Inapplicable ; Pass         ; Inapplicable ; Inapplicable ; Inapplicable ; Inapplicable ; Inapplicable ; Inapplicable ; Inapplicable ; Inapplicable ; Inapplicable ; Unchecked ; Inapplicable ; Inapplicable ;
; key[39]            ; Inapplicable ; Inapplicable ; Inapplicable ; Inapplicable ; Inapplicable ; Unchecked ; Inapplicable ; Inapplicable ; Unchecked ; Unchecked ; Inapplicable ; Inapplicable ; Inapplicable ; Inapplicable ; Unchecked    ; Inapplicable ; Inapplicable ; Pass         ; Inapplicable ; Inapplicable ; Inapplicable ; Inapplicable ; Inapplicable ; Inapplicable ; Inapplicable ; Inapplicable ; Inapplicable ; Unchecked ; Inapplicable ; Inapplicable ;
; key[40]            ; Inapplicable ; Inapplicable ; Inapplicable ; Inapplicable ; Inapplicable ; Unchecked ; Inapplicable ; Inapplicable ; Unchecked ; Unchecked ; Inapplicable ; Inapplicable ; Inapplicable ; Inapplicable ; Unchecked    ; Inapplicable ; Inapplicable ; Pass         ; Inapplicable ; Inapplicable ; Inapplicable ; Inapplicable ; Inapplicable ; Inapplicable ; Inapplicable ; Inapplicable ; Inapplicable ; Unchecked ; Inapplicable ; Inapplicable ;
; key[41]            ; Inapplicable ; Inapplicable ; Inapplicable ; Inapplicable ; Inapplicable ; Unchecked ; Inapplicable ; Inapplicable ; Unchecked ; Unchecked ; Inapplicable ; Inapplicable ; Inapplicable ; Inapplicable ; Unchecked    ; Inapplicable ; Inapplicable ; Pass         ; Inapplicable ; Inapplicable ; Inapplicable ; Inapplicable ; Inapplicable ; Inapplicable ; Inapplicable ; Inapplicable ; Inapplicable ; Unchecked ; Inapplicable ; Inapplicable ;
; key[42]            ; Inapplicable ; Inapplicable ; Inapplicable ; Inapplicable ; Inapplicable ; Unchecked ; Inapplicable ; Inapplicable ; Unchecked ; Unchecked ; Inapplicable ; Inapplicable ; Inapplicable ; Inapplicable ; Unchecked    ; Inapplicable ; Inapplicable ; Pass         ; Inapplicable ; Inapplicable ; Inapplicable ; Inapplicable ; Inapplicable ; Inapplicable ; Inapplicable ; Inapplicable ; Inapplicable ; Unchecked ; Inapplicable ; Inapplicable ;
; key[43]            ; Inapplicable ; Inapplicable ; Inapplicable ; Inapplicable ; Inapplicable ; Unchecked ; Inapplicable ; Inapplicable ; Unchecked ; Unchecked ; Inapplicable ; Inapplicable ; Inapplicable ; Inapplicable ; Unchecked    ; Inapplicable ; Inapplicable ; Pass         ; Inapplicable ; Inapplicable ; Inapplicable ; Inapplicable ; Inapplicable ; Inapplicable ; Inapplicable ; Inapplicable ; Inapplicable ; Unchecked ; Inapplicable ; Inapplicable ;
; key[44]            ; Inapplicable ; Inapplicable ; Inapplicable ; Inapplicable ; Inapplicable ; Unchecked ; Inapplicable ; Inapplicable ; Unchecked ; Unchecked ; Inapplicable ; Inapplicable ; Inapplicable ; Inapplicable ; Unchecked    ; Inapplicable ; Inapplicable ; Pass         ; Inapplicable ; Inapplicable ; Inapplicable ; Inapplicable ; Inapplicable ; Inapplicable ; Inapplicable ; Inapplicable ; Inapplicable ; Unchecked ; Inapplicable ; Inapplicable ;
; key[45]            ; Inapplicable ; Inapplicable ; Inapplicable ; Inapplicable ; Inapplicable ; Unchecked ; Inapplicable ; Inapplicable ; Unchecked ; Unchecked ; Inapplicable ; Inapplicable ; Inapplicable ; Inapplicable ; Unchecked    ; Inapplicable ; Inapplicable ; Pass         ; Inapplicable ; Inapplicable ; Inapplicable ; Inapplicable ; Inapplicable ; Inapplicable ; Inapplicable ; Inapplicable ; Inapplicable ; Unchecked ; Inapplicable ; Inapplicable ;
; key[46]            ; Inapplicable ; Inapplicable ; Inapplicable ; Inapplicable ; Inapplicable ; Unchecked ; Inapplicable ; Inapplicable ; Unchecked ; Unchecked ; Inapplicable ; Inapplicable ; Inapplicable ; Inapplicable ; Unchecked    ; Inapplicable ; Inapplicable ; Pass         ; Inapplicable ; Inapplicable ; Inapplicable ; Inapplicable ; Inapplicable ; Inapplicable ; Inapplicable ; Inapplicable ; Inapplicable ; Unchecked ; Inapplicable ; Inapplicable ;
; key[47]            ; Inapplicable ; Inapplicable ; Inapplicable ; Inapplicable ; Inapplicable ; Unchecked ; Inapplicable ; Inapplicable ; Unchecked ; Unchecked ; Inapplicable ; Inapplicable ; Inapplicable ; Inapplicable ; Unchecked    ; Inapplicable ; Inapplicable ; Pass         ; Inapplicable ; Inapplicable ; Inapplicable ; Inapplicable ; Inapplicable ; Inapplicable ; Inapplicable ; Inapplicable ; Inapplicable ; Unchecked ; Inapplicable ; Inapplicable ;
; key[48]            ; Inapplicable ; Inapplicable ; Inapplicable ; Inapplicable ; Inapplicable ; Unchecked ; Inapplicable ; Inapplicable ; Unchecked ; Unchecked ; Inapplicable ; Inapplicable ; Inapplicable ; Inapplicable ; Unchecked    ; Inapplicable ; Inapplicable ; Pass         ; Inapplicable ; Inapplicable ; Inapplicable ; Inapplicable ; Inapplicable ; Inapplicable ; Inapplicable ; Inapplicable ; Inapplicable ; Unchecked ; Inapplicable ; Inapplicable ;
; key[49]            ; Inapplicable ; Inapplicable ; Inapplicable ; Inapplicable ; Inapplicable ; Unchecked ; Inapplicable ; Inapplicable ; Unchecked ; Unchecked ; Inapplicable ; Inapplicable ; Inapplicable ; Inapplicable ; Unchecked    ; Inapplicable ; Inapplicable ; Pass         ; Inapplicable ; Inapplicable ; Inapplicable ; Inapplicable ; Inapplicable ; Inapplicable ; Inapplicable ; Inapplicable ; Inapplicable ; Unchecked ; Inapplicable ; Inapplicable ;
; key[50]            ; Inapplicable ; Inapplicable ; Inapplicable ; Inapplicable ; Inapplicable ; Unchecked ; Inapplicable ; Inapplicable ; Unchecked ; Unchecked ; Inapplicable ; Inapplicable ; Inapplicable ; Inapplicable ; Unchecked    ; Inapplicable ; Inapplicable ; Pass         ; Inapplicable ; Inapplicable ; Inapplicable ; Inapplicable ; Inapplicable ; Inapplicable ; Inapplicable ; Inapplicable ; Inapplicable ; Unchecked ; Inapplicable ; Inapplicable ;
; key[51]            ; Inapplicable ; Inapplicable ; Inapplicable ; Inapplicable ; Inapplicable ; Unchecked ; Inapplicable ; Inapplicable ; Unchecked ; Unchecked ; Inapplicable ; Inapplicable ; Inapplicable ; Inapplicable ; Unchecked    ; Inapplicable ; Inapplicable ; Pass         ; Inapplicable ; Inapplicable ; Inapplicable ; Inapplicable ; Inapplicable ; Inapplicable ; Inapplicable ; Inapplicable ; Inapplicable ; Unchecked ; Inapplicable ; Inapplicable ;
; key[52]            ; Inapplicable ; Inapplicable ; Inapplicable ; Inapplicable ; Inapplicable ; Unchecked ; Inapplicable ; Inapplicable ; Unchecked ; Unchecked ; Inapplicable ; Inapplicable ; Inapplicable ; Inapplicable ; Unchecked    ; Inapplicable ; Inapplicable ; Pass         ; Inapplicable ; Inapplicable ; Inapplicable ; Inapplicable ; Inapplicable ; Inapplicable ; Inapplicable ; Inapplicable ; Inapplicable ; Unchecked ; Inapplicable ; Inapplicable ;
; key[53]            ; Inapplicable ; Inapplicable ; Inapplicable ; Inapplicable ; Inapplicable ; Unchecked ; Inapplicable ; Inapplicable ; Unchecked ; Unchecked ; Inapplicable ; Inapplicable ; Inapplicable ; Inapplicable ; Unchecked    ; Inapplicable ; Inapplicable ; Pass         ; Inapplicable ; Inapplicable ; Inapplicable ; Inapplicable ; Inapplicable ; Inapplicable ; Inapplicable ; Inapplicable ; Inapplicable ; Unchecked ; Inapplicable ; Inapplicable ;
; key[54]            ; Inapplicable ; Inapplicable ; Inapplicable ; Inapplicable ; Inapplicable ; Unchecked ; Inapplicable ; Inapplicable ; Unchecked ; Unchecked ; Inapplicable ; Inapplicable ; Inapplicable ; Inapplicable ; Unchecked    ; Inapplicable ; Inapplicable ; Pass         ; Inapplicable ; Inapplicable ; Inapplicable ; Inapplicable ; Inapplicable ; Inapplicable ; Inapplicable ; Inapplicable ; Inapplicable ; Unchecked ; Inapplicable ; Inapplicable ;
; key[55]            ; Inapplicable ; Inapplicable ; Inapplicable ; Inapplicable ; Inapplicable ; Unchecked ; Inapplicable ; Inapplicable ; Unchecked ; Unchecked ; Inapplicable ; Inapplicable ; Inapplicable ; Inapplicable ; Unchecked    ; Inapplicable ; Inapplicable ; Pass         ; Inapplicable ; Inapplicable ; Inapplicable ; Inapplicable ; Inapplicable ; Inapplicable ; Inapplicable ; Inapplicable ; Inapplicable ; Unchecked ; Inapplicable ; Inapplicable ;
; key[56]            ; Inapplicable ; Inapplicable ; Inapplicable ; Inapplicable ; Inapplicable ; Unchecked ; Inapplicable ; Inapplicable ; Unchecked ; Unchecked ; Inapplicable ; Inapplicable ; Inapplicable ; Inapplicable ; Unchecked    ; Inapplicable ; Inapplicable ; Pass         ; Inapplicable ; Inapplicable ; Inapplicable ; Inapplicable ; Inapplicable ; Inapplicable ; Inapplicable ; Inapplicable ; Inapplicable ; Unchecked ; Inapplicable ; Inapplicable ;
; key[57]            ; Inapplicable ; Inapplicable ; Inapplicable ; Inapplicable ; Inapplicable ; Unchecked ; Inapplicable ; Inapplicable ; Unchecked ; Unchecked ; Inapplicable ; Inapplicable ; Inapplicable ; Inapplicable ; Unchecked    ; Inapplicable ; Inapplicable ; Pass         ; Inapplicable ; Inapplicable ; Inapplicable ; Inapplicable ; Inapplicable ; Inapplicable ; Inapplicable ; Inapplicable ; Inapplicable ; Unchecked ; Inapplicable ; Inapplicable ;
; key[58]            ; Inapplicable ; Inapplicable ; Inapplicable ; Inapplicable ; Inapplicable ; Unchecked ; Inapplicable ; Inapplicable ; Unchecked ; Unchecked ; Inapplicable ; Inapplicable ; Inapplicable ; Inapplicable ; Unchecked    ; Inapplicable ; Inapplicable ; Pass         ; Inapplicable ; Inapplicable ; Inapplicable ; Inapplicable ; Inapplicable ; Inapplicable ; Inapplicable ; Inapplicable ; Inapplicable ; Unchecked ; Inapplicable ; Inapplicable ;
; key[59]            ; Inapplicable ; Inapplicable ; Inapplicable ; Inapplicable ; Inapplicable ; Unchecked ; Inapplicable ; Inapplicable ; Unchecked ; Unchecked ; Inapplicable ; Inapplicable ; Inapplicable ; Inapplicable ; Unchecked    ; Inapplicable ; Inapplicable ; Pass         ; Inapplicable ; Inapplicable ; Inapplicable ; Inapplicable ; Inapplicable ; Inapplicable ; Inapplicable ; Inapplicable ; Inapplicable ; Unchecked ; Inapplicable ; Inapplicable ;
; key[60]            ; Inapplicable ; Inapplicable ; Inapplicable ; Inapplicable ; Inapplicable ; Unchecked ; Inapplicable ; Inapplicable ; Unchecked ; Unchecked ; Inapplicable ; Inapplicable ; Inapplicable ; Inapplicable ; Unchecked    ; Inapplicable ; Inapplicable ; Pass         ; Inapplicable ; Inapplicable ; Inapplicable ; Inapplicable ; Inapplicable ; Inapplicable ; Inapplicable ; Inapplicable ; Inapplicable ; Unchecked ; Inapplicable ; Inapplicable ;
; key[61]            ; Inapplicable ; Inapplicable ; Inapplicable ; Inapplicable ; Inapplicable ; Unchecked ; Inapplicable ; Inapplicable ; Unchecked ; Unchecked ; Inapplicable ; Inapplicable ; Inapplicable ; Inapplicable ; Unchecked    ; Inapplicable ; Inapplicable ; Pass         ; Inapplicable ; Inapplicable ; Inapplicable ; Inapplicable ; Inapplicable ; Inapplicable ; Inapplicable ; Inapplicable ; Inapplicable ; Unchecked ; Inapplicable ; Inapplicable ;
; key[62]            ; Inapplicable ; Inapplicable ; Inapplicable ; Inapplicable ; Inapplicable ; Unchecked ; Inapplicable ; Inapplicable ; Unchecked ; Unchecked ; Inapplicable ; Inapplicable ; Inapplicable ; Inapplicable ; Unchecked    ; Inapplicable ; Inapplicable ; Pass         ; Inapplicable ; Inapplicable ; Inapplicable ; Inapplicable ; Inapplicable ; Inapplicable ; Inapplicable ; Inapplicable ; Inapplicable ; Unchecked ; Inapplicable ; Inapplicable ;
; key[63]            ; Inapplicable ; Inapplicable ; Inapplicable ; Inapplicable ; Inapplicable ; Unchecked ; Inapplicable ; Inapplicable ; Unchecked ; Unchecked ; Inapplicable ; Inapplicable ; Inapplicable ; Inapplicable ; Unchecked    ; Inapplicable ; Inapplicable ; Pass         ; Inapplicable ; Inapplicable ; Inapplicable ; Inapplicable ; Inapplicable ; Inapplicable ; Inapplicable ; Inapplicable ; Inapplicable ; Unchecked ; Inapplicable ; Inapplicable ;
; key[64]            ; Inapplicable ; Inapplicable ; Inapplicable ; Inapplicable ; Inapplicable ; Unchecked ; Inapplicable ; Inapplicable ; Unchecked ; Unchecked ; Inapplicable ; Inapplicable ; Inapplicable ; Inapplicable ; Unchecked    ; Inapplicable ; Inapplicable ; Pass         ; Inapplicable ; Inapplicable ; Inapplicable ; Inapplicable ; Inapplicable ; Inapplicable ; Inapplicable ; Inapplicable ; Inapplicable ; Unchecked ; Inapplicable ; Inapplicable ;
; key[65]            ; Inapplicable ; Inapplicable ; Inapplicable ; Inapplicable ; Inapplicable ; Unchecked ; Inapplicable ; Inapplicable ; Unchecked ; Unchecked ; Inapplicable ; Inapplicable ; Inapplicable ; Inapplicable ; Unchecked    ; Inapplicable ; Inapplicable ; Pass         ; Inapplicable ; Inapplicable ; Inapplicable ; Inapplicable ; Inapplicable ; Inapplicable ; Inapplicable ; Inapplicable ; Inapplicable ; Unchecked ; Inapplicable ; Inapplicable ;
; key[66]            ; Inapplicable ; Inapplicable ; Inapplicable ; Inapplicable ; Inapplicable ; Unchecked ; Inapplicable ; Inapplicable ; Unchecked ; Unchecked ; Inapplicable ; Inapplicable ; Inapplicable ; Inapplicable ; Unchecked    ; Inapplicable ; Inapplicable ; Pass         ; Inapplicable ; Inapplicable ; Inapplicable ; Inapplicable ; Inapplicable ; Inapplicable ; Inapplicable ; Inapplicable ; Inapplicable ; Unchecked ; Inapplicable ; Inapplicable ;
; key[67]            ; Inapplicable ; Inapplicable ; Inapplicable ; Inapplicable ; Inapplicable ; Unchecked ; Inapplicable ; Inapplicable ; Unchecked ; Unchecked ; Inapplicable ; Inapplicable ; Inapplicable ; Inapplicable ; Unchecked    ; Inapplicable ; Inapplicable ; Pass         ; Inapplicable ; Inapplicable ; Inapplicable ; Inapplicable ; Inapplicable ; Inapplicable ; Inapplicable ; Inapplicable ; Inapplicable ; Unchecked ; Inapplicable ; Inapplicable ;
; key[68]            ; Inapplicable ; Inapplicable ; Inapplicable ; Inapplicable ; Inapplicable ; Unchecked ; Inapplicable ; Inapplicable ; Unchecked ; Unchecked ; Inapplicable ; Inapplicable ; Inapplicable ; Inapplicable ; Unchecked    ; Inapplicable ; Inapplicable ; Pass         ; Inapplicable ; Inapplicable ; Inapplicable ; Inapplicable ; Inapplicable ; Inapplicable ; Inapplicable ; Inapplicable ; Inapplicable ; Unchecked ; Inapplicable ; Inapplicable ;
; key[69]            ; Inapplicable ; Inapplicable ; Inapplicable ; Inapplicable ; Inapplicable ; Unchecked ; Inapplicable ; Inapplicable ; Unchecked ; Unchecked ; Inapplicable ; Inapplicable ; Inapplicable ; Inapplicable ; Unchecked    ; Inapplicable ; Inapplicable ; Pass         ; Inapplicable ; Inapplicable ; Inapplicable ; Inapplicable ; Inapplicable ; Inapplicable ; Inapplicable ; Inapplicable ; Inapplicable ; Unchecked ; Inapplicable ; Inapplicable ;
; key[70]            ; Inapplicable ; Inapplicable ; Inapplicable ; Inapplicable ; Inapplicable ; Unchecked ; Inapplicable ; Inapplicable ; Unchecked ; Unchecked ; Inapplicable ; Inapplicable ; Inapplicable ; Inapplicable ; Unchecked    ; Inapplicable ; Inapplicable ; Pass         ; Inapplicable ; Inapplicable ; Inapplicable ; Inapplicable ; Inapplicable ; Inapplicable ; Inapplicable ; Inapplicable ; Inapplicable ; Unchecked ; Inapplicable ; Inapplicable ;
; key[71]            ; Inapplicable ; Inapplicable ; Inapplicable ; Inapplicable ; Inapplicable ; Unchecked ; Inapplicable ; Inapplicable ; Unchecked ; Unchecked ; Inapplicable ; Inapplicable ; Inapplicable ; Inapplicable ; Unchecked    ; Inapplicable ; Inapplicable ; Pass         ; Inapplicable ; Inapplicable ; Inapplicable ; Inapplicable ; Inapplicable ; Inapplicable ; Inapplicable ; Inapplicable ; Inapplicable ; Unchecked ; Inapplicable ; Inapplicable ;
; key[72]            ; Inapplicable ; Inapplicable ; Inapplicable ; Inapplicable ; Inapplicable ; Unchecked ; Inapplicable ; Inapplicable ; Unchecked ; Unchecked ; Inapplicable ; Inapplicable ; Inapplicable ; Inapplicable ; Unchecked    ; Inapplicable ; Inapplicable ; Pass         ; Inapplicable ; Inapplicable ; Inapplicable ; Inapplicable ; Inapplicable ; Inapplicable ; Inapplicable ; Inapplicable ; Inapplicable ; Unchecked ; Inapplicable ; Inapplicable ;
; key[73]            ; Inapplicable ; Inapplicable ; Inapplicable ; Inapplicable ; Inapplicable ; Unchecked ; Inapplicable ; Inapplicable ; Unchecked ; Unchecked ; Inapplicable ; Inapplicable ; Inapplicable ; Inapplicable ; Unchecked    ; Inapplicable ; Inapplicable ; Pass         ; Inapplicable ; Inapplicable ; Inapplicable ; Inapplicable ; Inapplicable ; Inapplicable ; Inapplicable ; Inapplicable ; Inapplicable ; Unchecked ; Inapplicable ; Inapplicable ;
; key[74]            ; Inapplicable ; Inapplicable ; Inapplicable ; Inapplicable ; Inapplicable ; Unchecked ; Inapplicable ; Inapplicable ; Unchecked ; Unchecked ; Inapplicable ; Inapplicable ; Inapplicable ; Inapplicable ; Unchecked    ; Inapplicable ; Inapplicable ; Pass         ; Inapplicable ; Inapplicable ; Inapplicable ; Inapplicable ; Inapplicable ; Inapplicable ; Inapplicable ; Inapplicable ; Inapplicable ; Unchecked ; Inapplicable ; Inapplicable ;
; key[75]            ; Inapplicable ; Inapplicable ; Inapplicable ; Inapplicable ; Inapplicable ; Unchecked ; Inapplicable ; Inapplicable ; Unchecked ; Unchecked ; Inapplicable ; Inapplicable ; Inapplicable ; Inapplicable ; Unchecked    ; Inapplicable ; Inapplicable ; Pass         ; Inapplicable ; Inapplicable ; Inapplicable ; Inapplicable ; Inapplicable ; Inapplicable ; Inapplicable ; Inapplicable ; Inapplicable ; Unchecked ; Inapplicable ; Inapplicable ;
; key[76]            ; Inapplicable ; Inapplicable ; Inapplicable ; Inapplicable ; Inapplicable ; Unchecked ; Inapplicable ; Inapplicable ; Unchecked ; Unchecked ; Inapplicable ; Inapplicable ; Inapplicable ; Inapplicable ; Unchecked    ; Inapplicable ; Inapplicable ; Pass         ; Inapplicable ; Inapplicable ; Inapplicable ; Inapplicable ; Inapplicable ; Inapplicable ; Inapplicable ; Inapplicable ; Inapplicable ; Unchecked ; Inapplicable ; Inapplicable ;
; key[77]            ; Inapplicable ; Inapplicable ; Inapplicable ; Inapplicable ; Inapplicable ; Unchecked ; Inapplicable ; Inapplicable ; Unchecked ; Unchecked ; Inapplicable ; Inapplicable ; Inapplicable ; Inapplicable ; Unchecked    ; Inapplicable ; Inapplicable ; Pass         ; Inapplicable ; Inapplicable ; Inapplicable ; Inapplicable ; Inapplicable ; Inapplicable ; Inapplicable ; Inapplicable ; Inapplicable ; Unchecked ; Inapplicable ; Inapplicable ;
; key[78]            ; Inapplicable ; Inapplicable ; Inapplicable ; Inapplicable ; Inapplicable ; Unchecked ; Inapplicable ; Inapplicable ; Unchecked ; Unchecked ; Inapplicable ; Inapplicable ; Inapplicable ; Inapplicable ; Unchecked    ; Inapplicable ; Inapplicable ; Pass         ; Inapplicable ; Inapplicable ; Inapplicable ; Inapplicable ; Inapplicable ; Inapplicable ; Inapplicable ; Inapplicable ; Inapplicable ; Unchecked ; Inapplicable ; Inapplicable ;
; key[79]            ; Inapplicable ; Inapplicable ; Inapplicable ; Inapplicable ; Inapplicable ; Unchecked ; Inapplicable ; Inapplicable ; Unchecked ; Unchecked ; Inapplicable ; Inapplicable ; Inapplicable ; Inapplicable ; Unchecked    ; Inapplicable ; Inapplicable ; Pass         ; Inapplicable ; Inapplicable ; Inapplicable ; Inapplicable ; Inapplicable ; Inapplicable ; Inapplicable ; Inapplicable ; Inapplicable ; Unchecked ; Inapplicable ; Inapplicable ;
; key[80]            ; Inapplicable ; Inapplicable ; Inapplicable ; Inapplicable ; Inapplicable ; Unchecked ; Inapplicable ; Inapplicable ; Unchecked ; Unchecked ; Inapplicable ; Inapplicable ; Inapplicable ; Inapplicable ; Unchecked    ; Inapplicable ; Inapplicable ; Pass         ; Inapplicable ; Inapplicable ; Inapplicable ; Inapplicable ; Inapplicable ; Inapplicable ; Inapplicable ; Inapplicable ; Inapplicable ; Unchecked ; Inapplicable ; Inapplicable ;
; key[81]            ; Inapplicable ; Inapplicable ; Inapplicable ; Inapplicable ; Inapplicable ; Unchecked ; Inapplicable ; Inapplicable ; Unchecked ; Unchecked ; Inapplicable ; Inapplicable ; Inapplicable ; Inapplicable ; Unchecked    ; Inapplicable ; Inapplicable ; Pass         ; Inapplicable ; Inapplicable ; Inapplicable ; Inapplicable ; Inapplicable ; Inapplicable ; Inapplicable ; Inapplicable ; Inapplicable ; Unchecked ; Inapplicable ; Inapplicable ;
; key[82]            ; Inapplicable ; Inapplicable ; Inapplicable ; Inapplicable ; Inapplicable ; Unchecked ; Inapplicable ; Inapplicable ; Unchecked ; Unchecked ; Inapplicable ; Inapplicable ; Inapplicable ; Inapplicable ; Unchecked    ; Inapplicable ; Inapplicable ; Pass         ; Inapplicable ; Inapplicable ; Inapplicable ; Inapplicable ; Inapplicable ; Inapplicable ; Inapplicable ; Inapplicable ; Inapplicable ; Unchecked ; Inapplicable ; Inapplicable ;
; key[83]            ; Inapplicable ; Inapplicable ; Inapplicable ; Inapplicable ; Inapplicable ; Unchecked ; Inapplicable ; Inapplicable ; Unchecked ; Unchecked ; Inapplicable ; Inapplicable ; Inapplicable ; Inapplicable ; Unchecked    ; Inapplicable ; Inapplicable ; Pass         ; Inapplicable ; Inapplicable ; Inapplicable ; Inapplicable ; Inapplicable ; Inapplicable ; Inapplicable ; Inapplicable ; Inapplicable ; Unchecked ; Inapplicable ; Inapplicable ;
; key[84]            ; Inapplicable ; Inapplicable ; Inapplicable ; Inapplicable ; Inapplicable ; Unchecked ; Inapplicable ; Inapplicable ; Unchecked ; Unchecked ; Inapplicable ; Inapplicable ; Inapplicable ; Inapplicable ; Unchecked    ; Inapplicable ; Inapplicable ; Pass         ; Inapplicable ; Inapplicable ; Inapplicable ; Inapplicable ; Inapplicable ; Inapplicable ; Inapplicable ; Inapplicable ; Inapplicable ; Unchecked ; Inapplicable ; Inapplicable ;
; key[85]            ; Inapplicable ; Inapplicable ; Inapplicable ; Inapplicable ; Inapplicable ; Unchecked ; Inapplicable ; Inapplicable ; Unchecked ; Unchecked ; Inapplicable ; Inapplicable ; Inapplicable ; Inapplicable ; Unchecked    ; Inapplicable ; Inapplicable ; Pass         ; Inapplicable ; Inapplicable ; Inapplicable ; Inapplicable ; Inapplicable ; Inapplicable ; Inapplicable ; Inapplicable ; Inapplicable ; Unchecked ; Inapplicable ; Inapplicable ;
; key[86]            ; Inapplicable ; Inapplicable ; Inapplicable ; Inapplicable ; Inapplicable ; Unchecked ; Inapplicable ; Inapplicable ; Unchecked ; Unchecked ; Inapplicable ; Inapplicable ; Inapplicable ; Inapplicable ; Unchecked    ; Inapplicable ; Inapplicable ; Pass         ; Inapplicable ; Inapplicable ; Inapplicable ; Inapplicable ; Inapplicable ; Inapplicable ; Inapplicable ; Inapplicable ; Inapplicable ; Unchecked ; Inapplicable ; Inapplicable ;
; key[87]            ; Inapplicable ; Inapplicable ; Inapplicable ; Inapplicable ; Inapplicable ; Unchecked ; Inapplicable ; Inapplicable ; Unchecked ; Unchecked ; Inapplicable ; Inapplicable ; Inapplicable ; Inapplicable ; Unchecked    ; Inapplicable ; Inapplicable ; Pass         ; Inapplicable ; Inapplicable ; Inapplicable ; Inapplicable ; Inapplicable ; Inapplicable ; Inapplicable ; Inapplicable ; Inapplicable ; Unchecked ; Inapplicable ; Inapplicable ;
; key[88]            ; Inapplicable ; Inapplicable ; Inapplicable ; Inapplicable ; Inapplicable ; Unchecked ; Inapplicable ; Inapplicable ; Unchecked ; Unchecked ; Inapplicable ; Inapplicable ; Inapplicable ; Inapplicable ; Unchecked    ; Inapplicable ; Inapplicable ; Pass         ; Inapplicable ; Inapplicable ; Inapplicable ; Inapplicable ; Inapplicable ; Inapplicable ; Inapplicable ; Inapplicable ; Inapplicable ; Unchecked ; Inapplicable ; Inapplicable ;
; key[89]            ; Inapplicable ; Inapplicable ; Inapplicable ; Inapplicable ; Inapplicable ; Unchecked ; Inapplicable ; Inapplicable ; Unchecked ; Unchecked ; Inapplicable ; Inapplicable ; Inapplicable ; Inapplicable ; Unchecked    ; Inapplicable ; Inapplicable ; Pass         ; Inapplicable ; Inapplicable ; Inapplicable ; Inapplicable ; Inapplicable ; Inapplicable ; Inapplicable ; Inapplicable ; Inapplicable ; Unchecked ; Inapplicable ; Inapplicable ;
; key[90]            ; Inapplicable ; Inapplicable ; Inapplicable ; Inapplicable ; Inapplicable ; Unchecked ; Inapplicable ; Inapplicable ; Unchecked ; Unchecked ; Inapplicable ; Inapplicable ; Inapplicable ; Inapplicable ; Unchecked    ; Inapplicable ; Inapplicable ; Pass         ; Inapplicable ; Inapplicable ; Inapplicable ; Inapplicable ; Inapplicable ; Inapplicable ; Inapplicable ; Inapplicable ; Inapplicable ; Unchecked ; Inapplicable ; Inapplicable ;
; key[91]            ; Inapplicable ; Inapplicable ; Inapplicable ; Inapplicable ; Inapplicable ; Unchecked ; Inapplicable ; Inapplicable ; Unchecked ; Unchecked ; Inapplicable ; Inapplicable ; Inapplicable ; Inapplicable ; Unchecked    ; Inapplicable ; Inapplicable ; Pass         ; Inapplicable ; Inapplicable ; Inapplicable ; Inapplicable ; Inapplicable ; Inapplicable ; Inapplicable ; Inapplicable ; Inapplicable ; Unchecked ; Inapplicable ; Inapplicable ;
; key[92]            ; Inapplicable ; Inapplicable ; Inapplicable ; Inapplicable ; Inapplicable ; Unchecked ; Inapplicable ; Inapplicable ; Unchecked ; Unchecked ; Inapplicable ; Inapplicable ; Inapplicable ; Inapplicable ; Unchecked    ; Inapplicable ; Inapplicable ; Pass         ; Inapplicable ; Inapplicable ; Inapplicable ; Inapplicable ; Inapplicable ; Inapplicable ; Inapplicable ; Inapplicable ; Inapplicable ; Unchecked ; Inapplicable ; Inapplicable ;
; key[93]            ; Inapplicable ; Inapplicable ; Inapplicable ; Inapplicable ; Inapplicable ; Unchecked ; Inapplicable ; Inapplicable ; Unchecked ; Unchecked ; Inapplicable ; Inapplicable ; Inapplicable ; Inapplicable ; Unchecked    ; Inapplicable ; Inapplicable ; Pass         ; Inapplicable ; Inapplicable ; Inapplicable ; Inapplicable ; Inapplicable ; Inapplicable ; Inapplicable ; Inapplicable ; Inapplicable ; Unchecked ; Inapplicable ; Inapplicable ;
; key[94]            ; Inapplicable ; Inapplicable ; Inapplicable ; Inapplicable ; Inapplicable ; Unchecked ; Inapplicable ; Inapplicable ; Unchecked ; Unchecked ; Inapplicable ; Inapplicable ; Inapplicable ; Inapplicable ; Unchecked    ; Inapplicable ; Inapplicable ; Pass         ; Inapplicable ; Inapplicable ; Inapplicable ; Inapplicable ; Inapplicable ; Inapplicable ; Inapplicable ; Inapplicable ; Inapplicable ; Unchecked ; Inapplicable ; Inapplicable ;
; key[95]            ; Inapplicable ; Inapplicable ; Inapplicable ; Inapplicable ; Inapplicable ; Unchecked ; Inapplicable ; Inapplicable ; Unchecked ; Unchecked ; Inapplicable ; Inapplicable ; Inapplicable ; Inapplicable ; Unchecked    ; Inapplicable ; Inapplicable ; Pass         ; Inapplicable ; Inapplicable ; Inapplicable ; Inapplicable ; Inapplicable ; Inapplicable ; Inapplicable ; Inapplicable ; Inapplicable ; Unchecked ; Inapplicable ; Inapplicable ;
; key[96]            ; Inapplicable ; Inapplicable ; Inapplicable ; Inapplicable ; Inapplicable ; Unchecked ; Inapplicable ; Inapplicable ; Unchecked ; Unchecked ; Inapplicable ; Inapplicable ; Inapplicable ; Inapplicable ; Unchecked    ; Inapplicable ; Inapplicable ; Pass         ; Inapplicable ; Inapplicable ; Inapplicable ; Inapplicable ; Inapplicable ; Inapplicable ; Inapplicable ; Inapplicable ; Inapplicable ; Unchecked ; Inapplicable ; Inapplicable ;
; key[97]            ; Inapplicable ; Inapplicable ; Inapplicable ; Inapplicable ; Inapplicable ; Unchecked ; Inapplicable ; Inapplicable ; Unchecked ; Unchecked ; Inapplicable ; Inapplicable ; Inapplicable ; Inapplicable ; Unchecked    ; Inapplicable ; Inapplicable ; Pass         ; Inapplicable ; Inapplicable ; Inapplicable ; Inapplicable ; Inapplicable ; Inapplicable ; Inapplicable ; Inapplicable ; Inapplicable ; Unchecked ; Inapplicable ; Inapplicable ;
; key[98]            ; Inapplicable ; Inapplicable ; Inapplicable ; Inapplicable ; Inapplicable ; Unchecked ; Inapplicable ; Inapplicable ; Unchecked ; Unchecked ; Inapplicable ; Inapplicable ; Inapplicable ; Inapplicable ; Unchecked    ; Inapplicable ; Inapplicable ; Pass         ; Inapplicable ; Inapplicable ; Inapplicable ; Inapplicable ; Inapplicable ; Inapplicable ; Inapplicable ; Inapplicable ; Inapplicable ; Unchecked ; Inapplicable ; Inapplicable ;
; key[99]            ; Inapplicable ; Inapplicable ; Inapplicable ; Inapplicable ; Inapplicable ; Unchecked ; Inapplicable ; Inapplicable ; Unchecked ; Unchecked ; Inapplicable ; Inapplicable ; Inapplicable ; Inapplicable ; Unchecked    ; Inapplicable ; Inapplicable ; Pass         ; Inapplicable ; Inapplicable ; Inapplicable ; Inapplicable ; Inapplicable ; Inapplicable ; Inapplicable ; Inapplicable ; Inapplicable ; Unchecked ; Inapplicable ; Inapplicable ;
; key[100]           ; Inapplicable ; Inapplicable ; Inapplicable ; Inapplicable ; Inapplicable ; Unchecked ; Inapplicable ; Inapplicable ; Unchecked ; Unchecked ; Inapplicable ; Inapplicable ; Inapplicable ; Inapplicable ; Unchecked    ; Inapplicable ; Inapplicable ; Pass         ; Inapplicable ; Inapplicable ; Inapplicable ; Inapplicable ; Inapplicable ; Inapplicable ; Inapplicable ; Inapplicable ; Inapplicable ; Unchecked ; Inapplicable ; Inapplicable ;
; key[101]           ; Inapplicable ; Inapplicable ; Inapplicable ; Inapplicable ; Inapplicable ; Unchecked ; Inapplicable ; Inapplicable ; Unchecked ; Unchecked ; Inapplicable ; Inapplicable ; Inapplicable ; Inapplicable ; Unchecked    ; Inapplicable ; Inapplicable ; Pass         ; Inapplicable ; Inapplicable ; Inapplicable ; Inapplicable ; Inapplicable ; Inapplicable ; Inapplicable ; Inapplicable ; Inapplicable ; Unchecked ; Inapplicable ; Inapplicable ;
; key[102]           ; Inapplicable ; Inapplicable ; Inapplicable ; Inapplicable ; Inapplicable ; Unchecked ; Inapplicable ; Inapplicable ; Unchecked ; Unchecked ; Inapplicable ; Inapplicable ; Inapplicable ; Inapplicable ; Unchecked    ; Inapplicable ; Inapplicable ; Pass         ; Inapplicable ; Inapplicable ; Inapplicable ; Inapplicable ; Inapplicable ; Inapplicable ; Inapplicable ; Inapplicable ; Inapplicable ; Unchecked ; Inapplicable ; Inapplicable ;
; key[103]           ; Inapplicable ; Inapplicable ; Inapplicable ; Inapplicable ; Inapplicable ; Unchecked ; Inapplicable ; Inapplicable ; Unchecked ; Unchecked ; Inapplicable ; Inapplicable ; Inapplicable ; Inapplicable ; Unchecked    ; Inapplicable ; Inapplicable ; Pass         ; Inapplicable ; Inapplicable ; Inapplicable ; Inapplicable ; Inapplicable ; Inapplicable ; Inapplicable ; Inapplicable ; Inapplicable ; Unchecked ; Inapplicable ; Inapplicable ;
; key[104]           ; Inapplicable ; Inapplicable ; Inapplicable ; Inapplicable ; Inapplicable ; Unchecked ; Inapplicable ; Inapplicable ; Unchecked ; Unchecked ; Inapplicable ; Inapplicable ; Inapplicable ; Inapplicable ; Unchecked    ; Inapplicable ; Inapplicable ; Pass         ; Inapplicable ; Inapplicable ; Inapplicable ; Inapplicable ; Inapplicable ; Inapplicable ; Inapplicable ; Inapplicable ; Inapplicable ; Unchecked ; Inapplicable ; Inapplicable ;
; key[105]           ; Inapplicable ; Inapplicable ; Inapplicable ; Inapplicable ; Inapplicable ; Unchecked ; Inapplicable ; Inapplicable ; Unchecked ; Unchecked ; Inapplicable ; Inapplicable ; Inapplicable ; Inapplicable ; Unchecked    ; Inapplicable ; Inapplicable ; Pass         ; Inapplicable ; Inapplicable ; Inapplicable ; Inapplicable ; Inapplicable ; Inapplicable ; Inapplicable ; Inapplicable ; Inapplicable ; Unchecked ; Inapplicable ; Inapplicable ;
; key[106]           ; Inapplicable ; Inapplicable ; Inapplicable ; Inapplicable ; Inapplicable ; Unchecked ; Inapplicable ; Inapplicable ; Unchecked ; Unchecked ; Inapplicable ; Inapplicable ; Inapplicable ; Inapplicable ; Unchecked    ; Inapplicable ; Inapplicable ; Pass         ; Inapplicable ; Inapplicable ; Inapplicable ; Inapplicable ; Inapplicable ; Inapplicable ; Inapplicable ; Inapplicable ; Inapplicable ; Unchecked ; Inapplicable ; Inapplicable ;
; key[107]           ; Inapplicable ; Inapplicable ; Inapplicable ; Inapplicable ; Inapplicable ; Unchecked ; Inapplicable ; Inapplicable ; Unchecked ; Unchecked ; Inapplicable ; Inapplicable ; Inapplicable ; Inapplicable ; Unchecked    ; Inapplicable ; Inapplicable ; Pass         ; Inapplicable ; Inapplicable ; Inapplicable ; Inapplicable ; Inapplicable ; Inapplicable ; Inapplicable ; Inapplicable ; Inapplicable ; Unchecked ; Inapplicable ; Inapplicable ;
; key[108]           ; Inapplicable ; Inapplicable ; Inapplicable ; Inapplicable ; Inapplicable ; Unchecked ; Inapplicable ; Inapplicable ; Unchecked ; Unchecked ; Inapplicable ; Inapplicable ; Inapplicable ; Inapplicable ; Unchecked    ; Inapplicable ; Inapplicable ; Pass         ; Inapplicable ; Inapplicable ; Inapplicable ; Inapplicable ; Inapplicable ; Inapplicable ; Inapplicable ; Inapplicable ; Inapplicable ; Unchecked ; Inapplicable ; Inapplicable ;
; key[109]           ; Inapplicable ; Inapplicable ; Inapplicable ; Inapplicable ; Inapplicable ; Unchecked ; Inapplicable ; Inapplicable ; Unchecked ; Unchecked ; Inapplicable ; Inapplicable ; Inapplicable ; Inapplicable ; Unchecked    ; Inapplicable ; Inapplicable ; Pass         ; Inapplicable ; Inapplicable ; Inapplicable ; Inapplicable ; Inapplicable ; Inapplicable ; Inapplicable ; Inapplicable ; Inapplicable ; Unchecked ; Inapplicable ; Inapplicable ;
; key[110]           ; Inapplicable ; Inapplicable ; Inapplicable ; Inapplicable ; Inapplicable ; Unchecked ; Inapplicable ; Inapplicable ; Unchecked ; Unchecked ; Inapplicable ; Inapplicable ; Inapplicable ; Inapplicable ; Unchecked    ; Inapplicable ; Inapplicable ; Pass         ; Inapplicable ; Inapplicable ; Inapplicable ; Inapplicable ; Inapplicable ; Inapplicable ; Inapplicable ; Inapplicable ; Inapplicable ; Unchecked ; Inapplicable ; Inapplicable ;
; key[111]           ; Inapplicable ; Inapplicable ; Inapplicable ; Inapplicable ; Inapplicable ; Unchecked ; Inapplicable ; Inapplicable ; Unchecked ; Unchecked ; Inapplicable ; Inapplicable ; Inapplicable ; Inapplicable ; Unchecked    ; Inapplicable ; Inapplicable ; Pass         ; Inapplicable ; Inapplicable ; Inapplicable ; Inapplicable ; Inapplicable ; Inapplicable ; Inapplicable ; Inapplicable ; Inapplicable ; Unchecked ; Inapplicable ; Inapplicable ;
; key[112]           ; Inapplicable ; Inapplicable ; Inapplicable ; Inapplicable ; Inapplicable ; Unchecked ; Inapplicable ; Inapplicable ; Unchecked ; Unchecked ; Inapplicable ; Inapplicable ; Inapplicable ; Inapplicable ; Unchecked    ; Inapplicable ; Inapplicable ; Pass         ; Inapplicable ; Inapplicable ; Inapplicable ; Inapplicable ; Inapplicable ; Inapplicable ; Inapplicable ; Inapplicable ; Inapplicable ; Unchecked ; Inapplicable ; Inapplicable ;
; key[113]           ; Inapplicable ; Inapplicable ; Inapplicable ; Inapplicable ; Inapplicable ; Unchecked ; Inapplicable ; Inapplicable ; Unchecked ; Unchecked ; Inapplicable ; Inapplicable ; Inapplicable ; Inapplicable ; Unchecked    ; Inapplicable ; Inapplicable ; Pass         ; Inapplicable ; Inapplicable ; Inapplicable ; Inapplicable ; Inapplicable ; Inapplicable ; Inapplicable ; Inapplicable ; Inapplicable ; Unchecked ; Inapplicable ; Inapplicable ;
; key[114]           ; Inapplicable ; Inapplicable ; Inapplicable ; Inapplicable ; Inapplicable ; Unchecked ; Inapplicable ; Inapplicable ; Unchecked ; Unchecked ; Inapplicable ; Inapplicable ; Inapplicable ; Inapplicable ; Unchecked    ; Inapplicable ; Inapplicable ; Pass         ; Inapplicable ; Inapplicable ; Inapplicable ; Inapplicable ; Inapplicable ; Inapplicable ; Inapplicable ; Inapplicable ; Inapplicable ; Unchecked ; Inapplicable ; Inapplicable ;
; key[115]           ; Inapplicable ; Inapplicable ; Inapplicable ; Inapplicable ; Inapplicable ; Unchecked ; Inapplicable ; Inapplicable ; Unchecked ; Unchecked ; Inapplicable ; Inapplicable ; Inapplicable ; Inapplicable ; Unchecked    ; Inapplicable ; Inapplicable ; Pass         ; Inapplicable ; Inapplicable ; Inapplicable ; Inapplicable ; Inapplicable ; Inapplicable ; Inapplicable ; Inapplicable ; Inapplicable ; Unchecked ; Inapplicable ; Inapplicable ;
; key[116]           ; Inapplicable ; Inapplicable ; Inapplicable ; Inapplicable ; Inapplicable ; Unchecked ; Inapplicable ; Inapplicable ; Unchecked ; Unchecked ; Inapplicable ; Inapplicable ; Inapplicable ; Inapplicable ; Unchecked    ; Inapplicable ; Inapplicable ; Pass         ; Inapplicable ; Inapplicable ; Inapplicable ; Inapplicable ; Inapplicable ; Inapplicable ; Inapplicable ; Inapplicable ; Inapplicable ; Unchecked ; Inapplicable ; Inapplicable ;
; key[117]           ; Inapplicable ; Inapplicable ; Inapplicable ; Inapplicable ; Inapplicable ; Unchecked ; Inapplicable ; Inapplicable ; Unchecked ; Unchecked ; Inapplicable ; Inapplicable ; Inapplicable ; Inapplicable ; Unchecked    ; Inapplicable ; Inapplicable ; Pass         ; Inapplicable ; Inapplicable ; Inapplicable ; Inapplicable ; Inapplicable ; Inapplicable ; Inapplicable ; Inapplicable ; Inapplicable ; Unchecked ; Inapplicable ; Inapplicable ;
; key[118]           ; Inapplicable ; Inapplicable ; Inapplicable ; Inapplicable ; Inapplicable ; Unchecked ; Inapplicable ; Inapplicable ; Unchecked ; Unchecked ; Inapplicable ; Inapplicable ; Inapplicable ; Inapplicable ; Unchecked    ; Inapplicable ; Inapplicable ; Pass         ; Inapplicable ; Inapplicable ; Inapplicable ; Inapplicable ; Inapplicable ; Inapplicable ; Inapplicable ; Inapplicable ; Inapplicable ; Unchecked ; Inapplicable ; Inapplicable ;
; key[119]           ; Inapplicable ; Inapplicable ; Inapplicable ; Inapplicable ; Inapplicable ; Unchecked ; Inapplicable ; Inapplicable ; Unchecked ; Unchecked ; Inapplicable ; Inapplicable ; Inapplicable ; Inapplicable ; Unchecked    ; Inapplicable ; Inapplicable ; Pass         ; Inapplicable ; Inapplicable ; Inapplicable ; Inapplicable ; Inapplicable ; Inapplicable ; Inapplicable ; Inapplicable ; Inapplicable ; Unchecked ; Inapplicable ; Inapplicable ;
; key[120]           ; Inapplicable ; Inapplicable ; Inapplicable ; Inapplicable ; Inapplicable ; Unchecked ; Inapplicable ; Inapplicable ; Unchecked ; Unchecked ; Inapplicable ; Inapplicable ; Inapplicable ; Inapplicable ; Unchecked    ; Inapplicable ; Inapplicable ; Pass         ; Inapplicable ; Inapplicable ; Inapplicable ; Inapplicable ; Inapplicable ; Inapplicable ; Inapplicable ; Inapplicable ; Inapplicable ; Unchecked ; Inapplicable ; Inapplicable ;
; key[121]           ; Inapplicable ; Inapplicable ; Inapplicable ; Inapplicable ; Inapplicable ; Unchecked ; Inapplicable ; Inapplicable ; Unchecked ; Unchecked ; Inapplicable ; Inapplicable ; Inapplicable ; Inapplicable ; Unchecked    ; Inapplicable ; Inapplicable ; Pass         ; Inapplicable ; Inapplicable ; Inapplicable ; Inapplicable ; Inapplicable ; Inapplicable ; Inapplicable ; Inapplicable ; Inapplicable ; Unchecked ; Inapplicable ; Inapplicable ;
; key[122]           ; Inapplicable ; Inapplicable ; Inapplicable ; Inapplicable ; Inapplicable ; Unchecked ; Inapplicable ; Inapplicable ; Unchecked ; Unchecked ; Inapplicable ; Inapplicable ; Inapplicable ; Inapplicable ; Unchecked    ; Inapplicable ; Inapplicable ; Pass         ; Inapplicable ; Inapplicable ; Inapplicable ; Inapplicable ; Inapplicable ; Inapplicable ; Inapplicable ; Inapplicable ; Inapplicable ; Unchecked ; Inapplicable ; Inapplicable ;
; key[123]           ; Inapplicable ; Inapplicable ; Inapplicable ; Inapplicable ; Inapplicable ; Unchecked ; Inapplicable ; Inapplicable ; Unchecked ; Unchecked ; Inapplicable ; Inapplicable ; Inapplicable ; Inapplicable ; Unchecked    ; Inapplicable ; Inapplicable ; Pass         ; Inapplicable ; Inapplicable ; Inapplicable ; Inapplicable ; Inapplicable ; Inapplicable ; Inapplicable ; Inapplicable ; Inapplicable ; Unchecked ; Inapplicable ; Inapplicable ;
; key[124]           ; Inapplicable ; Inapplicable ; Inapplicable ; Inapplicable ; Inapplicable ; Unchecked ; Inapplicable ; Inapplicable ; Unchecked ; Unchecked ; Inapplicable ; Inapplicable ; Inapplicable ; Inapplicable ; Unchecked    ; Inapplicable ; Inapplicable ; Pass         ; Inapplicable ; Inapplicable ; Inapplicable ; Inapplicable ; Inapplicable ; Inapplicable ; Inapplicable ; Inapplicable ; Inapplicable ; Unchecked ; Inapplicable ; Inapplicable ;
; key[125]           ; Inapplicable ; Inapplicable ; Inapplicable ; Inapplicable ; Inapplicable ; Unchecked ; Inapplicable ; Inapplicable ; Unchecked ; Unchecked ; Inapplicable ; Inapplicable ; Inapplicable ; Inapplicable ; Unchecked    ; Inapplicable ; Inapplicable ; Pass         ; Inapplicable ; Inapplicable ; Inapplicable ; Inapplicable ; Inapplicable ; Inapplicable ; Inapplicable ; Inapplicable ; Inapplicable ; Unchecked ; Inapplicable ; Inapplicable ;
; key[126]           ; Inapplicable ; Inapplicable ; Inapplicable ; Inapplicable ; Inapplicable ; Unchecked ; Inapplicable ; Inapplicable ; Unchecked ; Unchecked ; Inapplicable ; Inapplicable ; Inapplicable ; Inapplicable ; Unchecked    ; Inapplicable ; Inapplicable ; Pass         ; Inapplicable ; Inapplicable ; Inapplicable ; Inapplicable ; Inapplicable ; Inapplicable ; Inapplicable ; Inapplicable ; Inapplicable ; Unchecked ; Inapplicable ; Inapplicable ;
; key[127]           ; Inapplicable ; Inapplicable ; Inapplicable ; Inapplicable ; Inapplicable ; Unchecked ; Inapplicable ; Inapplicable ; Unchecked ; Unchecked ; Inapplicable ; Inapplicable ; Inapplicable ; Inapplicable ; Unchecked    ; Inapplicable ; Inapplicable ; Pass         ; Inapplicable ; Inapplicable ; Inapplicable ; Inapplicable ; Inapplicable ; Inapplicable ; Inapplicable ; Inapplicable ; Inapplicable ; Unchecked ; Inapplicable ; Inapplicable ;
; ciphertext[0]      ; Inapplicable ; Inapplicable ; Inapplicable ; Inapplicable ; Inapplicable ; Unchecked ; Inapplicable ; Inapplicable ; Unchecked ; Unchecked ; Inapplicable ; Unchecked    ; Inapplicable ; Inapplicable ; Inapplicable ; Inapplicable ; Unchecked    ; Inapplicable ; Inapplicable ; Inapplicable ; Inapplicable ; Pass         ; Inapplicable ; Inapplicable ; Inapplicable ; Inapplicable ; Inapplicable ; Unchecked ; Inapplicable ; Inapplicable ;
; ciphertext[1]      ; Inapplicable ; Inapplicable ; Inapplicable ; Inapplicable ; Inapplicable ; Unchecked ; Inapplicable ; Inapplicable ; Unchecked ; Unchecked ; Inapplicable ; Unchecked    ; Inapplicable ; Inapplicable ; Inapplicable ; Inapplicable ; Unchecked    ; Inapplicable ; Inapplicable ; Inapplicable ; Inapplicable ; Pass         ; Inapplicable ; Inapplicable ; Inapplicable ; Inapplicable ; Inapplicable ; Unchecked ; Inapplicable ; Inapplicable ;
; ciphertext[2]      ; Inapplicable ; Inapplicable ; Inapplicable ; Inapplicable ; Inapplicable ; Unchecked ; Inapplicable ; Inapplicable ; Unchecked ; Unchecked ; Inapplicable ; Unchecked    ; Inapplicable ; Inapplicable ; Inapplicable ; Inapplicable ; Unchecked    ; Inapplicable ; Inapplicable ; Inapplicable ; Inapplicable ; Pass         ; Inapplicable ; Inapplicable ; Inapplicable ; Inapplicable ; Inapplicable ; Unchecked ; Inapplicable ; Inapplicable ;
; ciphertext[3]      ; Inapplicable ; Inapplicable ; Inapplicable ; Inapplicable ; Inapplicable ; Unchecked ; Inapplicable ; Inapplicable ; Unchecked ; Unchecked ; Inapplicable ; Unchecked    ; Inapplicable ; Inapplicable ; Inapplicable ; Inapplicable ; Unchecked    ; Inapplicable ; Inapplicable ; Inapplicable ; Inapplicable ; Pass         ; Inapplicable ; Inapplicable ; Inapplicable ; Inapplicable ; Inapplicable ; Unchecked ; Inapplicable ; Inapplicable ;
; ciphertext[4]      ; Inapplicable ; Inapplicable ; Inapplicable ; Inapplicable ; Inapplicable ; Unchecked ; Inapplicable ; Inapplicable ; Unchecked ; Unchecked ; Inapplicable ; Unchecked    ; Inapplicable ; Inapplicable ; Inapplicable ; Inapplicable ; Unchecked    ; Inapplicable ; Inapplicable ; Inapplicable ; Inapplicable ; Pass         ; Inapplicable ; Inapplicable ; Inapplicable ; Inapplicable ; Inapplicable ; Unchecked ; Inapplicable ; Inapplicable ;
; ciphertext[5]      ; Inapplicable ; Inapplicable ; Inapplicable ; Inapplicable ; Inapplicable ; Unchecked ; Inapplicable ; Inapplicable ; Unchecked ; Unchecked ; Inapplicable ; Unchecked    ; Inapplicable ; Inapplicable ; Inapplicable ; Inapplicable ; Unchecked    ; Inapplicable ; Inapplicable ; Inapplicable ; Inapplicable ; Pass         ; Inapplicable ; Inapplicable ; Inapplicable ; Inapplicable ; Inapplicable ; Unchecked ; Inapplicable ; Inapplicable ;
; ciphertext[6]      ; Inapplicable ; Inapplicable ; Inapplicable ; Inapplicable ; Inapplicable ; Unchecked ; Inapplicable ; Inapplicable ; Unchecked ; Unchecked ; Inapplicable ; Unchecked    ; Inapplicable ; Inapplicable ; Inapplicable ; Inapplicable ; Unchecked    ; Inapplicable ; Inapplicable ; Inapplicable ; Inapplicable ; Pass         ; Inapplicable ; Inapplicable ; Inapplicable ; Inapplicable ; Inapplicable ; Unchecked ; Inapplicable ; Inapplicable ;
; ciphertext[7]      ; Inapplicable ; Inapplicable ; Inapplicable ; Inapplicable ; Inapplicable ; Unchecked ; Inapplicable ; Inapplicable ; Unchecked ; Unchecked ; Inapplicable ; Unchecked    ; Inapplicable ; Inapplicable ; Inapplicable ; Inapplicable ; Unchecked    ; Inapplicable ; Inapplicable ; Inapplicable ; Inapplicable ; Pass         ; Inapplicable ; Inapplicable ; Inapplicable ; Inapplicable ; Inapplicable ; Unchecked ; Inapplicable ; Inapplicable ;
; ciphertext[8]      ; Inapplicable ; Inapplicable ; Inapplicable ; Inapplicable ; Inapplicable ; Unchecked ; Inapplicable ; Inapplicable ; Unchecked ; Unchecked ; Inapplicable ; Unchecked    ; Inapplicable ; Inapplicable ; Inapplicable ; Inapplicable ; Unchecked    ; Inapplicable ; Inapplicable ; Inapplicable ; Inapplicable ; Pass         ; Inapplicable ; Inapplicable ; Inapplicable ; Inapplicable ; Inapplicable ; Unchecked ; Inapplicable ; Inapplicable ;
; ciphertext[9]      ; Inapplicable ; Inapplicable ; Inapplicable ; Inapplicable ; Inapplicable ; Unchecked ; Inapplicable ; Inapplicable ; Unchecked ; Unchecked ; Inapplicable ; Unchecked    ; Inapplicable ; Inapplicable ; Inapplicable ; Inapplicable ; Unchecked    ; Inapplicable ; Inapplicable ; Inapplicable ; Inapplicable ; Pass         ; Inapplicable ; Inapplicable ; Inapplicable ; Inapplicable ; Inapplicable ; Unchecked ; Inapplicable ; Inapplicable ;
; ciphertext[10]     ; Inapplicable ; Inapplicable ; Inapplicable ; Inapplicable ; Inapplicable ; Unchecked ; Inapplicable ; Inapplicable ; Unchecked ; Unchecked ; Inapplicable ; Unchecked    ; Inapplicable ; Inapplicable ; Inapplicable ; Inapplicable ; Unchecked    ; Inapplicable ; Inapplicable ; Inapplicable ; Inapplicable ; Pass         ; Inapplicable ; Inapplicable ; Inapplicable ; Inapplicable ; Inapplicable ; Unchecked ; Inapplicable ; Inapplicable ;
; ciphertext[11]     ; Inapplicable ; Inapplicable ; Inapplicable ; Inapplicable ; Inapplicable ; Unchecked ; Inapplicable ; Inapplicable ; Unchecked ; Unchecked ; Inapplicable ; Unchecked    ; Inapplicable ; Inapplicable ; Inapplicable ; Inapplicable ; Unchecked    ; Inapplicable ; Inapplicable ; Inapplicable ; Inapplicable ; Pass         ; Inapplicable ; Inapplicable ; Inapplicable ; Inapplicable ; Inapplicable ; Unchecked ; Inapplicable ; Inapplicable ;
; ciphertext[12]     ; Inapplicable ; Inapplicable ; Inapplicable ; Inapplicable ; Inapplicable ; Unchecked ; Inapplicable ; Inapplicable ; Unchecked ; Unchecked ; Inapplicable ; Unchecked    ; Inapplicable ; Inapplicable ; Inapplicable ; Inapplicable ; Unchecked    ; Inapplicable ; Inapplicable ; Inapplicable ; Inapplicable ; Pass         ; Inapplicable ; Inapplicable ; Inapplicable ; Inapplicable ; Inapplicable ; Unchecked ; Inapplicable ; Inapplicable ;
; ciphertext[13]     ; Inapplicable ; Inapplicable ; Inapplicable ; Inapplicable ; Inapplicable ; Unchecked ; Inapplicable ; Inapplicable ; Unchecked ; Unchecked ; Inapplicable ; Unchecked    ; Inapplicable ; Inapplicable ; Inapplicable ; Inapplicable ; Unchecked    ; Inapplicable ; Inapplicable ; Inapplicable ; Inapplicable ; Pass         ; Inapplicable ; Inapplicable ; Inapplicable ; Inapplicable ; Inapplicable ; Unchecked ; Inapplicable ; Inapplicable ;
; ciphertext[14]     ; Inapplicable ; Inapplicable ; Inapplicable ; Inapplicable ; Inapplicable ; Unchecked ; Inapplicable ; Inapplicable ; Unchecked ; Unchecked ; Inapplicable ; Unchecked    ; Inapplicable ; Inapplicable ; Inapplicable ; Inapplicable ; Unchecked    ; Inapplicable ; Inapplicable ; Inapplicable ; Inapplicable ; Pass         ; Inapplicable ; Inapplicable ; Inapplicable ; Inapplicable ; Inapplicable ; Unchecked ; Inapplicable ; Inapplicable ;
; ciphertext[15]     ; Inapplicable ; Inapplicable ; Inapplicable ; Inapplicable ; Inapplicable ; Unchecked ; Inapplicable ; Inapplicable ; Unchecked ; Unchecked ; Inapplicable ; Unchecked    ; Inapplicable ; Inapplicable ; Inapplicable ; Inapplicable ; Unchecked    ; Inapplicable ; Inapplicable ; Inapplicable ; Inapplicable ; Pass         ; Inapplicable ; Inapplicable ; Inapplicable ; Inapplicable ; Inapplicable ; Unchecked ; Inapplicable ; Inapplicable ;
; ciphertext[16]     ; Inapplicable ; Inapplicable ; Inapplicable ; Inapplicable ; Inapplicable ; Unchecked ; Inapplicable ; Inapplicable ; Unchecked ; Unchecked ; Inapplicable ; Unchecked    ; Inapplicable ; Inapplicable ; Inapplicable ; Inapplicable ; Unchecked    ; Inapplicable ; Inapplicable ; Inapplicable ; Inapplicable ; Pass         ; Inapplicable ; Inapplicable ; Inapplicable ; Inapplicable ; Inapplicable ; Unchecked ; Inapplicable ; Inapplicable ;
; ciphertext[17]     ; Inapplicable ; Inapplicable ; Inapplicable ; Inapplicable ; Inapplicable ; Unchecked ; Inapplicable ; Inapplicable ; Unchecked ; Unchecked ; Inapplicable ; Unchecked    ; Inapplicable ; Inapplicable ; Inapplicable ; Inapplicable ; Unchecked    ; Inapplicable ; Inapplicable ; Inapplicable ; Inapplicable ; Pass         ; Inapplicable ; Inapplicable ; Inapplicable ; Inapplicable ; Inapplicable ; Unchecked ; Inapplicable ; Inapplicable ;
; ciphertext[18]     ; Inapplicable ; Inapplicable ; Inapplicable ; Inapplicable ; Inapplicable ; Unchecked ; Inapplicable ; Inapplicable ; Unchecked ; Unchecked ; Inapplicable ; Unchecked    ; Inapplicable ; Inapplicable ; Inapplicable ; Inapplicable ; Unchecked    ; Inapplicable ; Inapplicable ; Inapplicable ; Inapplicable ; Pass         ; Inapplicable ; Inapplicable ; Inapplicable ; Inapplicable ; Inapplicable ; Unchecked ; Inapplicable ; Inapplicable ;
; ciphertext[19]     ; Inapplicable ; Inapplicable ; Inapplicable ; Inapplicable ; Inapplicable ; Unchecked ; Inapplicable ; Inapplicable ; Unchecked ; Unchecked ; Inapplicable ; Unchecked    ; Inapplicable ; Inapplicable ; Inapplicable ; Inapplicable ; Unchecked    ; Inapplicable ; Inapplicable ; Inapplicable ; Inapplicable ; Pass         ; Inapplicable ; Inapplicable ; Inapplicable ; Inapplicable ; Inapplicable ; Unchecked ; Inapplicable ; Inapplicable ;
; ciphertext[20]     ; Inapplicable ; Inapplicable ; Inapplicable ; Inapplicable ; Inapplicable ; Unchecked ; Inapplicable ; Inapplicable ; Unchecked ; Unchecked ; Inapplicable ; Unchecked    ; Inapplicable ; Inapplicable ; Inapplicable ; Inapplicable ; Unchecked    ; Inapplicable ; Inapplicable ; Inapplicable ; Inapplicable ; Pass         ; Inapplicable ; Inapplicable ; Inapplicable ; Inapplicable ; Inapplicable ; Unchecked ; Inapplicable ; Inapplicable ;
; ciphertext[21]     ; Inapplicable ; Inapplicable ; Inapplicable ; Inapplicable ; Inapplicable ; Unchecked ; Inapplicable ; Inapplicable ; Unchecked ; Unchecked ; Inapplicable ; Unchecked    ; Inapplicable ; Inapplicable ; Inapplicable ; Inapplicable ; Unchecked    ; Inapplicable ; Inapplicable ; Inapplicable ; Inapplicable ; Pass         ; Inapplicable ; Inapplicable ; Inapplicable ; Inapplicable ; Inapplicable ; Unchecked ; Inapplicable ; Inapplicable ;
; ciphertext[22]     ; Inapplicable ; Inapplicable ; Inapplicable ; Inapplicable ; Inapplicable ; Unchecked ; Inapplicable ; Inapplicable ; Unchecked ; Unchecked ; Inapplicable ; Unchecked    ; Inapplicable ; Inapplicable ; Inapplicable ; Inapplicable ; Unchecked    ; Inapplicable ; Inapplicable ; Inapplicable ; Inapplicable ; Pass         ; Inapplicable ; Inapplicable ; Inapplicable ; Inapplicable ; Inapplicable ; Unchecked ; Inapplicable ; Inapplicable ;
; ciphertext[23]     ; Inapplicable ; Inapplicable ; Inapplicable ; Inapplicable ; Inapplicable ; Unchecked ; Inapplicable ; Inapplicable ; Unchecked ; Unchecked ; Inapplicable ; Unchecked    ; Inapplicable ; Inapplicable ; Inapplicable ; Inapplicable ; Unchecked    ; Inapplicable ; Inapplicable ; Inapplicable ; Inapplicable ; Pass         ; Inapplicable ; Inapplicable ; Inapplicable ; Inapplicable ; Inapplicable ; Unchecked ; Inapplicable ; Inapplicable ;
; ciphertext[24]     ; Inapplicable ; Inapplicable ; Inapplicable ; Inapplicable ; Inapplicable ; Unchecked ; Inapplicable ; Inapplicable ; Unchecked ; Unchecked ; Inapplicable ; Unchecked    ; Inapplicable ; Inapplicable ; Inapplicable ; Inapplicable ; Unchecked    ; Inapplicable ; Inapplicable ; Inapplicable ; Inapplicable ; Pass         ; Inapplicable ; Inapplicable ; Inapplicable ; Inapplicable ; Inapplicable ; Unchecked ; Inapplicable ; Inapplicable ;
; ciphertext[25]     ; Inapplicable ; Inapplicable ; Inapplicable ; Inapplicable ; Inapplicable ; Unchecked ; Inapplicable ; Inapplicable ; Unchecked ; Unchecked ; Inapplicable ; Unchecked    ; Inapplicable ; Inapplicable ; Inapplicable ; Inapplicable ; Unchecked    ; Inapplicable ; Inapplicable ; Inapplicable ; Inapplicable ; Pass         ; Inapplicable ; Inapplicable ; Inapplicable ; Inapplicable ; Inapplicable ; Unchecked ; Inapplicable ; Inapplicable ;
; ciphertext[26]     ; Inapplicable ; Inapplicable ; Inapplicable ; Inapplicable ; Inapplicable ; Unchecked ; Inapplicable ; Inapplicable ; Unchecked ; Unchecked ; Inapplicable ; Unchecked    ; Inapplicable ; Inapplicable ; Inapplicable ; Inapplicable ; Unchecked    ; Inapplicable ; Inapplicable ; Inapplicable ; Inapplicable ; Pass         ; Inapplicable ; Inapplicable ; Inapplicable ; Inapplicable ; Inapplicable ; Unchecked ; Inapplicable ; Inapplicable ;
; ciphertext[27]     ; Inapplicable ; Inapplicable ; Inapplicable ; Inapplicable ; Inapplicable ; Unchecked ; Inapplicable ; Inapplicable ; Unchecked ; Unchecked ; Inapplicable ; Unchecked    ; Inapplicable ; Inapplicable ; Inapplicable ; Inapplicable ; Unchecked    ; Inapplicable ; Inapplicable ; Inapplicable ; Inapplicable ; Pass         ; Inapplicable ; Inapplicable ; Inapplicable ; Inapplicable ; Inapplicable ; Unchecked ; Inapplicable ; Inapplicable ;
; ciphertext[28]     ; Inapplicable ; Inapplicable ; Inapplicable ; Inapplicable ; Inapplicable ; Unchecked ; Inapplicable ; Inapplicable ; Unchecked ; Unchecked ; Inapplicable ; Unchecked    ; Inapplicable ; Inapplicable ; Inapplicable ; Inapplicable ; Unchecked    ; Inapplicable ; Inapplicable ; Inapplicable ; Inapplicable ; Pass         ; Inapplicable ; Inapplicable ; Inapplicable ; Inapplicable ; Inapplicable ; Unchecked ; Inapplicable ; Inapplicable ;
; ciphertext[29]     ; Inapplicable ; Inapplicable ; Inapplicable ; Inapplicable ; Inapplicable ; Unchecked ; Inapplicable ; Inapplicable ; Unchecked ; Unchecked ; Inapplicable ; Unchecked    ; Inapplicable ; Inapplicable ; Inapplicable ; Inapplicable ; Unchecked    ; Inapplicable ; Inapplicable ; Inapplicable ; Inapplicable ; Pass         ; Inapplicable ; Inapplicable ; Inapplicable ; Inapplicable ; Inapplicable ; Unchecked ; Inapplicable ; Inapplicable ;
; ciphertext[30]     ; Inapplicable ; Inapplicable ; Inapplicable ; Inapplicable ; Inapplicable ; Unchecked ; Inapplicable ; Inapplicable ; Unchecked ; Unchecked ; Inapplicable ; Unchecked    ; Inapplicable ; Inapplicable ; Inapplicable ; Inapplicable ; Unchecked    ; Inapplicable ; Inapplicable ; Inapplicable ; Inapplicable ; Pass         ; Inapplicable ; Inapplicable ; Inapplicable ; Inapplicable ; Inapplicable ; Unchecked ; Inapplicable ; Inapplicable ;
; ciphertext[31]     ; Inapplicable ; Inapplicable ; Inapplicable ; Inapplicable ; Inapplicable ; Unchecked ; Inapplicable ; Inapplicable ; Unchecked ; Unchecked ; Inapplicable ; Unchecked    ; Inapplicable ; Inapplicable ; Inapplicable ; Inapplicable ; Unchecked    ; Inapplicable ; Inapplicable ; Inapplicable ; Inapplicable ; Pass         ; Inapplicable ; Inapplicable ; Inapplicable ; Inapplicable ; Inapplicable ; Unchecked ; Inapplicable ; Inapplicable ;
; ciphertext[32]     ; Inapplicable ; Inapplicable ; Inapplicable ; Inapplicable ; Inapplicable ; Unchecked ; Inapplicable ; Inapplicable ; Unchecked ; Unchecked ; Inapplicable ; Unchecked    ; Inapplicable ; Inapplicable ; Inapplicable ; Inapplicable ; Unchecked    ; Inapplicable ; Inapplicable ; Inapplicable ; Inapplicable ; Pass         ; Inapplicable ; Inapplicable ; Inapplicable ; Inapplicable ; Inapplicable ; Unchecked ; Inapplicable ; Inapplicable ;
; ciphertext[33]     ; Inapplicable ; Inapplicable ; Inapplicable ; Inapplicable ; Inapplicable ; Unchecked ; Inapplicable ; Inapplicable ; Unchecked ; Unchecked ; Inapplicable ; Unchecked    ; Inapplicable ; Inapplicable ; Inapplicable ; Inapplicable ; Unchecked    ; Inapplicable ; Inapplicable ; Inapplicable ; Inapplicable ; Pass         ; Inapplicable ; Inapplicable ; Inapplicable ; Inapplicable ; Inapplicable ; Unchecked ; Inapplicable ; Inapplicable ;
; ciphertext[34]     ; Inapplicable ; Inapplicable ; Inapplicable ; Inapplicable ; Inapplicable ; Unchecked ; Inapplicable ; Inapplicable ; Unchecked ; Unchecked ; Inapplicable ; Unchecked    ; Inapplicable ; Inapplicable ; Inapplicable ; Inapplicable ; Unchecked    ; Inapplicable ; Inapplicable ; Inapplicable ; Inapplicable ; Pass         ; Inapplicable ; Inapplicable ; Inapplicable ; Inapplicable ; Inapplicable ; Unchecked ; Inapplicable ; Inapplicable ;
; ciphertext[35]     ; Inapplicable ; Inapplicable ; Inapplicable ; Inapplicable ; Inapplicable ; Unchecked ; Inapplicable ; Inapplicable ; Unchecked ; Unchecked ; Inapplicable ; Unchecked    ; Inapplicable ; Inapplicable ; Inapplicable ; Inapplicable ; Unchecked    ; Inapplicable ; Inapplicable ; Inapplicable ; Inapplicable ; Pass         ; Inapplicable ; Inapplicable ; Inapplicable ; Inapplicable ; Inapplicable ; Unchecked ; Inapplicable ; Inapplicable ;
; ciphertext[36]     ; Inapplicable ; Inapplicable ; Inapplicable ; Inapplicable ; Inapplicable ; Unchecked ; Inapplicable ; Inapplicable ; Unchecked ; Unchecked ; Inapplicable ; Unchecked    ; Inapplicable ; Inapplicable ; Inapplicable ; Inapplicable ; Unchecked    ; Inapplicable ; Inapplicable ; Inapplicable ; Inapplicable ; Pass         ; Inapplicable ; Inapplicable ; Inapplicable ; Inapplicable ; Inapplicable ; Unchecked ; Inapplicable ; Inapplicable ;
; ciphertext[37]     ; Inapplicable ; Inapplicable ; Inapplicable ; Inapplicable ; Inapplicable ; Unchecked ; Inapplicable ; Inapplicable ; Unchecked ; Unchecked ; Inapplicable ; Unchecked    ; Inapplicable ; Inapplicable ; Inapplicable ; Inapplicable ; Unchecked    ; Inapplicable ; Inapplicable ; Inapplicable ; Inapplicable ; Pass         ; Inapplicable ; Inapplicable ; Inapplicable ; Inapplicable ; Inapplicable ; Unchecked ; Inapplicable ; Inapplicable ;
; ciphertext[38]     ; Inapplicable ; Inapplicable ; Inapplicable ; Inapplicable ; Inapplicable ; Unchecked ; Inapplicable ; Inapplicable ; Unchecked ; Unchecked ; Inapplicable ; Unchecked    ; Inapplicable ; Inapplicable ; Inapplicable ; Inapplicable ; Unchecked    ; Inapplicable ; Inapplicable ; Inapplicable ; Inapplicable ; Pass         ; Inapplicable ; Inapplicable ; Inapplicable ; Inapplicable ; Inapplicable ; Unchecked ; Inapplicable ; Inapplicable ;
; ciphertext[39]     ; Inapplicable ; Inapplicable ; Inapplicable ; Inapplicable ; Inapplicable ; Unchecked ; Inapplicable ; Inapplicable ; Unchecked ; Unchecked ; Inapplicable ; Unchecked    ; Inapplicable ; Inapplicable ; Inapplicable ; Inapplicable ; Unchecked    ; Inapplicable ; Inapplicable ; Inapplicable ; Inapplicable ; Pass         ; Inapplicable ; Inapplicable ; Inapplicable ; Inapplicable ; Inapplicable ; Unchecked ; Inapplicable ; Inapplicable ;
; ciphertext[40]     ; Inapplicable ; Inapplicable ; Inapplicable ; Inapplicable ; Inapplicable ; Unchecked ; Inapplicable ; Inapplicable ; Unchecked ; Unchecked ; Inapplicable ; Unchecked    ; Inapplicable ; Inapplicable ; Inapplicable ; Inapplicable ; Unchecked    ; Inapplicable ; Inapplicable ; Inapplicable ; Inapplicable ; Pass         ; Inapplicable ; Inapplicable ; Inapplicable ; Inapplicable ; Inapplicable ; Unchecked ; Inapplicable ; Inapplicable ;
; ciphertext[41]     ; Inapplicable ; Inapplicable ; Inapplicable ; Inapplicable ; Inapplicable ; Unchecked ; Inapplicable ; Inapplicable ; Unchecked ; Unchecked ; Inapplicable ; Unchecked    ; Inapplicable ; Inapplicable ; Inapplicable ; Inapplicable ; Unchecked    ; Inapplicable ; Inapplicable ; Inapplicable ; Inapplicable ; Pass         ; Inapplicable ; Inapplicable ; Inapplicable ; Inapplicable ; Inapplicable ; Unchecked ; Inapplicable ; Inapplicable ;
; ciphertext[42]     ; Inapplicable ; Inapplicable ; Inapplicable ; Inapplicable ; Inapplicable ; Unchecked ; Inapplicable ; Inapplicable ; Unchecked ; Unchecked ; Inapplicable ; Unchecked    ; Inapplicable ; Inapplicable ; Inapplicable ; Inapplicable ; Unchecked    ; Inapplicable ; Inapplicable ; Inapplicable ; Inapplicable ; Pass         ; Inapplicable ; Inapplicable ; Inapplicable ; Inapplicable ; Inapplicable ; Unchecked ; Inapplicable ; Inapplicable ;
; ciphertext[43]     ; Inapplicable ; Inapplicable ; Inapplicable ; Inapplicable ; Inapplicable ; Unchecked ; Inapplicable ; Inapplicable ; Unchecked ; Unchecked ; Inapplicable ; Unchecked    ; Inapplicable ; Inapplicable ; Inapplicable ; Inapplicable ; Unchecked    ; Inapplicable ; Inapplicable ; Inapplicable ; Inapplicable ; Pass         ; Inapplicable ; Inapplicable ; Inapplicable ; Inapplicable ; Inapplicable ; Unchecked ; Inapplicable ; Inapplicable ;
; ciphertext[44]     ; Inapplicable ; Inapplicable ; Inapplicable ; Inapplicable ; Inapplicable ; Unchecked ; Inapplicable ; Inapplicable ; Unchecked ; Unchecked ; Inapplicable ; Unchecked    ; Inapplicable ; Inapplicable ; Inapplicable ; Inapplicable ; Unchecked    ; Inapplicable ; Inapplicable ; Inapplicable ; Inapplicable ; Pass         ; Inapplicable ; Inapplicable ; Inapplicable ; Inapplicable ; Inapplicable ; Unchecked ; Inapplicable ; Inapplicable ;
; ciphertext[45]     ; Inapplicable ; Inapplicable ; Inapplicable ; Inapplicable ; Inapplicable ; Unchecked ; Inapplicable ; Inapplicable ; Unchecked ; Unchecked ; Inapplicable ; Unchecked    ; Inapplicable ; Inapplicable ; Inapplicable ; Inapplicable ; Unchecked    ; Inapplicable ; Inapplicable ; Inapplicable ; Inapplicable ; Pass         ; Inapplicable ; Inapplicable ; Inapplicable ; Inapplicable ; Inapplicable ; Unchecked ; Inapplicable ; Inapplicable ;
; ciphertext[46]     ; Inapplicable ; Inapplicable ; Inapplicable ; Inapplicable ; Inapplicable ; Unchecked ; Inapplicable ; Inapplicable ; Unchecked ; Unchecked ; Inapplicable ; Unchecked    ; Inapplicable ; Inapplicable ; Inapplicable ; Inapplicable ; Unchecked    ; Inapplicable ; Inapplicable ; Inapplicable ; Inapplicable ; Pass         ; Inapplicable ; Inapplicable ; Inapplicable ; Inapplicable ; Inapplicable ; Unchecked ; Inapplicable ; Inapplicable ;
; ciphertext[47]     ; Inapplicable ; Inapplicable ; Inapplicable ; Inapplicable ; Inapplicable ; Unchecked ; Inapplicable ; Inapplicable ; Unchecked ; Unchecked ; Inapplicable ; Unchecked    ; Inapplicable ; Inapplicable ; Inapplicable ; Inapplicable ; Unchecked    ; Inapplicable ; Inapplicable ; Inapplicable ; Inapplicable ; Pass         ; Inapplicable ; Inapplicable ; Inapplicable ; Inapplicable ; Inapplicable ; Unchecked ; Inapplicable ; Inapplicable ;
; ciphertext[48]     ; Inapplicable ; Inapplicable ; Inapplicable ; Inapplicable ; Inapplicable ; Unchecked ; Inapplicable ; Inapplicable ; Unchecked ; Unchecked ; Inapplicable ; Unchecked    ; Inapplicable ; Inapplicable ; Inapplicable ; Inapplicable ; Unchecked    ; Inapplicable ; Inapplicable ; Inapplicable ; Inapplicable ; Pass         ; Inapplicable ; Inapplicable ; Inapplicable ; Inapplicable ; Inapplicable ; Unchecked ; Inapplicable ; Inapplicable ;
; ciphertext[49]     ; Inapplicable ; Inapplicable ; Inapplicable ; Inapplicable ; Inapplicable ; Unchecked ; Inapplicable ; Inapplicable ; Unchecked ; Unchecked ; Inapplicable ; Unchecked    ; Inapplicable ; Inapplicable ; Inapplicable ; Inapplicable ; Unchecked    ; Inapplicable ; Inapplicable ; Inapplicable ; Inapplicable ; Pass         ; Inapplicable ; Inapplicable ; Inapplicable ; Inapplicable ; Inapplicable ; Unchecked ; Inapplicable ; Inapplicable ;
; ciphertext[50]     ; Inapplicable ; Inapplicable ; Inapplicable ; Inapplicable ; Inapplicable ; Unchecked ; Inapplicable ; Inapplicable ; Unchecked ; Unchecked ; Inapplicable ; Unchecked    ; Inapplicable ; Inapplicable ; Inapplicable ; Inapplicable ; Unchecked    ; Inapplicable ; Inapplicable ; Inapplicable ; Inapplicable ; Pass         ; Inapplicable ; Inapplicable ; Inapplicable ; Inapplicable ; Inapplicable ; Unchecked ; Inapplicable ; Inapplicable ;
; ciphertext[51]     ; Inapplicable ; Inapplicable ; Inapplicable ; Inapplicable ; Inapplicable ; Unchecked ; Inapplicable ; Inapplicable ; Unchecked ; Unchecked ; Inapplicable ; Unchecked    ; Inapplicable ; Inapplicable ; Inapplicable ; Inapplicable ; Unchecked    ; Inapplicable ; Inapplicable ; Inapplicable ; Inapplicable ; Pass         ; Inapplicable ; Inapplicable ; Inapplicable ; Inapplicable ; Inapplicable ; Unchecked ; Inapplicable ; Inapplicable ;
; ciphertext[52]     ; Inapplicable ; Inapplicable ; Inapplicable ; Inapplicable ; Inapplicable ; Unchecked ; Inapplicable ; Inapplicable ; Unchecked ; Unchecked ; Inapplicable ; Unchecked    ; Inapplicable ; Inapplicable ; Inapplicable ; Inapplicable ; Unchecked    ; Inapplicable ; Inapplicable ; Inapplicable ; Inapplicable ; Pass         ; Inapplicable ; Inapplicable ; Inapplicable ; Inapplicable ; Inapplicable ; Unchecked ; Inapplicable ; Inapplicable ;
; ciphertext[53]     ; Inapplicable ; Inapplicable ; Inapplicable ; Inapplicable ; Inapplicable ; Unchecked ; Inapplicable ; Inapplicable ; Unchecked ; Unchecked ; Inapplicable ; Unchecked    ; Inapplicable ; Inapplicable ; Inapplicable ; Inapplicable ; Unchecked    ; Inapplicable ; Inapplicable ; Inapplicable ; Inapplicable ; Pass         ; Inapplicable ; Inapplicable ; Inapplicable ; Inapplicable ; Inapplicable ; Unchecked ; Inapplicable ; Inapplicable ;
; ciphertext[54]     ; Inapplicable ; Inapplicable ; Inapplicable ; Inapplicable ; Inapplicable ; Unchecked ; Inapplicable ; Inapplicable ; Unchecked ; Unchecked ; Inapplicable ; Unchecked    ; Inapplicable ; Inapplicable ; Inapplicable ; Inapplicable ; Unchecked    ; Inapplicable ; Inapplicable ; Inapplicable ; Inapplicable ; Pass         ; Inapplicable ; Inapplicable ; Inapplicable ; Inapplicable ; Inapplicable ; Unchecked ; Inapplicable ; Inapplicable ;
; ciphertext[55]     ; Inapplicable ; Inapplicable ; Inapplicable ; Inapplicable ; Inapplicable ; Unchecked ; Inapplicable ; Inapplicable ; Unchecked ; Unchecked ; Inapplicable ; Unchecked    ; Inapplicable ; Inapplicable ; Inapplicable ; Inapplicable ; Unchecked    ; Inapplicable ; Inapplicable ; Inapplicable ; Inapplicable ; Pass         ; Inapplicable ; Inapplicable ; Inapplicable ; Inapplicable ; Inapplicable ; Unchecked ; Inapplicable ; Inapplicable ;
; ciphertext[56]     ; Inapplicable ; Inapplicable ; Inapplicable ; Inapplicable ; Inapplicable ; Unchecked ; Inapplicable ; Inapplicable ; Unchecked ; Unchecked ; Inapplicable ; Unchecked    ; Inapplicable ; Inapplicable ; Inapplicable ; Inapplicable ; Unchecked    ; Inapplicable ; Inapplicable ; Inapplicable ; Inapplicable ; Pass         ; Inapplicable ; Inapplicable ; Inapplicable ; Inapplicable ; Inapplicable ; Unchecked ; Inapplicable ; Inapplicable ;
; ciphertext[57]     ; Inapplicable ; Inapplicable ; Inapplicable ; Inapplicable ; Inapplicable ; Unchecked ; Inapplicable ; Inapplicable ; Unchecked ; Unchecked ; Inapplicable ; Unchecked    ; Inapplicable ; Inapplicable ; Inapplicable ; Inapplicable ; Unchecked    ; Inapplicable ; Inapplicable ; Inapplicable ; Inapplicable ; Pass         ; Inapplicable ; Inapplicable ; Inapplicable ; Inapplicable ; Inapplicable ; Unchecked ; Inapplicable ; Inapplicable ;
; ciphertext[58]     ; Inapplicable ; Inapplicable ; Inapplicable ; Inapplicable ; Inapplicable ; Unchecked ; Inapplicable ; Inapplicable ; Unchecked ; Unchecked ; Inapplicable ; Unchecked    ; Inapplicable ; Inapplicable ; Inapplicable ; Inapplicable ; Unchecked    ; Inapplicable ; Inapplicable ; Inapplicable ; Inapplicable ; Pass         ; Inapplicable ; Inapplicable ; Inapplicable ; Inapplicable ; Inapplicable ; Unchecked ; Inapplicable ; Inapplicable ;
; ciphertext[59]     ; Inapplicable ; Inapplicable ; Inapplicable ; Inapplicable ; Inapplicable ; Unchecked ; Inapplicable ; Inapplicable ; Unchecked ; Unchecked ; Inapplicable ; Unchecked    ; Inapplicable ; Inapplicable ; Inapplicable ; Inapplicable ; Unchecked    ; Inapplicable ; Inapplicable ; Inapplicable ; Inapplicable ; Pass         ; Inapplicable ; Inapplicable ; Inapplicable ; Inapplicable ; Inapplicable ; Unchecked ; Inapplicable ; Inapplicable ;
; ciphertext[60]     ; Inapplicable ; Inapplicable ; Inapplicable ; Inapplicable ; Inapplicable ; Unchecked ; Inapplicable ; Inapplicable ; Unchecked ; Unchecked ; Inapplicable ; Unchecked    ; Inapplicable ; Inapplicable ; Inapplicable ; Inapplicable ; Unchecked    ; Inapplicable ; Inapplicable ; Inapplicable ; Inapplicable ; Pass         ; Inapplicable ; Inapplicable ; Inapplicable ; Inapplicable ; Inapplicable ; Unchecked ; Inapplicable ; Inapplicable ;
; ciphertext[61]     ; Inapplicable ; Inapplicable ; Inapplicable ; Inapplicable ; Inapplicable ; Unchecked ; Inapplicable ; Inapplicable ; Unchecked ; Unchecked ; Inapplicable ; Unchecked    ; Inapplicable ; Inapplicable ; Inapplicable ; Inapplicable ; Unchecked    ; Inapplicable ; Inapplicable ; Inapplicable ; Inapplicable ; Pass         ; Inapplicable ; Inapplicable ; Inapplicable ; Inapplicable ; Inapplicable ; Unchecked ; Inapplicable ; Inapplicable ;
; ciphertext[62]     ; Inapplicable ; Inapplicable ; Inapplicable ; Inapplicable ; Inapplicable ; Unchecked ; Inapplicable ; Inapplicable ; Unchecked ; Unchecked ; Inapplicable ; Unchecked    ; Inapplicable ; Inapplicable ; Inapplicable ; Inapplicable ; Unchecked    ; Inapplicable ; Inapplicable ; Inapplicable ; Inapplicable ; Pass         ; Inapplicable ; Inapplicable ; Inapplicable ; Inapplicable ; Inapplicable ; Unchecked ; Inapplicable ; Inapplicable ;
; ciphertext[63]     ; Inapplicable ; Inapplicable ; Inapplicable ; Inapplicable ; Inapplicable ; Unchecked ; Inapplicable ; Inapplicable ; Unchecked ; Unchecked ; Inapplicable ; Unchecked    ; Inapplicable ; Inapplicable ; Inapplicable ; Inapplicable ; Unchecked    ; Inapplicable ; Inapplicable ; Inapplicable ; Inapplicable ; Pass         ; Inapplicable ; Inapplicable ; Inapplicable ; Inapplicable ; Inapplicable ; Unchecked ; Inapplicable ; Inapplicable ;
; ciphertext[64]     ; Inapplicable ; Inapplicable ; Inapplicable ; Inapplicable ; Inapplicable ; Unchecked ; Inapplicable ; Inapplicable ; Unchecked ; Unchecked ; Inapplicable ; Unchecked    ; Inapplicable ; Inapplicable ; Inapplicable ; Inapplicable ; Unchecked    ; Inapplicable ; Inapplicable ; Inapplicable ; Inapplicable ; Pass         ; Inapplicable ; Inapplicable ; Inapplicable ; Inapplicable ; Inapplicable ; Unchecked ; Inapplicable ; Inapplicable ;
; ciphertext[65]     ; Inapplicable ; Inapplicable ; Inapplicable ; Inapplicable ; Inapplicable ; Unchecked ; Inapplicable ; Inapplicable ; Unchecked ; Unchecked ; Inapplicable ; Unchecked    ; Inapplicable ; Inapplicable ; Inapplicable ; Inapplicable ; Unchecked    ; Inapplicable ; Inapplicable ; Inapplicable ; Inapplicable ; Pass         ; Inapplicable ; Inapplicable ; Inapplicable ; Inapplicable ; Inapplicable ; Unchecked ; Inapplicable ; Inapplicable ;
; ciphertext[66]     ; Inapplicable ; Inapplicable ; Inapplicable ; Inapplicable ; Inapplicable ; Unchecked ; Inapplicable ; Inapplicable ; Unchecked ; Unchecked ; Inapplicable ; Unchecked    ; Inapplicable ; Inapplicable ; Inapplicable ; Inapplicable ; Unchecked    ; Inapplicable ; Inapplicable ; Inapplicable ; Inapplicable ; Pass         ; Inapplicable ; Inapplicable ; Inapplicable ; Inapplicable ; Inapplicable ; Unchecked ; Inapplicable ; Inapplicable ;
; ciphertext[67]     ; Inapplicable ; Inapplicable ; Inapplicable ; Inapplicable ; Inapplicable ; Unchecked ; Inapplicable ; Inapplicable ; Unchecked ; Unchecked ; Inapplicable ; Unchecked    ; Inapplicable ; Inapplicable ; Inapplicable ; Inapplicable ; Unchecked    ; Inapplicable ; Inapplicable ; Inapplicable ; Inapplicable ; Pass         ; Inapplicable ; Inapplicable ; Inapplicable ; Inapplicable ; Inapplicable ; Unchecked ; Inapplicable ; Inapplicable ;
; ciphertext[68]     ; Inapplicable ; Inapplicable ; Inapplicable ; Inapplicable ; Inapplicable ; Unchecked ; Inapplicable ; Inapplicable ; Unchecked ; Unchecked ; Inapplicable ; Unchecked    ; Inapplicable ; Inapplicable ; Inapplicable ; Inapplicable ; Unchecked    ; Inapplicable ; Inapplicable ; Inapplicable ; Inapplicable ; Pass         ; Inapplicable ; Inapplicable ; Inapplicable ; Inapplicable ; Inapplicable ; Unchecked ; Inapplicable ; Inapplicable ;
; ciphertext[69]     ; Inapplicable ; Inapplicable ; Inapplicable ; Inapplicable ; Inapplicable ; Unchecked ; Inapplicable ; Inapplicable ; Unchecked ; Unchecked ; Inapplicable ; Unchecked    ; Inapplicable ; Inapplicable ; Inapplicable ; Inapplicable ; Unchecked    ; Inapplicable ; Inapplicable ; Inapplicable ; Inapplicable ; Pass         ; Inapplicable ; Inapplicable ; Inapplicable ; Inapplicable ; Inapplicable ; Unchecked ; Inapplicable ; Inapplicable ;
; ciphertext[70]     ; Inapplicable ; Inapplicable ; Inapplicable ; Inapplicable ; Inapplicable ; Unchecked ; Inapplicable ; Inapplicable ; Unchecked ; Unchecked ; Inapplicable ; Unchecked    ; Inapplicable ; Inapplicable ; Inapplicable ; Inapplicable ; Unchecked    ; Inapplicable ; Inapplicable ; Inapplicable ; Inapplicable ; Pass         ; Inapplicable ; Inapplicable ; Inapplicable ; Inapplicable ; Inapplicable ; Unchecked ; Inapplicable ; Inapplicable ;
; ciphertext[71]     ; Inapplicable ; Inapplicable ; Inapplicable ; Inapplicable ; Inapplicable ; Unchecked ; Inapplicable ; Inapplicable ; Unchecked ; Unchecked ; Inapplicable ; Unchecked    ; Inapplicable ; Inapplicable ; Inapplicable ; Inapplicable ; Unchecked    ; Inapplicable ; Inapplicable ; Inapplicable ; Inapplicable ; Pass         ; Inapplicable ; Inapplicable ; Inapplicable ; Inapplicable ; Inapplicable ; Unchecked ; Inapplicable ; Inapplicable ;
; ciphertext[72]     ; Inapplicable ; Inapplicable ; Inapplicable ; Inapplicable ; Inapplicable ; Unchecked ; Inapplicable ; Inapplicable ; Unchecked ; Unchecked ; Inapplicable ; Unchecked    ; Inapplicable ; Inapplicable ; Inapplicable ; Inapplicable ; Unchecked    ; Inapplicable ; Inapplicable ; Inapplicable ; Inapplicable ; Pass         ; Inapplicable ; Inapplicable ; Inapplicable ; Inapplicable ; Inapplicable ; Unchecked ; Inapplicable ; Inapplicable ;
; ciphertext[73]     ; Inapplicable ; Inapplicable ; Inapplicable ; Inapplicable ; Inapplicable ; Unchecked ; Inapplicable ; Inapplicable ; Unchecked ; Unchecked ; Inapplicable ; Unchecked    ; Inapplicable ; Inapplicable ; Inapplicable ; Inapplicable ; Unchecked    ; Inapplicable ; Inapplicable ; Inapplicable ; Inapplicable ; Pass         ; Inapplicable ; Inapplicable ; Inapplicable ; Inapplicable ; Inapplicable ; Unchecked ; Inapplicable ; Inapplicable ;
; ciphertext[74]     ; Inapplicable ; Inapplicable ; Inapplicable ; Inapplicable ; Inapplicable ; Unchecked ; Inapplicable ; Inapplicable ; Unchecked ; Unchecked ; Inapplicable ; Unchecked    ; Inapplicable ; Inapplicable ; Inapplicable ; Inapplicable ; Unchecked    ; Inapplicable ; Inapplicable ; Inapplicable ; Inapplicable ; Pass         ; Inapplicable ; Inapplicable ; Inapplicable ; Inapplicable ; Inapplicable ; Unchecked ; Inapplicable ; Inapplicable ;
; ciphertext[75]     ; Inapplicable ; Inapplicable ; Inapplicable ; Inapplicable ; Inapplicable ; Unchecked ; Inapplicable ; Inapplicable ; Unchecked ; Unchecked ; Inapplicable ; Unchecked    ; Inapplicable ; Inapplicable ; Inapplicable ; Inapplicable ; Unchecked    ; Inapplicable ; Inapplicable ; Inapplicable ; Inapplicable ; Pass         ; Inapplicable ; Inapplicable ; Inapplicable ; Inapplicable ; Inapplicable ; Unchecked ; Inapplicable ; Inapplicable ;
; ciphertext[76]     ; Inapplicable ; Inapplicable ; Inapplicable ; Inapplicable ; Inapplicable ; Unchecked ; Inapplicable ; Inapplicable ; Unchecked ; Unchecked ; Inapplicable ; Unchecked    ; Inapplicable ; Inapplicable ; Inapplicable ; Inapplicable ; Unchecked    ; Inapplicable ; Inapplicable ; Inapplicable ; Inapplicable ; Pass         ; Inapplicable ; Inapplicable ; Inapplicable ; Inapplicable ; Inapplicable ; Unchecked ; Inapplicable ; Inapplicable ;
; ciphertext[77]     ; Inapplicable ; Inapplicable ; Inapplicable ; Inapplicable ; Inapplicable ; Unchecked ; Inapplicable ; Inapplicable ; Unchecked ; Unchecked ; Inapplicable ; Unchecked    ; Inapplicable ; Inapplicable ; Inapplicable ; Inapplicable ; Unchecked    ; Inapplicable ; Inapplicable ; Inapplicable ; Inapplicable ; Pass         ; Inapplicable ; Inapplicable ; Inapplicable ; Inapplicable ; Inapplicable ; Unchecked ; Inapplicable ; Inapplicable ;
; ciphertext[78]     ; Inapplicable ; Inapplicable ; Inapplicable ; Inapplicable ; Inapplicable ; Unchecked ; Inapplicable ; Inapplicable ; Unchecked ; Unchecked ; Inapplicable ; Unchecked    ; Inapplicable ; Inapplicable ; Inapplicable ; Inapplicable ; Unchecked    ; Inapplicable ; Inapplicable ; Inapplicable ; Inapplicable ; Pass         ; Inapplicable ; Inapplicable ; Inapplicable ; Inapplicable ; Inapplicable ; Unchecked ; Inapplicable ; Inapplicable ;
; ciphertext[79]     ; Inapplicable ; Inapplicable ; Inapplicable ; Inapplicable ; Inapplicable ; Unchecked ; Inapplicable ; Inapplicable ; Unchecked ; Unchecked ; Inapplicable ; Unchecked    ; Inapplicable ; Inapplicable ; Inapplicable ; Inapplicable ; Unchecked    ; Inapplicable ; Inapplicable ; Inapplicable ; Inapplicable ; Pass         ; Inapplicable ; Inapplicable ; Inapplicable ; Inapplicable ; Inapplicable ; Unchecked ; Inapplicable ; Inapplicable ;
; ciphertext[80]     ; Inapplicable ; Inapplicable ; Inapplicable ; Inapplicable ; Inapplicable ; Unchecked ; Inapplicable ; Inapplicable ; Unchecked ; Unchecked ; Inapplicable ; Unchecked    ; Inapplicable ; Inapplicable ; Inapplicable ; Inapplicable ; Unchecked    ; Inapplicable ; Inapplicable ; Inapplicable ; Inapplicable ; Pass         ; Inapplicable ; Inapplicable ; Inapplicable ; Inapplicable ; Inapplicable ; Unchecked ; Inapplicable ; Inapplicable ;
; ciphertext[81]     ; Inapplicable ; Inapplicable ; Inapplicable ; Inapplicable ; Inapplicable ; Unchecked ; Inapplicable ; Inapplicable ; Unchecked ; Unchecked ; Inapplicable ; Unchecked    ; Inapplicable ; Inapplicable ; Inapplicable ; Inapplicable ; Unchecked    ; Inapplicable ; Inapplicable ; Inapplicable ; Inapplicable ; Pass         ; Inapplicable ; Inapplicable ; Inapplicable ; Inapplicable ; Inapplicable ; Unchecked ; Inapplicable ; Inapplicable ;
; ciphertext[82]     ; Inapplicable ; Inapplicable ; Inapplicable ; Inapplicable ; Inapplicable ; Unchecked ; Inapplicable ; Inapplicable ; Unchecked ; Unchecked ; Inapplicable ; Unchecked    ; Inapplicable ; Inapplicable ; Inapplicable ; Inapplicable ; Unchecked    ; Inapplicable ; Inapplicable ; Inapplicable ; Inapplicable ; Pass         ; Inapplicable ; Inapplicable ; Inapplicable ; Inapplicable ; Inapplicable ; Unchecked ; Inapplicable ; Inapplicable ;
; ciphertext[83]     ; Inapplicable ; Inapplicable ; Inapplicable ; Inapplicable ; Inapplicable ; Unchecked ; Inapplicable ; Inapplicable ; Unchecked ; Unchecked ; Inapplicable ; Unchecked    ; Inapplicable ; Inapplicable ; Inapplicable ; Inapplicable ; Unchecked    ; Inapplicable ; Inapplicable ; Inapplicable ; Inapplicable ; Pass         ; Inapplicable ; Inapplicable ; Inapplicable ; Inapplicable ; Inapplicable ; Unchecked ; Inapplicable ; Inapplicable ;
; ciphertext[84]     ; Inapplicable ; Inapplicable ; Inapplicable ; Inapplicable ; Inapplicable ; Unchecked ; Inapplicable ; Inapplicable ; Unchecked ; Unchecked ; Inapplicable ; Unchecked    ; Inapplicable ; Inapplicable ; Inapplicable ; Inapplicable ; Unchecked    ; Inapplicable ; Inapplicable ; Inapplicable ; Inapplicable ; Pass         ; Inapplicable ; Inapplicable ; Inapplicable ; Inapplicable ; Inapplicable ; Unchecked ; Inapplicable ; Inapplicable ;
; ciphertext[85]     ; Inapplicable ; Inapplicable ; Inapplicable ; Inapplicable ; Inapplicable ; Unchecked ; Inapplicable ; Inapplicable ; Unchecked ; Unchecked ; Inapplicable ; Unchecked    ; Inapplicable ; Inapplicable ; Inapplicable ; Inapplicable ; Unchecked    ; Inapplicable ; Inapplicable ; Inapplicable ; Inapplicable ; Pass         ; Inapplicable ; Inapplicable ; Inapplicable ; Inapplicable ; Inapplicable ; Unchecked ; Inapplicable ; Inapplicable ;
; ciphertext[86]     ; Inapplicable ; Inapplicable ; Inapplicable ; Inapplicable ; Inapplicable ; Unchecked ; Inapplicable ; Inapplicable ; Unchecked ; Unchecked ; Inapplicable ; Unchecked    ; Inapplicable ; Inapplicable ; Inapplicable ; Inapplicable ; Unchecked    ; Inapplicable ; Inapplicable ; Inapplicable ; Inapplicable ; Pass         ; Inapplicable ; Inapplicable ; Inapplicable ; Inapplicable ; Inapplicable ; Unchecked ; Inapplicable ; Inapplicable ;
; ciphertext[87]     ; Inapplicable ; Inapplicable ; Inapplicable ; Inapplicable ; Inapplicable ; Unchecked ; Inapplicable ; Inapplicable ; Unchecked ; Unchecked ; Inapplicable ; Unchecked    ; Inapplicable ; Inapplicable ; Inapplicable ; Inapplicable ; Unchecked    ; Inapplicable ; Inapplicable ; Inapplicable ; Inapplicable ; Pass         ; Inapplicable ; Inapplicable ; Inapplicable ; Inapplicable ; Inapplicable ; Unchecked ; Inapplicable ; Inapplicable ;
; ciphertext[88]     ; Inapplicable ; Inapplicable ; Inapplicable ; Inapplicable ; Inapplicable ; Unchecked ; Inapplicable ; Inapplicable ; Unchecked ; Unchecked ; Inapplicable ; Unchecked    ; Inapplicable ; Inapplicable ; Inapplicable ; Inapplicable ; Unchecked    ; Inapplicable ; Inapplicable ; Inapplicable ; Inapplicable ; Pass         ; Inapplicable ; Inapplicable ; Inapplicable ; Inapplicable ; Inapplicable ; Unchecked ; Inapplicable ; Inapplicable ;
; ciphertext[89]     ; Inapplicable ; Inapplicable ; Inapplicable ; Inapplicable ; Inapplicable ; Unchecked ; Inapplicable ; Inapplicable ; Unchecked ; Unchecked ; Inapplicable ; Unchecked    ; Inapplicable ; Inapplicable ; Inapplicable ; Inapplicable ; Unchecked    ; Inapplicable ; Inapplicable ; Inapplicable ; Inapplicable ; Pass         ; Inapplicable ; Inapplicable ; Inapplicable ; Inapplicable ; Inapplicable ; Unchecked ; Inapplicable ; Inapplicable ;
; ciphertext[90]     ; Inapplicable ; Inapplicable ; Inapplicable ; Inapplicable ; Inapplicable ; Unchecked ; Inapplicable ; Inapplicable ; Unchecked ; Unchecked ; Inapplicable ; Unchecked    ; Inapplicable ; Inapplicable ; Inapplicable ; Inapplicable ; Unchecked    ; Inapplicable ; Inapplicable ; Inapplicable ; Inapplicable ; Pass         ; Inapplicable ; Inapplicable ; Inapplicable ; Inapplicable ; Inapplicable ; Unchecked ; Inapplicable ; Inapplicable ;
; ciphertext[91]     ; Inapplicable ; Inapplicable ; Inapplicable ; Inapplicable ; Inapplicable ; Unchecked ; Inapplicable ; Inapplicable ; Unchecked ; Unchecked ; Inapplicable ; Unchecked    ; Inapplicable ; Inapplicable ; Inapplicable ; Inapplicable ; Unchecked    ; Inapplicable ; Inapplicable ; Inapplicable ; Inapplicable ; Pass         ; Inapplicable ; Inapplicable ; Inapplicable ; Inapplicable ; Inapplicable ; Unchecked ; Inapplicable ; Inapplicable ;
; ciphertext[92]     ; Inapplicable ; Inapplicable ; Inapplicable ; Inapplicable ; Inapplicable ; Unchecked ; Inapplicable ; Inapplicable ; Unchecked ; Unchecked ; Inapplicable ; Unchecked    ; Inapplicable ; Inapplicable ; Inapplicable ; Inapplicable ; Unchecked    ; Inapplicable ; Inapplicable ; Inapplicable ; Inapplicable ; Pass         ; Inapplicable ; Inapplicable ; Inapplicable ; Inapplicable ; Inapplicable ; Unchecked ; Inapplicable ; Inapplicable ;
; ciphertext[93]     ; Inapplicable ; Inapplicable ; Inapplicable ; Inapplicable ; Inapplicable ; Unchecked ; Inapplicable ; Inapplicable ; Unchecked ; Unchecked ; Inapplicable ; Unchecked    ; Inapplicable ; Inapplicable ; Inapplicable ; Inapplicable ; Unchecked    ; Inapplicable ; Inapplicable ; Inapplicable ; Inapplicable ; Pass         ; Inapplicable ; Inapplicable ; Inapplicable ; Inapplicable ; Inapplicable ; Unchecked ; Inapplicable ; Inapplicable ;
; ciphertext[94]     ; Inapplicable ; Inapplicable ; Inapplicable ; Inapplicable ; Inapplicable ; Unchecked ; Inapplicable ; Inapplicable ; Unchecked ; Unchecked ; Inapplicable ; Unchecked    ; Inapplicable ; Inapplicable ; Inapplicable ; Inapplicable ; Unchecked    ; Inapplicable ; Inapplicable ; Inapplicable ; Inapplicable ; Pass         ; Inapplicable ; Inapplicable ; Inapplicable ; Inapplicable ; Inapplicable ; Unchecked ; Inapplicable ; Inapplicable ;
; ciphertext[95]     ; Inapplicable ; Inapplicable ; Inapplicable ; Inapplicable ; Inapplicable ; Unchecked ; Inapplicable ; Inapplicable ; Unchecked ; Unchecked ; Inapplicable ; Unchecked    ; Inapplicable ; Inapplicable ; Inapplicable ; Inapplicable ; Unchecked    ; Inapplicable ; Inapplicable ; Inapplicable ; Inapplicable ; Pass         ; Inapplicable ; Inapplicable ; Inapplicable ; Inapplicable ; Inapplicable ; Unchecked ; Inapplicable ; Inapplicable ;
; ciphertext[96]     ; Inapplicable ; Inapplicable ; Inapplicable ; Inapplicable ; Inapplicable ; Unchecked ; Inapplicable ; Inapplicable ; Unchecked ; Unchecked ; Inapplicable ; Unchecked    ; Inapplicable ; Inapplicable ; Inapplicable ; Inapplicable ; Unchecked    ; Inapplicable ; Inapplicable ; Inapplicable ; Inapplicable ; Pass         ; Inapplicable ; Inapplicable ; Inapplicable ; Inapplicable ; Inapplicable ; Unchecked ; Inapplicable ; Inapplicable ;
; ciphertext[97]     ; Inapplicable ; Inapplicable ; Inapplicable ; Inapplicable ; Inapplicable ; Unchecked ; Inapplicable ; Inapplicable ; Unchecked ; Unchecked ; Inapplicable ; Unchecked    ; Inapplicable ; Inapplicable ; Inapplicable ; Inapplicable ; Unchecked    ; Inapplicable ; Inapplicable ; Inapplicable ; Inapplicable ; Pass         ; Inapplicable ; Inapplicable ; Inapplicable ; Inapplicable ; Inapplicable ; Unchecked ; Inapplicable ; Inapplicable ;
; ciphertext[98]     ; Inapplicable ; Inapplicable ; Inapplicable ; Inapplicable ; Inapplicable ; Unchecked ; Inapplicable ; Inapplicable ; Unchecked ; Unchecked ; Inapplicable ; Unchecked    ; Inapplicable ; Inapplicable ; Inapplicable ; Inapplicable ; Unchecked    ; Inapplicable ; Inapplicable ; Inapplicable ; Inapplicable ; Pass         ; Inapplicable ; Inapplicable ; Inapplicable ; Inapplicable ; Inapplicable ; Unchecked ; Inapplicable ; Inapplicable ;
; ciphertext[99]     ; Inapplicable ; Inapplicable ; Inapplicable ; Inapplicable ; Inapplicable ; Unchecked ; Inapplicable ; Inapplicable ; Unchecked ; Unchecked ; Inapplicable ; Unchecked    ; Inapplicable ; Inapplicable ; Inapplicable ; Inapplicable ; Unchecked    ; Inapplicable ; Inapplicable ; Inapplicable ; Inapplicable ; Pass         ; Inapplicable ; Inapplicable ; Inapplicable ; Inapplicable ; Inapplicable ; Unchecked ; Inapplicable ; Inapplicable ;
; ciphertext[100]    ; Inapplicable ; Inapplicable ; Inapplicable ; Inapplicable ; Inapplicable ; Unchecked ; Inapplicable ; Inapplicable ; Unchecked ; Unchecked ; Inapplicable ; Unchecked    ; Inapplicable ; Inapplicable ; Inapplicable ; Inapplicable ; Unchecked    ; Inapplicable ; Inapplicable ; Inapplicable ; Inapplicable ; Pass         ; Inapplicable ; Inapplicable ; Inapplicable ; Inapplicable ; Inapplicable ; Unchecked ; Inapplicable ; Inapplicable ;
; ciphertext[101]    ; Inapplicable ; Inapplicable ; Inapplicable ; Inapplicable ; Inapplicable ; Unchecked ; Inapplicable ; Inapplicable ; Unchecked ; Unchecked ; Inapplicable ; Unchecked    ; Inapplicable ; Inapplicable ; Inapplicable ; Inapplicable ; Unchecked    ; Inapplicable ; Inapplicable ; Inapplicable ; Inapplicable ; Pass         ; Inapplicable ; Inapplicable ; Inapplicable ; Inapplicable ; Inapplicable ; Unchecked ; Inapplicable ; Inapplicable ;
; ciphertext[102]    ; Inapplicable ; Inapplicable ; Inapplicable ; Inapplicable ; Inapplicable ; Unchecked ; Inapplicable ; Inapplicable ; Unchecked ; Unchecked ; Inapplicable ; Unchecked    ; Inapplicable ; Inapplicable ; Inapplicable ; Inapplicable ; Unchecked    ; Inapplicable ; Inapplicable ; Inapplicable ; Inapplicable ; Pass         ; Inapplicable ; Inapplicable ; Inapplicable ; Inapplicable ; Inapplicable ; Unchecked ; Inapplicable ; Inapplicable ;
; ciphertext[103]    ; Inapplicable ; Inapplicable ; Inapplicable ; Inapplicable ; Inapplicable ; Unchecked ; Inapplicable ; Inapplicable ; Unchecked ; Unchecked ; Inapplicable ; Unchecked    ; Inapplicable ; Inapplicable ; Inapplicable ; Inapplicable ; Unchecked    ; Inapplicable ; Inapplicable ; Inapplicable ; Inapplicable ; Pass         ; Inapplicable ; Inapplicable ; Inapplicable ; Inapplicable ; Inapplicable ; Unchecked ; Inapplicable ; Inapplicable ;
; ciphertext[104]    ; Inapplicable ; Inapplicable ; Inapplicable ; Inapplicable ; Inapplicable ; Unchecked ; Inapplicable ; Inapplicable ; Unchecked ; Unchecked ; Inapplicable ; Unchecked    ; Inapplicable ; Inapplicable ; Inapplicable ; Inapplicable ; Unchecked    ; Inapplicable ; Inapplicable ; Inapplicable ; Inapplicable ; Pass         ; Inapplicable ; Inapplicable ; Inapplicable ; Inapplicable ; Inapplicable ; Unchecked ; Inapplicable ; Inapplicable ;
; ciphertext[105]    ; Inapplicable ; Inapplicable ; Inapplicable ; Inapplicable ; Inapplicable ; Unchecked ; Inapplicable ; Inapplicable ; Unchecked ; Unchecked ; Inapplicable ; Unchecked    ; Inapplicable ; Inapplicable ; Inapplicable ; Inapplicable ; Unchecked    ; Inapplicable ; Inapplicable ; Inapplicable ; Inapplicable ; Pass         ; Inapplicable ; Inapplicable ; Inapplicable ; Inapplicable ; Inapplicable ; Unchecked ; Inapplicable ; Inapplicable ;
; ciphertext[106]    ; Inapplicable ; Inapplicable ; Inapplicable ; Inapplicable ; Inapplicable ; Unchecked ; Inapplicable ; Inapplicable ; Unchecked ; Unchecked ; Inapplicable ; Unchecked    ; Inapplicable ; Inapplicable ; Inapplicable ; Inapplicable ; Unchecked    ; Inapplicable ; Inapplicable ; Inapplicable ; Inapplicable ; Pass         ; Inapplicable ; Inapplicable ; Inapplicable ; Inapplicable ; Inapplicable ; Unchecked ; Inapplicable ; Inapplicable ;
; ciphertext[107]    ; Inapplicable ; Inapplicable ; Inapplicable ; Inapplicable ; Inapplicable ; Unchecked ; Inapplicable ; Inapplicable ; Unchecked ; Unchecked ; Inapplicable ; Unchecked    ; Inapplicable ; Inapplicable ; Inapplicable ; Inapplicable ; Unchecked    ; Inapplicable ; Inapplicable ; Inapplicable ; Inapplicable ; Pass         ; Inapplicable ; Inapplicable ; Inapplicable ; Inapplicable ; Inapplicable ; Unchecked ; Inapplicable ; Inapplicable ;
; ciphertext[108]    ; Inapplicable ; Inapplicable ; Inapplicable ; Inapplicable ; Inapplicable ; Unchecked ; Inapplicable ; Inapplicable ; Unchecked ; Unchecked ; Inapplicable ; Unchecked    ; Inapplicable ; Inapplicable ; Inapplicable ; Inapplicable ; Unchecked    ; Inapplicable ; Inapplicable ; Inapplicable ; Inapplicable ; Pass         ; Inapplicable ; Inapplicable ; Inapplicable ; Inapplicable ; Inapplicable ; Unchecked ; Inapplicable ; Inapplicable ;
; ciphertext[109]    ; Inapplicable ; Inapplicable ; Inapplicable ; Inapplicable ; Inapplicable ; Unchecked ; Inapplicable ; Inapplicable ; Unchecked ; Unchecked ; Inapplicable ; Unchecked    ; Inapplicable ; Inapplicable ; Inapplicable ; Inapplicable ; Unchecked    ; Inapplicable ; Inapplicable ; Inapplicable ; Inapplicable ; Pass         ; Inapplicable ; Inapplicable ; Inapplicable ; Inapplicable ; Inapplicable ; Unchecked ; Inapplicable ; Inapplicable ;
; ciphertext[110]    ; Inapplicable ; Inapplicable ; Inapplicable ; Inapplicable ; Inapplicable ; Unchecked ; Inapplicable ; Inapplicable ; Unchecked ; Unchecked ; Inapplicable ; Unchecked    ; Inapplicable ; Inapplicable ; Inapplicable ; Inapplicable ; Unchecked    ; Inapplicable ; Inapplicable ; Inapplicable ; Inapplicable ; Pass         ; Inapplicable ; Inapplicable ; Inapplicable ; Inapplicable ; Inapplicable ; Unchecked ; Inapplicable ; Inapplicable ;
; ciphertext[111]    ; Inapplicable ; Inapplicable ; Inapplicable ; Inapplicable ; Inapplicable ; Unchecked ; Inapplicable ; Inapplicable ; Unchecked ; Unchecked ; Inapplicable ; Unchecked    ; Inapplicable ; Inapplicable ; Inapplicable ; Inapplicable ; Unchecked    ; Inapplicable ; Inapplicable ; Inapplicable ; Inapplicable ; Pass         ; Inapplicable ; Inapplicable ; Inapplicable ; Inapplicable ; Inapplicable ; Unchecked ; Inapplicable ; Inapplicable ;
; ciphertext[112]    ; Inapplicable ; Inapplicable ; Inapplicable ; Inapplicable ; Inapplicable ; Unchecked ; Inapplicable ; Inapplicable ; Unchecked ; Unchecked ; Inapplicable ; Unchecked    ; Inapplicable ; Inapplicable ; Inapplicable ; Inapplicable ; Unchecked    ; Inapplicable ; Inapplicable ; Inapplicable ; Inapplicable ; Pass         ; Inapplicable ; Inapplicable ; Inapplicable ; Inapplicable ; Inapplicable ; Unchecked ; Inapplicable ; Inapplicable ;
; ciphertext[113]    ; Inapplicable ; Inapplicable ; Inapplicable ; Inapplicable ; Inapplicable ; Unchecked ; Inapplicable ; Inapplicable ; Unchecked ; Unchecked ; Inapplicable ; Unchecked    ; Inapplicable ; Inapplicable ; Inapplicable ; Inapplicable ; Unchecked    ; Inapplicable ; Inapplicable ; Inapplicable ; Inapplicable ; Pass         ; Inapplicable ; Inapplicable ; Inapplicable ; Inapplicable ; Inapplicable ; Unchecked ; Inapplicable ; Inapplicable ;
; ciphertext[114]    ; Inapplicable ; Inapplicable ; Inapplicable ; Inapplicable ; Inapplicable ; Unchecked ; Inapplicable ; Inapplicable ; Unchecked ; Unchecked ; Inapplicable ; Unchecked    ; Inapplicable ; Inapplicable ; Inapplicable ; Inapplicable ; Unchecked    ; Inapplicable ; Inapplicable ; Inapplicable ; Inapplicable ; Pass         ; Inapplicable ; Inapplicable ; Inapplicable ; Inapplicable ; Inapplicable ; Unchecked ; Inapplicable ; Inapplicable ;
; ciphertext[115]    ; Inapplicable ; Inapplicable ; Inapplicable ; Inapplicable ; Inapplicable ; Unchecked ; Inapplicable ; Inapplicable ; Unchecked ; Unchecked ; Inapplicable ; Unchecked    ; Inapplicable ; Inapplicable ; Inapplicable ; Inapplicable ; Unchecked    ; Inapplicable ; Inapplicable ; Inapplicable ; Inapplicable ; Pass         ; Inapplicable ; Inapplicable ; Inapplicable ; Inapplicable ; Inapplicable ; Unchecked ; Inapplicable ; Inapplicable ;
; ciphertext[116]    ; Inapplicable ; Inapplicable ; Inapplicable ; Inapplicable ; Inapplicable ; Unchecked ; Inapplicable ; Inapplicable ; Unchecked ; Unchecked ; Inapplicable ; Unchecked    ; Inapplicable ; Inapplicable ; Inapplicable ; Inapplicable ; Unchecked    ; Inapplicable ; Inapplicable ; Inapplicable ; Inapplicable ; Pass         ; Inapplicable ; Inapplicable ; Inapplicable ; Inapplicable ; Inapplicable ; Unchecked ; Inapplicable ; Inapplicable ;
; ciphertext[117]    ; Inapplicable ; Inapplicable ; Inapplicable ; Inapplicable ; Inapplicable ; Unchecked ; Inapplicable ; Inapplicable ; Unchecked ; Unchecked ; Inapplicable ; Unchecked    ; Inapplicable ; Inapplicable ; Inapplicable ; Inapplicable ; Unchecked    ; Inapplicable ; Inapplicable ; Inapplicable ; Inapplicable ; Pass         ; Inapplicable ; Inapplicable ; Inapplicable ; Inapplicable ; Inapplicable ; Unchecked ; Inapplicable ; Inapplicable ;
; ciphertext[118]    ; Inapplicable ; Inapplicable ; Inapplicable ; Inapplicable ; Inapplicable ; Unchecked ; Inapplicable ; Inapplicable ; Unchecked ; Unchecked ; Inapplicable ; Unchecked    ; Inapplicable ; Inapplicable ; Inapplicable ; Inapplicable ; Unchecked    ; Inapplicable ; Inapplicable ; Inapplicable ; Inapplicable ; Pass         ; Inapplicable ; Inapplicable ; Inapplicable ; Inapplicable ; Inapplicable ; Unchecked ; Inapplicable ; Inapplicable ;
; ciphertext[119]    ; Inapplicable ; Inapplicable ; Inapplicable ; Inapplicable ; Inapplicable ; Unchecked ; Inapplicable ; Inapplicable ; Unchecked ; Unchecked ; Inapplicable ; Unchecked    ; Inapplicable ; Inapplicable ; Inapplicable ; Inapplicable ; Unchecked    ; Inapplicable ; Inapplicable ; Inapplicable ; Inapplicable ; Pass         ; Inapplicable ; Inapplicable ; Inapplicable ; Inapplicable ; Inapplicable ; Unchecked ; Inapplicable ; Inapplicable ;
; ciphertext[120]    ; Inapplicable ; Inapplicable ; Inapplicable ; Inapplicable ; Inapplicable ; Unchecked ; Inapplicable ; Inapplicable ; Unchecked ; Unchecked ; Inapplicable ; Unchecked    ; Inapplicable ; Inapplicable ; Inapplicable ; Inapplicable ; Unchecked    ; Inapplicable ; Inapplicable ; Inapplicable ; Inapplicable ; Pass         ; Inapplicable ; Inapplicable ; Inapplicable ; Inapplicable ; Inapplicable ; Unchecked ; Inapplicable ; Inapplicable ;
; ciphertext[121]    ; Inapplicable ; Inapplicable ; Inapplicable ; Inapplicable ; Inapplicable ; Unchecked ; Inapplicable ; Inapplicable ; Unchecked ; Unchecked ; Inapplicable ; Unchecked    ; Inapplicable ; Inapplicable ; Inapplicable ; Inapplicable ; Unchecked    ; Inapplicable ; Inapplicable ; Inapplicable ; Inapplicable ; Pass         ; Inapplicable ; Inapplicable ; Inapplicable ; Inapplicable ; Inapplicable ; Unchecked ; Inapplicable ; Inapplicable ;
; ciphertext[122]    ; Inapplicable ; Inapplicable ; Inapplicable ; Inapplicable ; Inapplicable ; Unchecked ; Inapplicable ; Inapplicable ; Unchecked ; Unchecked ; Inapplicable ; Unchecked    ; Inapplicable ; Inapplicable ; Inapplicable ; Inapplicable ; Unchecked    ; Inapplicable ; Inapplicable ; Inapplicable ; Inapplicable ; Pass         ; Inapplicable ; Inapplicable ; Inapplicable ; Inapplicable ; Inapplicable ; Unchecked ; Inapplicable ; Inapplicable ;
; ciphertext[123]    ; Inapplicable ; Inapplicable ; Inapplicable ; Inapplicable ; Inapplicable ; Unchecked ; Inapplicable ; Inapplicable ; Unchecked ; Unchecked ; Inapplicable ; Unchecked    ; Inapplicable ; Inapplicable ; Inapplicable ; Inapplicable ; Unchecked    ; Inapplicable ; Inapplicable ; Inapplicable ; Inapplicable ; Pass         ; Inapplicable ; Inapplicable ; Inapplicable ; Inapplicable ; Inapplicable ; Unchecked ; Inapplicable ; Inapplicable ;
; ciphertext[124]    ; Inapplicable ; Inapplicable ; Inapplicable ; Inapplicable ; Inapplicable ; Unchecked ; Inapplicable ; Inapplicable ; Unchecked ; Unchecked ; Inapplicable ; Unchecked    ; Inapplicable ; Inapplicable ; Inapplicable ; Inapplicable ; Unchecked    ; Inapplicable ; Inapplicable ; Inapplicable ; Inapplicable ; Pass         ; Inapplicable ; Inapplicable ; Inapplicable ; Inapplicable ; Inapplicable ; Unchecked ; Inapplicable ; Inapplicable ;
; ciphertext[125]    ; Inapplicable ; Inapplicable ; Inapplicable ; Inapplicable ; Inapplicable ; Unchecked ; Inapplicable ; Inapplicable ; Unchecked ; Unchecked ; Inapplicable ; Unchecked    ; Inapplicable ; Inapplicable ; Inapplicable ; Inapplicable ; Unchecked    ; Inapplicable ; Inapplicable ; Inapplicable ; Inapplicable ; Pass         ; Inapplicable ; Inapplicable ; Inapplicable ; Inapplicable ; Inapplicable ; Unchecked ; Inapplicable ; Inapplicable ;
; ciphertext[126]    ; Inapplicable ; Inapplicable ; Inapplicable ; Inapplicable ; Inapplicable ; Unchecked ; Inapplicable ; Inapplicable ; Unchecked ; Unchecked ; Inapplicable ; Unchecked    ; Inapplicable ; Inapplicable ; Inapplicable ; Inapplicable ; Unchecked    ; Inapplicable ; Inapplicable ; Inapplicable ; Inapplicable ; Pass         ; Inapplicable ; Inapplicable ; Inapplicable ; Inapplicable ; Inapplicable ; Unchecked ; Inapplicable ; Inapplicable ;
; ciphertext[127]    ; Inapplicable ; Inapplicable ; Inapplicable ; Inapplicable ; Inapplicable ; Unchecked ; Inapplicable ; Inapplicable ; Unchecked ; Unchecked ; Inapplicable ; Unchecked    ; Inapplicable ; Inapplicable ; Inapplicable ; Inapplicable ; Unchecked    ; Inapplicable ; Inapplicable ; Inapplicable ; Inapplicable ; Pass         ; Inapplicable ; Inapplicable ; Inapplicable ; Inapplicable ; Inapplicable ; Unchecked ; Inapplicable ; Inapplicable ;
; done               ; Inapplicable ; Inapplicable ; Inapplicable ; Inapplicable ; Inapplicable ; Unchecked ; Inapplicable ; Inapplicable ; Unchecked ; Unchecked ; Inapplicable ; Unchecked    ; Inapplicable ; Inapplicable ; Inapplicable ; Inapplicable ; Unchecked    ; Inapplicable ; Inapplicable ; Inapplicable ; Inapplicable ; Pass         ; Inapplicable ; Inapplicable ; Inapplicable ; Inapplicable ; Inapplicable ; Unchecked ; Inapplicable ; Inapplicable ;
+--------------------+--------------+--------------+--------------+--------------+--------------+-----------+--------------+--------------+-----------+-----------+--------------+--------------+--------------+--------------+--------------+--------------+--------------+--------------+--------------+--------------+--------------+--------------+--------------+--------------+--------------+--------------+--------------+-----------+--------------+--------------+


+-------------------------------------------------------------------------------------------+
; Fitter Device Options                                                                     ;
+------------------------------------------------------------------+------------------------+
; Option                                                           ; Setting                ;
+------------------------------------------------------------------+------------------------+
; Enable user-supplied start-up clock (CLKUSR)                     ; Off                    ;
; Enable device-wide reset (DEV_CLRn)                              ; Off                    ;
; Enable device-wide output enable (DEV_OE)                        ; Off                    ;
; Enable INIT_DONE output                                          ; Off                    ;
; Configuration scheme                                             ; Internal Configuration ;
; Enable Error Detection CRC_ERROR pin                             ; Off                    ;
; Enable open drain on CRC_ERROR pin                               ; Off                    ;
; Enable nCONFIG, nSTATUS, and CONF_DONE pins                      ; On                     ;
; Enable JTAG pin sharing                                          ; Off                    ;
; Enable nCE pin                                                   ; Off                    ;
; Enable CONFIG_SEL pin                                            ; On                     ;
; Enable input tri-state on active configuration pins in user mode ; Off                    ;
; Configuration Voltage Level                                      ; Auto                   ;
; Force Configuration Voltage Level                                ; Off                    ;
; Data[0]                                                          ; Unreserved             ;
; Data[1]/ASDO                                                     ; Unreserved             ;
; FLASH_nCE/nCSO                                                   ; Unreserved             ;
; DCLK                                                             ; Unreserved             ;
+------------------------------------------------------------------+------------------------+


+------------------------------------+
; Operating Settings and Conditions  ;
+---------------------------+--------+
; Setting                   ; Value  ;
+---------------------------+--------+
; Nominal Core Voltage      ; 1.20 V ;
; Low Junction Temperature  ; 0 °C   ;
; High Junction Temperature ; 85 °C  ;
+---------------------------+--------+


+-----------------+
; Fitter Messages ;
+-----------------+
Warning (18236): Number of processors has not been specified which may cause overloading on shared machines.  Set the global assignment NUM_PARALLEL_PROCESSORS in your QSF to an appropriate value for best performance.
Info (20030): Parallel compilation is enabled and will use 12 of the 12 processors detected
Info (119006): Selected device 10M08DAF484C8G for design "aes_iterativo"
Info (21077): Low junction temperature is 0 degrees C
Info (21077): High junction temperature is 85 degrees C
Info (171003): Fitter is performing an Auto Fit compilation, which may decrease Fitter effort to reduce compilation time
Warning (292013): Feature LogicLock is only available with a valid subscription license. You can purchase a software subscription to gain full access to this feature.
Info (176444): Device migration not selected. If you intend to use device migration later, you may need to change the pin assignments as they may be incompatible with other devices
    Info (176445): Device 10M08DAF484C8GES is compatible
    Info (176445): Device 10M16DAF484C8G is compatible
    Info (176445): Device 10M25DAF484C8G is compatible
    Info (176445): Device 10M50DAF484C8GES is compatible
    Info (176445): Device 10M50DAF484C8G is compatible
    Info (176445): Device 10M40DAF484C8G is compatible
Info (169124): Fitter converted 8 user pins into dedicated programming pins
    Info (169125): Pin ~ALTERA_TMS~ is reserved at location H2
    Info (169125): Pin ~ALTERA_TCK~ is reserved at location G2
    Info (169125): Pin ~ALTERA_TDI~ is reserved at location L4
    Info (169125): Pin ~ALTERA_TDO~ is reserved at location M5
    Info (169125): Pin ~ALTERA_CONFIG_SEL~ is reserved at location H10
    Info (169125): Pin ~ALTERA_nCONFIG~ is reserved at location H9
    Info (169125): Pin ~ALTERA_nSTATUS~ is reserved at location G9
    Info (169125): Pin ~ALTERA_CONF_DONE~ is reserved at location F8
Info (169141): DATA[0] dual-purpose pin not reserved
Info (12825): Data[1]/ASDO dual-purpose pin not reserved
Info (12825): nCSO dual-purpose pin not reserved
Info (12825): DCLK dual-purpose pin not reserved
Warning (15714): Some pins have incomplete I/O assignments. Refer to the I/O Assignment Warnings report for details
Critical Warning (169085): No exact pin location assignment(s) for 388 pins of 388 total pins. For the list of pins please refer to the I/O Assignment Warnings table in the fitter report.
Error (169281): There are 259 IO input pads in the design, but only 246 IO input pad locations available on the device.
Info (171121): Fitter preparation operations ending: elapsed time is 00:00:01
Error (171000): Can't fit design in device
Warning (169069): Following 129 pins have nothing, GND, or VCC driving datain port -- changes to this connectivity may change fitting results
    Info (169070): Pin ciphertext[0] has GND driving its datain port File: C:/Projetos/AES-fpga-IC/ImplementacaoIterativa/aes_iterativo.vhd Line: 14
    Info (169070): Pin ciphertext[1] has GND driving its datain port File: C:/Projetos/AES-fpga-IC/ImplementacaoIterativa/aes_iterativo.vhd Line: 14
    Info (169070): Pin ciphertext[2] has GND driving its datain port File: C:/Projetos/AES-fpga-IC/ImplementacaoIterativa/aes_iterativo.vhd Line: 14
    Info (169070): Pin ciphertext[3] has GND driving its datain port File: C:/Projetos/AES-fpga-IC/ImplementacaoIterativa/aes_iterativo.vhd Line: 14
    Info (169070): Pin ciphertext[4] has GND driving its datain port File: C:/Projetos/AES-fpga-IC/ImplementacaoIterativa/aes_iterativo.vhd Line: 14
    Info (169070): Pin ciphertext[5] has GND driving its datain port File: C:/Projetos/AES-fpga-IC/ImplementacaoIterativa/aes_iterativo.vhd Line: 14
    Info (169070): Pin ciphertext[6] has GND driving its datain port File: C:/Projetos/AES-fpga-IC/ImplementacaoIterativa/aes_iterativo.vhd Line: 14
    Info (169070): Pin ciphertext[7] has GND driving its datain port File: C:/Projetos/AES-fpga-IC/ImplementacaoIterativa/aes_iterativo.vhd Line: 14
    Info (169070): Pin ciphertext[8] has GND driving its datain port File: C:/Projetos/AES-fpga-IC/ImplementacaoIterativa/aes_iterativo.vhd Line: 14
    Info (169070): Pin ciphertext[9] has GND driving its datain port File: C:/Projetos/AES-fpga-IC/ImplementacaoIterativa/aes_iterativo.vhd Line: 14
    Info (169070): Pin ciphertext[10] has GND driving its datain port File: C:/Projetos/AES-fpga-IC/ImplementacaoIterativa/aes_iterativo.vhd Line: 14
    Info (169070): Pin ciphertext[11] has GND driving its datain port File: C:/Projetos/AES-fpga-IC/ImplementacaoIterativa/aes_iterativo.vhd Line: 14
    Info (169070): Pin ciphertext[12] has GND driving its datain port File: C:/Projetos/AES-fpga-IC/ImplementacaoIterativa/aes_iterativo.vhd Line: 14
    Info (169070): Pin ciphertext[13] has GND driving its datain port File: C:/Projetos/AES-fpga-IC/ImplementacaoIterativa/aes_iterativo.vhd Line: 14
    Info (169070): Pin ciphertext[14] has GND driving its datain port File: C:/Projetos/AES-fpga-IC/ImplementacaoIterativa/aes_iterativo.vhd Line: 14
    Info (169070): Pin ciphertext[15] has GND driving its datain port File: C:/Projetos/AES-fpga-IC/ImplementacaoIterativa/aes_iterativo.vhd Line: 14
    Info (169070): Pin ciphertext[16] has GND driving its datain port File: C:/Projetos/AES-fpga-IC/ImplementacaoIterativa/aes_iterativo.vhd Line: 14
    Info (169070): Pin ciphertext[17] has GND driving its datain port File: C:/Projetos/AES-fpga-IC/ImplementacaoIterativa/aes_iterativo.vhd Line: 14
    Info (169070): Pin ciphertext[18] has GND driving its datain port File: C:/Projetos/AES-fpga-IC/ImplementacaoIterativa/aes_iterativo.vhd Line: 14
    Info (169070): Pin ciphertext[19] has GND driving its datain port File: C:/Projetos/AES-fpga-IC/ImplementacaoIterativa/aes_iterativo.vhd Line: 14
    Info (169070): Pin ciphertext[20] has GND driving its datain port File: C:/Projetos/AES-fpga-IC/ImplementacaoIterativa/aes_iterativo.vhd Line: 14
    Info (169070): Pin ciphertext[21] has GND driving its datain port File: C:/Projetos/AES-fpga-IC/ImplementacaoIterativa/aes_iterativo.vhd Line: 14
    Info (169070): Pin ciphertext[22] has GND driving its datain port File: C:/Projetos/AES-fpga-IC/ImplementacaoIterativa/aes_iterativo.vhd Line: 14
    Info (169070): Pin ciphertext[23] has GND driving its datain port File: C:/Projetos/AES-fpga-IC/ImplementacaoIterativa/aes_iterativo.vhd Line: 14
    Info (169070): Pin ciphertext[24] has GND driving its datain port File: C:/Projetos/AES-fpga-IC/ImplementacaoIterativa/aes_iterativo.vhd Line: 14
    Info (169070): Pin ciphertext[25] has GND driving its datain port File: C:/Projetos/AES-fpga-IC/ImplementacaoIterativa/aes_iterativo.vhd Line: 14
    Info (169070): Pin ciphertext[26] has GND driving its datain port File: C:/Projetos/AES-fpga-IC/ImplementacaoIterativa/aes_iterativo.vhd Line: 14
    Info (169070): Pin ciphertext[27] has GND driving its datain port File: C:/Projetos/AES-fpga-IC/ImplementacaoIterativa/aes_iterativo.vhd Line: 14
    Info (169070): Pin ciphertext[28] has GND driving its datain port File: C:/Projetos/AES-fpga-IC/ImplementacaoIterativa/aes_iterativo.vhd Line: 14
    Info (169070): Pin ciphertext[29] has GND driving its datain port File: C:/Projetos/AES-fpga-IC/ImplementacaoIterativa/aes_iterativo.vhd Line: 14
    Info (169070): Pin ciphertext[30] has GND driving its datain port File: C:/Projetos/AES-fpga-IC/ImplementacaoIterativa/aes_iterativo.vhd Line: 14
    Info (169070): Pin ciphertext[31] has GND driving its datain port File: C:/Projetos/AES-fpga-IC/ImplementacaoIterativa/aes_iterativo.vhd Line: 14
    Info (169070): Pin ciphertext[32] has GND driving its datain port File: C:/Projetos/AES-fpga-IC/ImplementacaoIterativa/aes_iterativo.vhd Line: 14
    Info (169070): Pin ciphertext[33] has GND driving its datain port File: C:/Projetos/AES-fpga-IC/ImplementacaoIterativa/aes_iterativo.vhd Line: 14
    Info (169070): Pin ciphertext[34] has GND driving its datain port File: C:/Projetos/AES-fpga-IC/ImplementacaoIterativa/aes_iterativo.vhd Line: 14
    Info (169070): Pin ciphertext[35] has GND driving its datain port File: C:/Projetos/AES-fpga-IC/ImplementacaoIterativa/aes_iterativo.vhd Line: 14
    Info (169070): Pin ciphertext[36] has GND driving its datain port File: C:/Projetos/AES-fpga-IC/ImplementacaoIterativa/aes_iterativo.vhd Line: 14
    Info (169070): Pin ciphertext[37] has GND driving its datain port File: C:/Projetos/AES-fpga-IC/ImplementacaoIterativa/aes_iterativo.vhd Line: 14
    Info (169070): Pin ciphertext[38] has GND driving its datain port File: C:/Projetos/AES-fpga-IC/ImplementacaoIterativa/aes_iterativo.vhd Line: 14
    Info (169070): Pin ciphertext[39] has GND driving its datain port File: C:/Projetos/AES-fpga-IC/ImplementacaoIterativa/aes_iterativo.vhd Line: 14
    Info (169070): Pin ciphertext[40] has GND driving its datain port File: C:/Projetos/AES-fpga-IC/ImplementacaoIterativa/aes_iterativo.vhd Line: 14
    Info (169070): Pin ciphertext[41] has GND driving its datain port File: C:/Projetos/AES-fpga-IC/ImplementacaoIterativa/aes_iterativo.vhd Line: 14
    Info (169070): Pin ciphertext[42] has GND driving its datain port File: C:/Projetos/AES-fpga-IC/ImplementacaoIterativa/aes_iterativo.vhd Line: 14
    Info (169070): Pin ciphertext[43] has GND driving its datain port File: C:/Projetos/AES-fpga-IC/ImplementacaoIterativa/aes_iterativo.vhd Line: 14
    Info (169070): Pin ciphertext[44] has GND driving its datain port File: C:/Projetos/AES-fpga-IC/ImplementacaoIterativa/aes_iterativo.vhd Line: 14
    Info (169070): Pin ciphertext[45] has GND driving its datain port File: C:/Projetos/AES-fpga-IC/ImplementacaoIterativa/aes_iterativo.vhd Line: 14
    Info (169070): Pin ciphertext[46] has GND driving its datain port File: C:/Projetos/AES-fpga-IC/ImplementacaoIterativa/aes_iterativo.vhd Line: 14
    Info (169070): Pin ciphertext[47] has GND driving its datain port File: C:/Projetos/AES-fpga-IC/ImplementacaoIterativa/aes_iterativo.vhd Line: 14
    Info (169070): Pin ciphertext[48] has GND driving its datain port File: C:/Projetos/AES-fpga-IC/ImplementacaoIterativa/aes_iterativo.vhd Line: 14
    Info (169070): Pin ciphertext[49] has GND driving its datain port File: C:/Projetos/AES-fpga-IC/ImplementacaoIterativa/aes_iterativo.vhd Line: 14
    Info (169070): Pin ciphertext[50] has GND driving its datain port File: C:/Projetos/AES-fpga-IC/ImplementacaoIterativa/aes_iterativo.vhd Line: 14
    Info (169070): Pin ciphertext[51] has GND driving its datain port File: C:/Projetos/AES-fpga-IC/ImplementacaoIterativa/aes_iterativo.vhd Line: 14
    Info (169070): Pin ciphertext[52] has GND driving its datain port File: C:/Projetos/AES-fpga-IC/ImplementacaoIterativa/aes_iterativo.vhd Line: 14
    Info (169070): Pin ciphertext[53] has GND driving its datain port File: C:/Projetos/AES-fpga-IC/ImplementacaoIterativa/aes_iterativo.vhd Line: 14
    Info (169070): Pin ciphertext[54] has GND driving its datain port File: C:/Projetos/AES-fpga-IC/ImplementacaoIterativa/aes_iterativo.vhd Line: 14
    Info (169070): Pin ciphertext[55] has GND driving its datain port File: C:/Projetos/AES-fpga-IC/ImplementacaoIterativa/aes_iterativo.vhd Line: 14
    Info (169070): Pin ciphertext[56] has GND driving its datain port File: C:/Projetos/AES-fpga-IC/ImplementacaoIterativa/aes_iterativo.vhd Line: 14
    Info (169070): Pin ciphertext[57] has GND driving its datain port File: C:/Projetos/AES-fpga-IC/ImplementacaoIterativa/aes_iterativo.vhd Line: 14
    Info (169070): Pin ciphertext[58] has GND driving its datain port File: C:/Projetos/AES-fpga-IC/ImplementacaoIterativa/aes_iterativo.vhd Line: 14
    Info (169070): Pin ciphertext[59] has GND driving its datain port File: C:/Projetos/AES-fpga-IC/ImplementacaoIterativa/aes_iterativo.vhd Line: 14
    Info (169070): Pin ciphertext[60] has GND driving its datain port File: C:/Projetos/AES-fpga-IC/ImplementacaoIterativa/aes_iterativo.vhd Line: 14
    Info (169070): Pin ciphertext[61] has GND driving its datain port File: C:/Projetos/AES-fpga-IC/ImplementacaoIterativa/aes_iterativo.vhd Line: 14
    Info (169070): Pin ciphertext[62] has GND driving its datain port File: C:/Projetos/AES-fpga-IC/ImplementacaoIterativa/aes_iterativo.vhd Line: 14
    Info (169070): Pin ciphertext[63] has GND driving its datain port File: C:/Projetos/AES-fpga-IC/ImplementacaoIterativa/aes_iterativo.vhd Line: 14
    Info (169070): Pin ciphertext[64] has GND driving its datain port File: C:/Projetos/AES-fpga-IC/ImplementacaoIterativa/aes_iterativo.vhd Line: 14
    Info (169070): Pin ciphertext[65] has GND driving its datain port File: C:/Projetos/AES-fpga-IC/ImplementacaoIterativa/aes_iterativo.vhd Line: 14
    Info (169070): Pin ciphertext[66] has GND driving its datain port File: C:/Projetos/AES-fpga-IC/ImplementacaoIterativa/aes_iterativo.vhd Line: 14
    Info (169070): Pin ciphertext[67] has GND driving its datain port File: C:/Projetos/AES-fpga-IC/ImplementacaoIterativa/aes_iterativo.vhd Line: 14
    Info (169070): Pin ciphertext[68] has GND driving its datain port File: C:/Projetos/AES-fpga-IC/ImplementacaoIterativa/aes_iterativo.vhd Line: 14
    Info (169070): Pin ciphertext[69] has GND driving its datain port File: C:/Projetos/AES-fpga-IC/ImplementacaoIterativa/aes_iterativo.vhd Line: 14
    Info (169070): Pin ciphertext[70] has GND driving its datain port File: C:/Projetos/AES-fpga-IC/ImplementacaoIterativa/aes_iterativo.vhd Line: 14
    Info (169070): Pin ciphertext[71] has GND driving its datain port File: C:/Projetos/AES-fpga-IC/ImplementacaoIterativa/aes_iterativo.vhd Line: 14
    Info (169070): Pin ciphertext[72] has GND driving its datain port File: C:/Projetos/AES-fpga-IC/ImplementacaoIterativa/aes_iterativo.vhd Line: 14
    Info (169070): Pin ciphertext[73] has GND driving its datain port File: C:/Projetos/AES-fpga-IC/ImplementacaoIterativa/aes_iterativo.vhd Line: 14
    Info (169070): Pin ciphertext[74] has GND driving its datain port File: C:/Projetos/AES-fpga-IC/ImplementacaoIterativa/aes_iterativo.vhd Line: 14
    Info (169070): Pin ciphertext[75] has GND driving its datain port File: C:/Projetos/AES-fpga-IC/ImplementacaoIterativa/aes_iterativo.vhd Line: 14
    Info (169070): Pin ciphertext[76] has GND driving its datain port File: C:/Projetos/AES-fpga-IC/ImplementacaoIterativa/aes_iterativo.vhd Line: 14
    Info (169070): Pin ciphertext[77] has GND driving its datain port File: C:/Projetos/AES-fpga-IC/ImplementacaoIterativa/aes_iterativo.vhd Line: 14
    Info (169070): Pin ciphertext[78] has GND driving its datain port File: C:/Projetos/AES-fpga-IC/ImplementacaoIterativa/aes_iterativo.vhd Line: 14
    Info (169070): Pin ciphertext[79] has GND driving its datain port File: C:/Projetos/AES-fpga-IC/ImplementacaoIterativa/aes_iterativo.vhd Line: 14
    Info (169070): Pin ciphertext[80] has GND driving its datain port File: C:/Projetos/AES-fpga-IC/ImplementacaoIterativa/aes_iterativo.vhd Line: 14
    Info (169070): Pin ciphertext[81] has GND driving its datain port File: C:/Projetos/AES-fpga-IC/ImplementacaoIterativa/aes_iterativo.vhd Line: 14
    Info (169070): Pin ciphertext[82] has GND driving its datain port File: C:/Projetos/AES-fpga-IC/ImplementacaoIterativa/aes_iterativo.vhd Line: 14
    Info (169070): Pin ciphertext[83] has GND driving its datain port File: C:/Projetos/AES-fpga-IC/ImplementacaoIterativa/aes_iterativo.vhd Line: 14
    Info (169070): Pin ciphertext[84] has GND driving its datain port File: C:/Projetos/AES-fpga-IC/ImplementacaoIterativa/aes_iterativo.vhd Line: 14
    Info (169070): Pin ciphertext[85] has GND driving its datain port File: C:/Projetos/AES-fpga-IC/ImplementacaoIterativa/aes_iterativo.vhd Line: 14
    Info (169070): Pin ciphertext[86] has GND driving its datain port File: C:/Projetos/AES-fpga-IC/ImplementacaoIterativa/aes_iterativo.vhd Line: 14
    Info (169070): Pin ciphertext[87] has GND driving its datain port File: C:/Projetos/AES-fpga-IC/ImplementacaoIterativa/aes_iterativo.vhd Line: 14
    Info (169070): Pin ciphertext[88] has GND driving its datain port File: C:/Projetos/AES-fpga-IC/ImplementacaoIterativa/aes_iterativo.vhd Line: 14
    Info (169070): Pin ciphertext[89] has GND driving its datain port File: C:/Projetos/AES-fpga-IC/ImplementacaoIterativa/aes_iterativo.vhd Line: 14
    Info (169070): Pin ciphertext[90] has GND driving its datain port File: C:/Projetos/AES-fpga-IC/ImplementacaoIterativa/aes_iterativo.vhd Line: 14
    Info (169070): Pin ciphertext[91] has GND driving its datain port File: C:/Projetos/AES-fpga-IC/ImplementacaoIterativa/aes_iterativo.vhd Line: 14
    Info (169070): Pin ciphertext[92] has GND driving its datain port File: C:/Projetos/AES-fpga-IC/ImplementacaoIterativa/aes_iterativo.vhd Line: 14
    Info (169070): Pin ciphertext[93] has GND driving its datain port File: C:/Projetos/AES-fpga-IC/ImplementacaoIterativa/aes_iterativo.vhd Line: 14
    Info (169070): Pin ciphertext[94] has GND driving its datain port File: C:/Projetos/AES-fpga-IC/ImplementacaoIterativa/aes_iterativo.vhd Line: 14
    Info (169070): Pin ciphertext[95] has GND driving its datain port File: C:/Projetos/AES-fpga-IC/ImplementacaoIterativa/aes_iterativo.vhd Line: 14
    Info (169070): Pin ciphertext[96] has GND driving its datain port File: C:/Projetos/AES-fpga-IC/ImplementacaoIterativa/aes_iterativo.vhd Line: 14
    Info (169070): Pin ciphertext[97] has GND driving its datain port File: C:/Projetos/AES-fpga-IC/ImplementacaoIterativa/aes_iterativo.vhd Line: 14
    Info (169070): Pin ciphertext[98] has GND driving its datain port File: C:/Projetos/AES-fpga-IC/ImplementacaoIterativa/aes_iterativo.vhd Line: 14
    Info (169070): Pin ciphertext[99] has GND driving its datain port File: C:/Projetos/AES-fpga-IC/ImplementacaoIterativa/aes_iterativo.vhd Line: 14
    Info (169070): Pin ciphertext[100] has GND driving its datain port File: C:/Projetos/AES-fpga-IC/ImplementacaoIterativa/aes_iterativo.vhd Line: 14
    Info (169070): Pin ciphertext[101] has GND driving its datain port File: C:/Projetos/AES-fpga-IC/ImplementacaoIterativa/aes_iterativo.vhd Line: 14
    Info (169070): Pin ciphertext[102] has GND driving its datain port File: C:/Projetos/AES-fpga-IC/ImplementacaoIterativa/aes_iterativo.vhd Line: 14
    Info (169070): Pin ciphertext[103] has GND driving its datain port File: C:/Projetos/AES-fpga-IC/ImplementacaoIterativa/aes_iterativo.vhd Line: 14
    Info (169070): Pin ciphertext[104] has GND driving its datain port File: C:/Projetos/AES-fpga-IC/ImplementacaoIterativa/aes_iterativo.vhd Line: 14
    Info (169070): Pin ciphertext[105] has GND driving its datain port File: C:/Projetos/AES-fpga-IC/ImplementacaoIterativa/aes_iterativo.vhd Line: 14
    Info (169070): Pin ciphertext[106] has GND driving its datain port File: C:/Projetos/AES-fpga-IC/ImplementacaoIterativa/aes_iterativo.vhd Line: 14
    Info (169070): Pin ciphertext[107] has GND driving its datain port File: C:/Projetos/AES-fpga-IC/ImplementacaoIterativa/aes_iterativo.vhd Line: 14
    Info (169070): Pin ciphertext[108] has GND driving its datain port File: C:/Projetos/AES-fpga-IC/ImplementacaoIterativa/aes_iterativo.vhd Line: 14
    Info (169070): Pin ciphertext[109] has GND driving its datain port File: C:/Projetos/AES-fpga-IC/ImplementacaoIterativa/aes_iterativo.vhd Line: 14
    Info (169070): Pin ciphertext[110] has GND driving its datain port File: C:/Projetos/AES-fpga-IC/ImplementacaoIterativa/aes_iterativo.vhd Line: 14
    Info (169070): Pin ciphertext[111] has GND driving its datain port File: C:/Projetos/AES-fpga-IC/ImplementacaoIterativa/aes_iterativo.vhd Line: 14
    Info (169070): Pin ciphertext[112] has GND driving its datain port File: C:/Projetos/AES-fpga-IC/ImplementacaoIterativa/aes_iterativo.vhd Line: 14
    Info (169070): Pin ciphertext[113] has GND driving its datain port File: C:/Projetos/AES-fpga-IC/ImplementacaoIterativa/aes_iterativo.vhd Line: 14
    Info (169070): Pin ciphertext[114] has GND driving its datain port File: C:/Projetos/AES-fpga-IC/ImplementacaoIterativa/aes_iterativo.vhd Line: 14
    Info (169070): Pin ciphertext[115] has GND driving its datain port File: C:/Projetos/AES-fpga-IC/ImplementacaoIterativa/aes_iterativo.vhd Line: 14
    Info (169070): Pin ciphertext[116] has GND driving its datain port File: C:/Projetos/AES-fpga-IC/ImplementacaoIterativa/aes_iterativo.vhd Line: 14
    Info (169070): Pin ciphertext[117] has GND driving its datain port File: C:/Projetos/AES-fpga-IC/ImplementacaoIterativa/aes_iterativo.vhd Line: 14
    Info (169070): Pin ciphertext[118] has GND driving its datain port File: C:/Projetos/AES-fpga-IC/ImplementacaoIterativa/aes_iterativo.vhd Line: 14
    Info (169070): Pin ciphertext[119] has GND driving its datain port File: C:/Projetos/AES-fpga-IC/ImplementacaoIterativa/aes_iterativo.vhd Line: 14
    Info (169070): Pin ciphertext[120] has GND driving its datain port File: C:/Projetos/AES-fpga-IC/ImplementacaoIterativa/aes_iterativo.vhd Line: 14
    Info (169070): Pin ciphertext[121] has GND driving its datain port File: C:/Projetos/AES-fpga-IC/ImplementacaoIterativa/aes_iterativo.vhd Line: 14
    Info (169070): Pin ciphertext[122] has GND driving its datain port File: C:/Projetos/AES-fpga-IC/ImplementacaoIterativa/aes_iterativo.vhd Line: 14
    Info (169070): Pin ciphertext[123] has GND driving its datain port File: C:/Projetos/AES-fpga-IC/ImplementacaoIterativa/aes_iterativo.vhd Line: 14
    Info (169070): Pin ciphertext[124] has GND driving its datain port File: C:/Projetos/AES-fpga-IC/ImplementacaoIterativa/aes_iterativo.vhd Line: 14
    Info (169070): Pin ciphertext[125] has GND driving its datain port File: C:/Projetos/AES-fpga-IC/ImplementacaoIterativa/aes_iterativo.vhd Line: 14
    Info (169070): Pin ciphertext[126] has GND driving its datain port File: C:/Projetos/AES-fpga-IC/ImplementacaoIterativa/aes_iterativo.vhd Line: 14
    Info (169070): Pin ciphertext[127] has GND driving its datain port File: C:/Projetos/AES-fpga-IC/ImplementacaoIterativa/aes_iterativo.vhd Line: 14
    Info (169070): Pin done has GND driving its datain port File: C:/Projetos/AES-fpga-IC/ImplementacaoIterativa/aes_iterativo.vhd Line: 15
Error: Quartus Prime Fitter was unsuccessful. 2 errors, 5 warnings
    Error: Peak virtual memory: 4945 megabytes
    Error: Processing ended: Sat Aug 15 20:55:08 2026
    Error: Elapsed time: 00:00:01
    Error: Total CPU time (on all processors): 00:00:01


